"","place_name","year","total_pop"
"1","Adak CDP, Alaska",1991,4665
"2","Adak CDP, Alaska",1992,4583
"3","Adak CDP, Alaska",1993,4017
"4","Adak CDP, Alaska",1994,627
"5","Adak CDP, Alaska",1995,601
"6","Adak CDP, Alaska",1996,546
"7","Adak CDP, Alaska",1997,0
"8","Adak CDP, Alaska",1998,7
"9","Adak CDP, Alaska",1999,106
"10","Adak CDP, Alaska",2000,316
"11","Adak CDP, Alaska",2001,143
"12","Adak CDP, Alaska",2002,148
"13","Adak CDP, Alaska",2003,62
"14","Adak CDP, Alaska",2004,56
"15","Adak CDP, Alaska",2005,126
"16","Adak CDP, Alaska",2006,105
"17","Adak CDP, Alaska",2007,95
"18","Adak CDP, Alaska",2008,119
"19","Adak CDP, Alaska",2009,105
"20","Adak CDP, Alaska",2010,326
"21","Adak CDP, Alaska",2011,331
"22","Adak CDP, Alaska",2012,321
"23","Adak CDP, Alaska",2013,282
"24","Adak CDP, Alaska",2014,247
"25","Adak CDP, Alaska",2015,355
"26","Adak CDP, Alaska",2016,340
"27","Adak CDP, Alaska",2017,344
"28","Adak CDP, Alaska",2018,332
"29","Adak CDP, Alaska",2019,342
"30","Adak CDP, Alaska",2020,171
"31","Akhiok city, Alaska",1991,85
"32","Akhiok city, Alaska",1992,89
"33","Akhiok city, Alaska",1993,85
"34","Akhiok city, Alaska",1994,84
"35","Akhiok city, Alaska",1995,81
"36","Akhiok city, Alaska",1996,84
"37","Akhiok city, Alaska",1997,100
"38","Akhiok city, Alaska",1998,110
"39","Akhiok city, Alaska",1999,101
"40","Akhiok city, Alaska",2000,80
"41","Akhiok city, Alaska",2001,59
"42","Akhiok city, Alaska",2002,52
"43","Akhiok city, Alaska",2003,55
"44","Akhiok city, Alaska",2004,63
"45","Akhiok city, Alaska",2005,48
"46","Akhiok city, Alaska",2006,48
"47","Akhiok city, Alaska",2007,43
"48","Akhiok city, Alaska",2008,58
"49","Akhiok city, Alaska",2009,64
"50","Akhiok city, Alaska",2010,71
"51","Akhiok city, Alaska",2011,81
"52","Akhiok city, Alaska",2012,87
"53","Akhiok city, Alaska",2013,85
"54","Akhiok city, Alaska",2014,81
"55","Akhiok city, Alaska",2015,90
"56","Akhiok city, Alaska",2016,99
"57","Akhiok city, Alaska",2017,88
"58","Akhiok city, Alaska",2018,81
"59","Akhiok city, Alaska",2019,69
"60","Akhiok city, Alaska",2020,63
"61","Akiachak CDP, Alaska",1991,487
"62","Akiachak CDP, Alaska",1992,511
"63","Akiachak CDP, Alaska",1993,525
"64","Akiachak CDP, Alaska",1994,527
"65","Akiachak CDP, Alaska",1995,547
"66","Akiachak CDP, Alaska",1996,549
"67","Akiachak CDP, Alaska",1997,554
"68","Akiachak CDP, Alaska",1998,567
"69","Akiachak CDP, Alaska",1999,560
"70","Akiachak CDP, Alaska",2000,585
"71","Akiachak CDP, Alaska",2001,594
"72","Akiachak CDP, Alaska",2002,619
"73","Akiachak CDP, Alaska",2003,625
"74","Akiachak CDP, Alaska",2004,609
"75","Akiachak CDP, Alaska",2005,632
"76","Akiachak CDP, Alaska",2006,619
"77","Akiachak CDP, Alaska",2007,609
"78","Akiachak CDP, Alaska",2008,636
"79","Akiachak CDP, Alaska",2009,624
"80","Akiachak CDP, Alaska",2010,627
"81","Akiachak CDP, Alaska",2011,657
"82","Akiachak CDP, Alaska",2012,663
"83","Akiachak CDP, Alaska",2013,674
"84","Akiachak CDP, Alaska",2014,671
"85","Akiachak CDP, Alaska",2015,674
"86","Akiachak CDP, Alaska",2016,675
"87","Akiachak CDP, Alaska",2017,683
"88","Akiachak CDP, Alaska",2018,675
"89","Akiachak CDP, Alaska",2019,684
"90","Akiachak CDP, Alaska",2020,677
"91","Akiak city, Alaska",1991,290
"92","Akiak city, Alaska",1992,313
"93","Akiak city, Alaska",1993,299
"94","Akiak city, Alaska",1994,307
"95","Akiak city, Alaska",1995,317
"96","Akiak city, Alaska",1996,327
"97","Akiak city, Alaska",1997,327
"98","Akiak city, Alaska",1998,319
"99","Akiak city, Alaska",1999,338
"100","Akiak city, Alaska",2000,309
"101","Akiak city, Alaska",2001,300
"102","Akiak city, Alaska",2002,343
"103","Akiak city, Alaska",2003,343
"104","Akiak city, Alaska",2004,365
"105","Akiak city, Alaska",2005,374
"106","Akiak city, Alaska",2006,359
"107","Akiak city, Alaska",2007,344
"108","Akiak city, Alaska",2008,334
"109","Akiak city, Alaska",2009,339
"110","Akiak city, Alaska",2010,346
"111","Akiak city, Alaska",2011,366
"112","Akiak city, Alaska",2012,361
"113","Akiak city, Alaska",2013,355
"114","Akiak city, Alaska",2014,389
"115","Akiak city, Alaska",2015,415
"116","Akiak city, Alaska",2016,432
"117","Akiak city, Alaska",2017,446
"118","Akiak city, Alaska",2018,466
"119","Akiak city, Alaska",2019,491
"120","Akiak city, Alaska",2020,462
"121","Akutan city, Alaska",1991,420
"122","Akutan city, Alaska",1992,419
"123","Akutan city, Alaska",1993,420
"124","Akutan city, Alaska",1994,420
"125","Akutan city, Alaska",1995,425
"126","Akutan city, Alaska",1996,418
"127","Akutan city, Alaska",1997,421
"128","Akutan city, Alaska",1998,406
"129","Akutan city, Alaska",1999,408
"130","Akutan city, Alaska",2000,713
"131","Akutan city, Alaska",2001,706
"132","Akutan city, Alaska",2002,739
"133","Akutan city, Alaska",2003,786
"134","Akutan city, Alaska",2004,767
"135","Akutan city, Alaska",2005,750
"136","Akutan city, Alaska",2006,727
"137","Akutan city, Alaska",2007,804
"138","Akutan city, Alaska",2008,757
"139","Akutan city, Alaska",2009,812
"140","Akutan city, Alaska",2010,1027
"141","Akutan city, Alaska",2011,1109
"142","Akutan city, Alaska",2012,1106
"143","Akutan city, Alaska",2013,1154
"144","Akutan city, Alaska",2014,1052
"145","Alakanuk city, Alaska",1991,568
"146","Alakanuk city, Alaska",1992,581
"147","Alakanuk city, Alaska",1993,593
"148","Alakanuk city, Alaska",1994,608
"149","Alakanuk city, Alaska",1995,601
"150","Alakanuk city, Alaska",1996,633
"151","Alakanuk city, Alaska",1997,648
"152","Alakanuk city, Alaska",1998,666
"153","Alakanuk city, Alaska",1999,658
"154","Alakanuk city, Alaska",2000,652
"155","Alakanuk city, Alaska",2001,653
"156","Alakanuk city, Alaska",2002,660
"157","Alakanuk city, Alaska",2003,664
"158","Alakanuk city, Alaska",2004,672
"159","Alakanuk city, Alaska",2005,681
"160","Alakanuk city, Alaska",2006,669
"161","Alakanuk city, Alaska",2007,685
"162","Alakanuk city, Alaska",2008,676
"163","Alakanuk city, Alaska",2009,695
"164","Alakanuk city, Alaska",2010,677
"165","Alakanuk city, Alaska",2011,686
"166","Alakanuk city, Alaska",2012,707
"167","Alakanuk city, Alaska",2013,703
"168","Alakanuk city, Alaska",2014,730
"169","Alakanuk city, Alaska",2015,718
"170","Alakanuk city, Alaska",2016,720
"171","Alakanuk city, Alaska",2017,720
"172","Alakanuk city, Alaska",2018,739
"173","Alakanuk city, Alaska",2019,717
"174","Alakanuk city, Alaska",2020,756
"175","Alatna CDP, Alaska",2000,35
"176","Alatna CDP, Alaska",2001,37
"177","Alatna CDP, Alaska",2002,37
"178","Alatna CDP, Alaska",2003,38
"179","Alatna CDP, Alaska",2004,35
"180","Alatna CDP, Alaska",2005,35
"181","Alatna CDP, Alaska",2006,40
"182","Alatna CDP, Alaska",2007,34
"183","Alatna CDP, Alaska",2008,33
"184","Alatna CDP, Alaska",2009,25
"185","Alatna CDP, Alaska",2010,37
"186","Alatna CDP, Alaska",2011,34
"187","Alatna CDP, Alaska",2012,27
"188","Alatna CDP, Alaska",2013,26
"189","Alatna CDP, Alaska",2014,21
"190","Alatna CDP, Alaska",2015,21
"191","Alatna CDP, Alaska",2016,25
"192","Alatna CDP, Alaska",2017,22
"193","Alatna CDP, Alaska",2018,23
"194","Alatna CDP, Alaska",2019,16
"195","Alatna CDP, Alaska",2020,15
"196","Alcan Border CDP, Alaska",1991,17
"197","Alcan Border CDP, Alaska",1992,20
"198","Alcan Border CDP, Alaska",1993,37
"199","Alcan Border CDP, Alaska",1994,26
"200","Alcan Border CDP, Alaska",1995,25
"201","Alcan Border CDP, Alaska",1996,22
"202","Alcan Border CDP, Alaska",1997,14
"203","Alcan Border CDP, Alaska",1998,15
"204","Alcan Border CDP, Alaska",1999,23
"205","Alcan Border CDP, Alaska",2000,21
"206","Alcan Border CDP, Alaska",2001,11
"207","Alcan Border CDP, Alaska",2002,11
"208","Alcan Border CDP, Alaska",2003,16
"209","Alcan Border CDP, Alaska",2004,21
"210","Alcan Border CDP, Alaska",2005,12
"211","Alcan Border CDP, Alaska",2006,13
"212","Alcan Border CDP, Alaska",2007,20
"213","Alcan Border CDP, Alaska",2008,13
"214","Alcan Border CDP, Alaska",2009,32
"215","Alcan Border CDP, Alaska",2010,33
"216","Alcan Border CDP, Alaska",2011,25
"217","Alcan Border CDP, Alaska",2012,15
"218","Alcan Border CDP, Alaska",2013,27
"219","Alcan Border CDP, Alaska",2014,26
"220","Alcan Border CDP, Alaska",2015,30
"221","Alcan Border CDP, Alaska",2016,29
"222","Alcan Border CDP, Alaska",2017,32
"223","Alcan Border CDP, Alaska",2018,28
"224","Alcan Border CDP, Alaska",2019,27
"225","Alcan Border CDP, Alaska",2020,36
"226","Aleknagik city, Alaska",1991,203
"227","Aleknagik city, Alaska",1992,192
"228","Aleknagik city, Alaska",1993,177
"229","Aleknagik city, Alaska",1994,167
"230","Aleknagik city, Alaska",1995,179
"231","Aleknagik city, Alaska",1996,187
"232","Aleknagik city, Alaska",1997,183
"233","Aleknagik city, Alaska",1998,202
"234","Aleknagik city, Alaska",1999,187
"235","Aleknagik city, Alaska",2000,223
"236","Aleknagik city, Alaska",2001,219
"237","Aleknagik city, Alaska",2002,217
"238","Aleknagik city, Alaska",2003,236
"239","Aleknagik city, Alaska",2004,229
"240","Aleknagik city, Alaska",2005,233
"241","Aleknagik city, Alaska",2006,235
"242","Aleknagik city, Alaska",2007,224
"243","Aleknagik city, Alaska",2008,241
"244","Aleknagik city, Alaska",2009,221
"245","Aleknagik city, Alaska",2010,219
"246","Aleknagik city, Alaska",2011,232
"247","Aleknagik city, Alaska",2012,204
"248","Aleknagik city, Alaska",2013,211
"249","Aleknagik city, Alaska",2014,197
"250","Aleknagik city, Alaska",2015,223
"251","Aleknagik city, Alaska",2016,230
"252","Aleknagik city, Alaska",2017,221
"253","Aleknagik city, Alaska",2018,213
"254","Aleknagik city, Alaska",2019,223
"255","Aleknagik city, Alaska",2020,211
"256","Aleneva CDP, Alaska",2000,68
"257","Aleneva CDP, Alaska",2001,83
"258","Aleneva CDP, Alaska",2002,86
"259","Aleneva CDP, Alaska",2003,50
"260","Aleneva CDP, Alaska",2004,35
"261","Aleneva CDP, Alaska",2005,35
"262","Aleneva CDP, Alaska",2006,33
"263","Aleneva CDP, Alaska",2007,42
"264","Aleneva CDP, Alaska",2008,37
"265","Aleneva CDP, Alaska",2009,42
"266","Aleneva CDP, Alaska",2010,37
"267","Aleneva CDP, Alaska",2011,46
"268","Aleneva CDP, Alaska",2012,37
"269","Aleneva CDP, Alaska",2013,44
"270","Aleneva CDP, Alaska",2014,21
"271","Aleneva CDP, Alaska",2015,18
"272","Aleneva CDP, Alaska",2016,16
"273","Aleneva CDP, Alaska",2017,18
"274","Aleneva CDP, Alaska",2018,11
"275","Aleneva CDP, Alaska",2019,5
"276","Aleneva CDP, Alaska",2020,5
"277","Allakaket city, Alaska",1991,171
"278","Allakaket city, Alaska",1992,172
"279","Allakaket city, Alaska",1993,170
"280","Allakaket city, Alaska",1994,170
"281","Allakaket city, Alaska",1995,146
"282","Allakaket city, Alaska",1996,176
"283","Allakaket city, Alaska",1997,182
"284","Allakaket city, Alaska",1998,175
"285","Allakaket city, Alaska",1999,187
"286","Allakaket city, Alaska",2000,97
"287","Allakaket city, Alaska",2001,100
"288","Allakaket city, Alaska",2002,92
"289","Allakaket city, Alaska",2003,97
"290","Allakaket city, Alaska",2004,94
"291","Allakaket city, Alaska",2005,96
"292","Allakaket city, Alaska",2006,95
"293","Allakaket city, Alaska",2007,96
"294","Allakaket city, Alaska",2008,100
"295","Allakaket city, Alaska",2009,105
"296","Allakaket city, Alaska",2010,105
"297","Allakaket city, Alaska",2011,104
"298","Allakaket city, Alaska",2012,106
"299","Allakaket city, Alaska",2013,112
"300","Allakaket city, Alaska",2014,111
"301","Allakaket city, Alaska",2015,183
"302","Allakaket city, Alaska",2016,176
"303","Allakaket city, Alaska",2017,180
"304","Allakaket city, Alaska",2018,181
"305","Allakaket city, Alaska",2019,182
"306","Allakaket city, Alaska",2020,177
"307","Ambler city, Alaska",1991,300
"308","Ambler city, Alaska",1992,309
"309","Ambler city, Alaska",1993,293
"310","Ambler city, Alaska",1994,332
"311","Ambler city, Alaska",1995,311
"312","Ambler city, Alaska",1996,303
"313","Ambler city, Alaska",1997,331
"314","Ambler city, Alaska",1998,313
"315","Ambler city, Alaska",1999,286
"316","Ambler city, Alaska",2000,309
"317","Ambler city, Alaska",2001,283
"318","Ambler city, Alaska",2002,294
"319","Ambler city, Alaska",2003,289
"320","Ambler city, Alaska",2004,274
"321","Ambler city, Alaska",2005,281
"322","Ambler city, Alaska",2006,274
"323","Ambler city, Alaska",2007,274
"324","Ambler city, Alaska",2008,255
"325","Ambler city, Alaska",2009,258
"326","Ambler city, Alaska",2010,258
"327","Ambler city, Alaska",2011,271
"328","Ambler city, Alaska",2012,271
"329","Ambler city, Alaska",2013,262
"330","Ambler city, Alaska",2014,274
"331","Ambler city, Alaska",2015,290
"332","Ambler city, Alaska",2016,275
"333","Ambler city, Alaska",2017,302
"334","Ambler city, Alaska",2018,305
"335","Ambler city, Alaska",2019,282
"336","Ambler city, Alaska",2020,274
"337","Anaktuvuk Pass city, Alaska",1991,270
"338","Anaktuvuk Pass city, Alaska",1992,271
"339","Anaktuvuk Pass city, Alaska",1993,295
"340","Anaktuvuk Pass city, Alaska",1994,286
"341","Anaktuvuk Pass city, Alaska",1995,278
"342","Anaktuvuk Pass city, Alaska",1996,306
"343","Anaktuvuk Pass city, Alaska",1997,299
"344","Anaktuvuk Pass city, Alaska",1998,309
"345","Anaktuvuk Pass city, Alaska",1999,314
"346","Anaktuvuk Pass city, Alaska",2000,282
"347","Anaktuvuk Pass city, Alaska",2001,302
"348","Anaktuvuk Pass city, Alaska",2002,308
"349","Anaktuvuk Pass city, Alaska",2003,326
"350","Anaktuvuk Pass city, Alaska",2004,311
"351","Anaktuvuk Pass city, Alaska",2005,321
"352","Anaktuvuk Pass city, Alaska",2006,314
"353","Anaktuvuk Pass city, Alaska",2007,293
"354","Anaktuvuk Pass city, Alaska",2008,303
"355","Anaktuvuk Pass city, Alaska",2009,309
"356","Anaktuvuk Pass city, Alaska",2010,324
"357","Anaktuvuk Pass city, Alaska",2011,324
"358","Anaktuvuk Pass city, Alaska",2012,344
"359","Anaktuvuk Pass city, Alaska",2013,358
"360","Anaktuvuk Pass city, Alaska",2014,324
"361","Anaktuvuk Pass city, Alaska",2015,395
"362","Anaktuvuk Pass city, Alaska",2016,384
"363","Anaktuvuk Pass city, Alaska",2017,408
"364","Anaktuvuk Pass city, Alaska",2018,433
"365","Anaktuvuk Pass city, Alaska",2019,401
"366","Anaktuvuk Pass city, Alaska",2020,425
"367","Anchor Point CDP, Alaska",1991,905
"368","Anchor Point CDP, Alaska",1992,986
"369","Anchor Point CDP, Alaska",1993,1045
"370","Anchor Point CDP, Alaska",1994,1062
"371","Anchor Point CDP, Alaska",1995,1090
"372","Anchor Point CDP, Alaska",1996,1106
"373","Anchor Point CDP, Alaska",1997,1131
"374","Anchor Point CDP, Alaska",1998,1207
"375","Anchor Point CDP, Alaska",1999,1227
"376","Anchor Point CDP, Alaska",2000,1845
"377","Anchor Point CDP, Alaska",2001,1821
"378","Anchor Point CDP, Alaska",2002,1796
"379","Anchor Point CDP, Alaska",2003,1846
"380","Anchor Point CDP, Alaska",2004,1876
"381","Anchor Point CDP, Alaska",2005,1809
"382","Anchor Point CDP, Alaska",2006,1857
"383","Anchor Point CDP, Alaska",2007,1854
"384","Anchor Point CDP, Alaska",2008,1879
"385","Anchor Point CDP, Alaska",2009,1861
"386","Anchor Point CDP, Alaska",2010,1930
"387","Anchor Point CDP, Alaska",2011,2001
"388","Anchor Point CDP, Alaska",2012,2007
"389","Anchor Point CDP, Alaska",2013,2038
"390","Anchor Point CDP, Alaska",2014,2059
"391","Anchorage municipality, Alaska",1991,235626
"392","Anchorage municipality, Alaska",1992,244111
"393","Anchorage municipality, Alaska",1993,249440
"394","Anchorage municipality, Alaska",1994,253503
"395","Anchorage municipality, Alaska",1995,252729
"396","Anchorage municipality, Alaska",1996,253234
"397","Anchorage municipality, Alaska",1997,254752
"398","Anchorage municipality, Alaska",1998,257260
"399","Anchorage municipality, Alaska",1999,259391
"400","Anchorage municipality, Alaska",2000,260283
"401","Anchorage municipality, Alaska",2001,264600
"402","Anchorage municipality, Alaska",2002,267339
"403","Anchorage municipality, Alaska",2003,272304
"404","Anchorage municipality, Alaska",2004,276865
"405","Anchorage municipality, Alaska",2005,277157
"406","Anchorage municipality, Alaska",2006,281831
"407","Anchorage municipality, Alaska",2007,281151
"408","Anchorage municipality, Alaska",2008,282871
"409","Anchorage municipality, Alaska",2009,289230
"410","Anchorage municipality, Alaska",2010,291826
"411","Anchorage municipality, Alaska",2011,296084
"412","Anchorage municipality, Alaska",2012,298842
"413","Anchorage municipality, Alaska",2013,300780
"414","Anchorage municipality, Alaska",2014,300549
"415","Anderson city, Alaska",1991,592
"416","Anderson city, Alaska",1992,563
"417","Anderson city, Alaska",1993,565
"418","Anderson city, Alaska",1994,572
"419","Anderson city, Alaska",1995,576
"420","Anderson city, Alaska",1996,589
"421","Anderson city, Alaska",1997,557
"422","Anderson city, Alaska",1998,526
"423","Anderson city, Alaska",1999,517
"424","Anderson city, Alaska",2000,367
"425","Anderson city, Alaska",2001,378
"426","Anderson city, Alaska",2002,367
"427","Anderson city, Alaska",2003,379
"428","Anderson city, Alaska",2004,344
"429","Anderson city, Alaska",2005,282
"430","Anderson city, Alaska",2006,280
"431","Anderson city, Alaska",2007,264
"432","Anderson city, Alaska",2008,257
"433","Anderson city, Alaska",2009,285
"434","Anderson city, Alaska",2010,246
"435","Anderson city, Alaska",2011,248
"436","Anderson city, Alaska",2012,240
"437","Anderson city, Alaska",2013,235
"438","Anderson city, Alaska",2014,209
"439","Anderson city, Alaska",2015,181
"440","Anderson city, Alaska",2016,253
"441","Anderson city, Alaska",2017,218
"442","Anderson city, Alaska",2018,208
"443","Anderson city, Alaska",2019,211
"444","Anderson city, Alaska",2020,177
"445","Angoon city, Alaska",1991,665
"446","Angoon city, Alaska",1992,636
"447","Angoon city, Alaska",1993,636
"448","Angoon city, Alaska",1994,610
"449","Angoon city, Alaska",1995,601
"450","Angoon city, Alaska",1996,605
"451","Angoon city, Alaska",1997,570
"452","Angoon city, Alaska",1998,586
"453","Angoon city, Alaska",1999,576
"454","Angoon city, Alaska",2000,572
"455","Angoon city, Alaska",2001,532
"456","Angoon city, Alaska",2002,520
"457","Angoon city, Alaska",2003,480
"458","Angoon city, Alaska",2004,464
"459","Angoon city, Alaska",2005,478
"460","Angoon city, Alaska",2006,467
"461","Angoon city, Alaska",2007,468
"462","Angoon city, Alaska",2008,431
"463","Angoon city, Alaska",2009,450
"464","Angoon city, Alaska",2010,459
"465","Angoon city, Alaska",2011,474
"466","Angoon city, Alaska",2012,456
"467","Angoon city, Alaska",2013,438
"468","Angoon city, Alaska",2014,416
"469","Angoon city, Alaska",2015,415
"470","Angoon city, Alaska",2016,394
"471","Angoon city, Alaska",2017,387
"472","Angoon city, Alaska",2018,388
"473","Angoon city, Alaska",2019,381
"474","Angoon city, Alaska",2020,357
"475","Aniak city, Alaska",1991,513
"476","Aniak city, Alaska",1992,544
"477","Aniak city, Alaska",1993,531
"478","Aniak city, Alaska",1994,534
"479","Aniak city, Alaska",1995,580
"480","Aniak city, Alaska",1996,591
"481","Aniak city, Alaska",1997,584
"482","Aniak city, Alaska",1998,569
"483","Aniak city, Alaska",1999,604
"484","Aniak city, Alaska",2000,572
"485","Aniak city, Alaska",2001,565
"486","Aniak city, Alaska",2002,542
"487","Aniak city, Alaska",2003,544
"488","Aniak city, Alaska",2004,538
"489","Aniak city, Alaska",2005,532
"490","Aniak city, Alaska",2006,521
"491","Aniak city, Alaska",2007,512
"492","Aniak city, Alaska",2008,498
"493","Aniak city, Alaska",2009,494
"494","Aniak city, Alaska",2010,501
"495","Aniak city, Alaska",2011,527
"496","Aniak city, Alaska",2012,541
"497","Aniak city, Alaska",2013,545
"498","Aniak city, Alaska",2014,533
"499","Aniak city, Alaska",2015,539
"500","Aniak city, Alaska",2016,525
"501","Aniak city, Alaska",2017,507
"502","Aniak city, Alaska",2018,492
"503","Aniak city, Alaska",2019,488
"504","Aniak city, Alaska",2020,507
"505","Anvik city, Alaska",1991,81
"506","Anvik city, Alaska",1992,85
"507","Anvik city, Alaska",1993,90
"508","Anvik city, Alaska",1994,98
"509","Anvik city, Alaska",1995,87
"510","Anvik city, Alaska",1996,90
"511","Anvik city, Alaska",1997,84
"512","Anvik city, Alaska",1998,99
"513","Anvik city, Alaska",1999,93
"514","Anvik city, Alaska",2000,104
"515","Anvik city, Alaska",2001,102
"516","Anvik city, Alaska",2002,106
"517","Anvik city, Alaska",2003,104
"518","Anvik city, Alaska",2004,99
"519","Anvik city, Alaska",2005,97
"520","Anvik city, Alaska",2006,86
"521","Anvik city, Alaska",2007,99
"522","Anvik city, Alaska",2008,81
"523","Anvik city, Alaska",2009,72
"524","Anvik city, Alaska",2010,85
"525","Anvik city, Alaska",2011,79
"526","Anvik city, Alaska",2012,85
"527","Anvik city, Alaska",2013,80
"528","Anvik city, Alaska",2014,79
"529","Anvik city, Alaska",2015,73
"530","Anvik city, Alaska",2016,72
"531","Anvik city, Alaska",2017,78
"532","Anvik city, Alaska",2018,74
"533","Anvik city, Alaska",2019,69
"534","Anvik city, Alaska",2020,70
"535","Arctic Village CDP, Alaska",1991,106
"536","Arctic Village CDP, Alaska",1992,99
"537","Arctic Village CDP, Alaska",1993,106
"538","Arctic Village CDP, Alaska",1994,122
"539","Arctic Village CDP, Alaska",1995,133
"540","Arctic Village CDP, Alaska",1996,121
"541","Arctic Village CDP, Alaska",1997,123
"542","Arctic Village CDP, Alaska",1998,117
"543","Arctic Village CDP, Alaska",1999,138
"544","Arctic Village CDP, Alaska",2000,152
"545","Arctic Village CDP, Alaska",2001,161
"546","Arctic Village CDP, Alaska",2002,172
"547","Arctic Village CDP, Alaska",2003,167
"548","Arctic Village CDP, Alaska",2004,152
"549","Arctic Village CDP, Alaska",2005,156
"550","Arctic Village CDP, Alaska",2006,154
"551","Arctic Village CDP, Alaska",2007,165
"552","Arctic Village CDP, Alaska",2008,169
"553","Arctic Village CDP, Alaska",2009,150
"554","Arctic Village CDP, Alaska",2010,152
"555","Arctic Village CDP, Alaska",2011,167
"556","Arctic Village CDP, Alaska",2012,178
"557","Arctic Village CDP, Alaska",2013,175
"558","Arctic Village CDP, Alaska",2014,192
"559","Arctic Village CDP, Alaska",2015,157
"560","Arctic Village CDP, Alaska",2016,153
"561","Arctic Village CDP, Alaska",2017,158
"562","Arctic Village CDP, Alaska",2018,156
"563","Arctic Village CDP, Alaska",2019,151
"564","Arctic Village CDP, Alaska",2020,151
"565","Atka city, Alaska",1991,103
"566","Atka city, Alaska",1992,100
"567","Atka city, Alaska",1993,100
"568","Atka city, Alaska",1994,89
"569","Atka city, Alaska",1995,102
"570","Atka city, Alaska",1996,107
"571","Atka city, Alaska",1997,109
"572","Atka city, Alaska",1998,115
"573","Atka city, Alaska",1999,105
"574","Atka city, Alaska",2000,92
"575","Atka city, Alaska",2001,90
"576","Atka city, Alaska",2002,99
"577","Atka city, Alaska",2003,89
"578","Atka city, Alaska",2004,86
"579","Atka city, Alaska",2005,82
"580","Atka city, Alaska",2006,66
"581","Atka city, Alaska",2007,67
"582","Atka city, Alaska",2008,66
"583","Atka city, Alaska",2009,63
"584","Atka city, Alaska",2010,61
"585","Atka city, Alaska",2011,57
"586","Atka city, Alaska",2012,59
"587","Atka city, Alaska",2013,67
"588","Atka city, Alaska",2014,70
"589","Atka city, Alaska",2015,71
"590","Atka city, Alaska",2016,70
"591","Atka city, Alaska",2017,59
"592","Atka city, Alaska",2018,52
"593","Atka city, Alaska",2019,56
"594","Atka city, Alaska",2020,53
"595","Atmautluak CDP, Alaska",1991,284
"596","Atmautluak CDP, Alaska",1992,263
"597","Atmautluak CDP, Alaska",1993,275
"598","Atmautluak CDP, Alaska",1994,278
"599","Atmautluak CDP, Alaska",1995,280
"600","Atmautluak CDP, Alaska",1996,305
"601","Atmautluak CDP, Alaska",1997,291
"602","Atmautluak CDP, Alaska",1998,288
"603","Atmautluak CDP, Alaska",1999,296
"604","Atmautluak CDP, Alaska",2000,294
"605","Atmautluak CDP, Alaska",2001,298
"606","Atmautluak CDP, Alaska",2002,284
"607","Atmautluak CDP, Alaska",2003,270
"608","Atmautluak CDP, Alaska",2004,273
"609","Atmautluak CDP, Alaska",2005,287
"610","Atmautluak CDP, Alaska",2006,277
"611","Atmautluak CDP, Alaska",2007,282
"612","Atmautluak CDP, Alaska",2008,280
"613","Atmautluak CDP, Alaska",2009,269
"614","Atmautluak CDP, Alaska",2010,277
"615","Atmautluak CDP, Alaska",2011,275
"616","Atmautluak CDP, Alaska",2012,302
"617","Atmautluak CDP, Alaska",2013,304
"618","Atmautluak CDP, Alaska",2014,319
"619","Atmautluak CDP, Alaska",2015,335
"620","Atmautluak CDP, Alaska",2016,334
"621","Atmautluak CDP, Alaska",2017,333
"622","Atmautluak CDP, Alaska",2018,352
"623","Atmautluak CDP, Alaska",2019,368
"624","Atmautluak CDP, Alaska",2020,386
"625","Atqasuk city, Alaska",1991,212
"626","Atqasuk city, Alaska",1992,217
"627","Atqasuk city, Alaska",1993,232
"628","Atqasuk city, Alaska",1994,224
"629","Atqasuk city, Alaska",1995,230
"630","Atqasuk city, Alaska",1996,225
"631","Atqasuk city, Alaska",1997,238
"632","Atqasuk city, Alaska",1998,259
"633","Atqasuk city, Alaska",1999,274
"634","Atqasuk city, Alaska",2000,228
"635","Atqasuk city, Alaska",2001,236
"636","Atqasuk city, Alaska",2002,234
"637","Atqasuk city, Alaska",2003,232
"638","Atqasuk city, Alaska",2004,224
"639","Atqasuk city, Alaska",2005,233
"640","Atqasuk city, Alaska",2006,245
"641","Atqasuk city, Alaska",2007,231
"642","Atqasuk city, Alaska",2008,229
"643","Atqasuk city, Alaska",2009,212
"644","Atqasuk city, Alaska",2010,233
"645","Atqasuk city, Alaska",2011,243
"646","Atqasuk city, Alaska",2012,235
"647","Atqasuk city, Alaska",2013,248
"648","Atqasuk city, Alaska",2014,229
"649","Atqasuk city, Alaska",2015,277
"650","Atqasuk city, Alaska",2016,247
"651","Atqasuk city, Alaska",2017,267
"652","Atqasuk city, Alaska",2018,284
"653","Atqasuk city, Alaska",2019,286
"654","Atqasuk city, Alaska",2020,276
"655","Attu Station CDP, Alaska",2000,20
"656","Attu Station CDP, Alaska",2001,25
"657","Attu Station CDP, Alaska",2002,25
"658","Attu Station CDP, Alaska",2003,26
"659","Attu Station CDP, Alaska",2004,19
"660","Attu Station CDP, Alaska",2005,19
"661","Attu Station CDP, Alaska",2006,19
"662","Attu Station CDP, Alaska",2007,19
"663","Attu Station CDP, Alaska",2008,19
"664","Attu Station CDP, Alaska",2009,19
"665","Attu Station CDP, Alaska",2010,21
"666","Attu Station CDP, Alaska",2011,0
"667","Attu Station CDP, Alaska",2012,0
"668","Attu Station CDP, Alaska",2013,0
"669","Attu Station CDP, Alaska",2014,0
"670","Attu Station CDP, Alaska",2015,0
"671","Attu Station CDP, Alaska",2016,0
"672","Attu Station CDP, Alaska",2017,0
"673","Attu Station CDP, Alaska",2018,0
"674","Attu Station CDP, Alaska",2019,0
"675","Attu Station CDP, Alaska",2020,0
"676","Badger CDP, Alaska",2010,19482
"677","Badger CDP, Alaska",2011,19874
"678","Badger CDP, Alaska",2012,19935
"679","Badger CDP, Alaska",2013,19475
"680","Badger CDP, Alaska",2014,19100
"681","Barrow city, Alaska",1991,3606
"682","Barrow city, Alaska",1992,3799
"683","Barrow city, Alaska",1993,3938
"684","Barrow city, Alaska",1994,4084
"685","Barrow city, Alaska",1995,4178
"686","Barrow city, Alaska",1996,4253
"687","Barrow city, Alaska",1997,4359
"688","Barrow city, Alaska",1998,4374
"689","Barrow city, Alaska",1999,4438
"690","Barrow city, Alaska",2000,4581
"691","Barrow city, Alaska",2001,4450
"692","Barrow city, Alaska",2002,4449
"693","Barrow city, Alaska",2003,4428
"694","Barrow city, Alaska",2004,4388
"695","Barrow city, Alaska",2005,4201
"696","Barrow city, Alaska",2006,4095
"697","Barrow city, Alaska",2007,4067
"698","Barrow city, Alaska",2008,4082
"699","Barrow city, Alaska",2009,4171
"700","Barrow city, Alaska",2010,4212
"701","Barrow city, Alaska",2011,4324
"702","Barrow city, Alaska",2012,4445
"703","Barrow city, Alaska",2013,4509
"704","Barrow city, Alaska",2014,4469
"705","Bear Creek CDP, Alaska",2000,1748
"706","Bear Creek CDP, Alaska",2001,1824
"707","Bear Creek CDP, Alaska",2002,1805
"708","Bear Creek CDP, Alaska",2003,1802
"709","Bear Creek CDP, Alaska",2004,1865
"710","Bear Creek CDP, Alaska",2005,1851
"711","Bear Creek CDP, Alaska",2006,1882
"712","Bear Creek CDP, Alaska",2007,1873
"713","Bear Creek CDP, Alaska",2008,1933
"714","Bear Creek CDP, Alaska",2009,1909
"715","Bear Creek CDP, Alaska",2010,1956
"716","Bear Creek CDP, Alaska",2011,1982
"717","Bear Creek CDP, Alaska",2012,1997
"718","Bear Creek CDP, Alaska",2013,2009
"719","Bear Creek CDP, Alaska",2014,1985
"720","Beaver CDP, Alaska",1991,102
"721","Beaver CDP, Alaska",1992,100
"722","Beaver CDP, Alaska",1993,125
"723","Beaver CDP, Alaska",1994,114
"724","Beaver CDP, Alaska",1995,101
"725","Beaver CDP, Alaska",1996,109
"726","Beaver CDP, Alaska",1997,117
"727","Beaver CDP, Alaska",1998,126
"728","Beaver CDP, Alaska",1999,126
"729","Beaver CDP, Alaska",2000,84
"730","Beaver CDP, Alaska",2001,83
"731","Beaver CDP, Alaska",2002,80
"732","Beaver CDP, Alaska",2003,68
"733","Beaver CDP, Alaska",2004,75
"734","Beaver CDP, Alaska",2005,73
"735","Beaver CDP, Alaska",2006,84
"736","Beaver CDP, Alaska",2007,77
"737","Beaver CDP, Alaska",2008,79
"738","Beaver CDP, Alaska",2009,73
"739","Beaver CDP, Alaska",2010,84
"740","Beaver CDP, Alaska",2011,77
"741","Beaver CDP, Alaska",2012,87
"742","Beaver CDP, Alaska",2013,77
"743","Beaver CDP, Alaska",2014,58
"744","Beaver CDP, Alaska",2015,67
"745","Beaver CDP, Alaska",2016,63
"746","Beaver CDP, Alaska",2017,57
"747","Beaver CDP, Alaska",2018,66
"748","Beaver CDP, Alaska",2019,60
"749","Beaver CDP, Alaska",2020,48
"750","Beluga CDP, Alaska",2000,32
"751","Beluga CDP, Alaska",2001,24
"752","Beluga CDP, Alaska",2002,24
"753","Beluga CDP, Alaska",2003,26
"754","Beluga CDP, Alaska",2004,25
"755","Beluga CDP, Alaska",2005,20
"756","Beluga CDP, Alaska",2006,20
"757","Beluga CDP, Alaska",2007,18
"758","Beluga CDP, Alaska",2008,23
"759","Beluga CDP, Alaska",2009,22
"760","Beluga CDP, Alaska",2010,20
"761","Beluga CDP, Alaska",2011,19
"762","Beluga CDP, Alaska",2012,16
"763","Beluga CDP, Alaska",2013,16
"764","Beluga CDP, Alaska",2014,17
"765","Beluga CDP, Alaska",2015,19
"766","Beluga CDP, Alaska",2016,20
"767","Beluga CDP, Alaska",2017,18
"768","Beluga CDP, Alaska",2018,18
"769","Beluga CDP, Alaska",2019,19
"770","Beluga CDP, Alaska",2020,34
"771","Bethel city, Alaska",1991,4753
"772","Bethel city, Alaska",1992,4817
"773","Bethel city, Alaska",1993,4957
"774","Bethel city, Alaska",1994,5046
"775","Bethel city, Alaska",1995,5071
"776","Bethel city, Alaska",1996,5077
"777","Bethel city, Alaska",1997,5297
"778","Bethel city, Alaska",1998,5446
"779","Bethel city, Alaska",1999,5471
"780","Bethel city, Alaska",2000,5471
"781","Bethel city, Alaska",2001,5482
"782","Bethel city, Alaska",2002,5774
"783","Bethel city, Alaska",2003,5934
"784","Bethel city, Alaska",2004,5938
"785","Bethel city, Alaska",2005,6046
"786","Bethel city, Alaska",2006,5908
"787","Bethel city, Alaska",2007,5747
"788","Bethel city, Alaska",2008,5776
"789","Bethel city, Alaska",2009,5966
"790","Bethel city, Alaska",2010,6080
"791","Bethel city, Alaska",2011,6187
"792","Bethel city, Alaska",2012,6113
"793","Bethel city, Alaska",2013,6271
"794","Bethel city, Alaska",2014,6241
"795","Bettles city, Alaska",1991,28
"796","Bettles city, Alaska",1992,26
"797","Bettles city, Alaska",1993,26
"798","Bettles city, Alaska",1994,29
"799","Bettles city, Alaska",1995,31
"800","Bettles city, Alaska",1996,27
"801","Bettles city, Alaska",1997,23
"802","Bettles city, Alaska",1998,26
"803","Bettles city, Alaska",1999,26
"804","Bettles city, Alaska",2000,43
"805","Bettles city, Alaska",2001,39
"806","Bettles city, Alaska",2002,28
"807","Bettles city, Alaska",2003,28
"808","Bettles city, Alaska",2004,25
"809","Bettles city, Alaska",2005,24
"810","Bettles city, Alaska",2006,19
"811","Bettles city, Alaska",2007,21
"812","Bettles city, Alaska",2008,16
"813","Bettles city, Alaska",2009,13
"814","Bettles city, Alaska",2010,12
"815","Bettles city, Alaska",2011,14
"816","Bettles city, Alaska",2012,15
"817","Bettles city, Alaska",2013,13
"818","Bettles city, Alaska",2014,13
"819","Bettles city, Alaska",2015,14
"820","Bettles city, Alaska",2016,13
"821","Bettles city, Alaska",2017,13
"822","Bettles city, Alaska",2018,16
"823","Bettles city, Alaska",2019,11
"824","Bettles city, Alaska",2020,23
"825","Big Delta CDP, Alaska",1991,417
"826","Big Delta CDP, Alaska",1992,443
"827","Big Delta CDP, Alaska",1993,455
"828","Big Delta CDP, Alaska",1994,482
"829","Big Delta CDP, Alaska",1995,496
"830","Big Delta CDP, Alaska",1996,492
"831","Big Delta CDP, Alaska",1997,500
"832","Big Delta CDP, Alaska",1998,515
"833","Big Delta CDP, Alaska",1999,511
"834","Big Delta CDP, Alaska",2000,599
"835","Big Delta CDP, Alaska",2001,643
"836","Big Delta CDP, Alaska",2002,643
"837","Big Delta CDP, Alaska",2003,604
"838","Big Delta CDP, Alaska",2004,616
"839","Big Delta CDP, Alaska",2005,617
"840","Big Delta CDP, Alaska",2006,608
"841","Big Delta CDP, Alaska",2007,719
"842","Big Delta CDP, Alaska",2008,724
"843","Big Delta CDP, Alaska",2009,744
"844","Big Delta CDP, Alaska",2010,591
"845","Big Delta CDP, Alaska",2011,581
"846","Big Delta CDP, Alaska",2012,587
"847","Big Delta CDP, Alaska",2013,549
"848","Big Delta CDP, Alaska",2014,534
"849","Big Delta CDP, Alaska",2015,477
"850","Big Delta CDP, Alaska",2016,458
"851","Big Delta CDP, Alaska",2017,494
"852","Big Delta CDP, Alaska",2018,487
"853","Big Delta CDP, Alaska",2019,460
"854","Big Delta CDP, Alaska",2020,444
"855","Big Lake CDP, Alaska",1991,1570
"856","Big Lake CDP, Alaska",1992,1753
"857","Big Lake CDP, Alaska",1993,1732
"858","Big Lake CDP, Alaska",1994,1858
"859","Big Lake CDP, Alaska",1995,2044
"860","Big Lake CDP, Alaska",1996,2120
"861","Big Lake CDP, Alaska",1997,2229
"862","Big Lake CDP, Alaska",1998,2195
"863","Big Lake CDP, Alaska",1999,2162
"864","Big Lake CDP, Alaska",2000,2435
"865","Big Lake CDP, Alaska",2001,2442
"866","Big Lake CDP, Alaska",2002,2549
"867","Big Lake CDP, Alaska",2003,2744
"868","Big Lake CDP, Alaska",2004,2805
"869","Big Lake CDP, Alaska",2005,2882
"870","Big Lake CDP, Alaska",2006,3001
"871","Big Lake CDP, Alaska",2007,3090
"872","Big Lake CDP, Alaska",2008,3162
"873","Big Lake CDP, Alaska",2009,3332
"874","Big Lake CDP, Alaska",2010,3350
"875","Big Lake CDP, Alaska",2011,3381
"876","Big Lake CDP, Alaska",2012,3502
"877","Big Lake CDP, Alaska",2013,3585
"878","Big Lake CDP, Alaska",2014,3575
"879","Birch Creek CDP, Alaska",1991,39
"880","Birch Creek CDP, Alaska",1992,40
"881","Birch Creek CDP, Alaska",1993,37
"882","Birch Creek CDP, Alaska",1994,38
"883","Birch Creek CDP, Alaska",1995,36
"884","Birch Creek CDP, Alaska",1996,40
"885","Birch Creek CDP, Alaska",1997,39
"886","Birch Creek CDP, Alaska",1998,35
"887","Birch Creek CDP, Alaska",1999,35
"888","Birch Creek CDP, Alaska",2000,28
"889","Birch Creek CDP, Alaska",2001,37
"890","Birch Creek CDP, Alaska",2002,40
"891","Birch Creek CDP, Alaska",2003,35
"892","Birch Creek CDP, Alaska",2004,48
"893","Birch Creek CDP, Alaska",2005,38
"894","Birch Creek CDP, Alaska",2006,35
"895","Birch Creek CDP, Alaska",2007,33
"896","Birch Creek CDP, Alaska",2008,28
"897","Birch Creek CDP, Alaska",2009,39
"898","Birch Creek CDP, Alaska",2010,33
"899","Birch Creek CDP, Alaska",2011,29
"900","Birch Creek CDP, Alaska",2012,31
"901","Birch Creek CDP, Alaska",2013,24
"902","Birch Creek CDP, Alaska",2014,22
"903","Birch Creek CDP, Alaska",2015,36
"904","Birch Creek CDP, Alaska",2016,30
"905","Birch Creek CDP, Alaska",2017,30
"906","Birch Creek CDP, Alaska",2018,27
"907","Birch Creek CDP, Alaska",2019,43
"908","Birch Creek CDP, Alaska",2020,35
"909","Brevig Mission city, Alaska",1991,220
"910","Brevig Mission city, Alaska",1992,229
"911","Brevig Mission city, Alaska",1993,243
"912","Brevig Mission city, Alaska",1994,258
"913","Brevig Mission city, Alaska",1995,264
"914","Brevig Mission city, Alaska",1996,263
"915","Brevig Mission city, Alaska",1997,259
"916","Brevig Mission city, Alaska",1998,273
"917","Brevig Mission city, Alaska",1999,279
"918","Brevig Mission city, Alaska",2000,276
"919","Brevig Mission city, Alaska",2001,285
"920","Brevig Mission city, Alaska",2002,308
"921","Brevig Mission city, Alaska",2003,313
"922","Brevig Mission city, Alaska",2004,319
"923","Brevig Mission city, Alaska",2005,328
"924","Brevig Mission city, Alaska",2006,325
"925","Brevig Mission city, Alaska",2007,327
"926","Brevig Mission city, Alaska",2008,349
"927","Brevig Mission city, Alaska",2009,358
"928","Brevig Mission city, Alaska",2010,388
"929","Brevig Mission city, Alaska",2011,411
"930","Brevig Mission city, Alaska",2012,417
"931","Brevig Mission city, Alaska",2013,445
"932","Brevig Mission city, Alaska",2014,411
"933","Brevig Mission city, Alaska",2015,414
"934","Brevig Mission city, Alaska",2016,416
"935","Brevig Mission city, Alaska",2017,423
"936","Brevig Mission city, Alaska",2018,457
"937","Brevig Mission city, Alaska",2019,448
"938","Brevig Mission city, Alaska",2020,428
"939","Buckland city, Alaska",1991,349
"940","Buckland city, Alaska",1992,371
"941","Buckland city, Alaska",1993,386
"942","Buckland city, Alaska",1994,386
"943","Buckland city, Alaska",1995,409
"944","Buckland city, Alaska",1996,411
"945","Buckland city, Alaska",1997,415
"946","Buckland city, Alaska",1998,406
"947","Buckland city, Alaska",1999,428
"948","Buckland city, Alaska",2000,406
"949","Buckland city, Alaska",2001,399
"950","Buckland city, Alaska",2002,416
"951","Buckland city, Alaska",2003,395
"952","Buckland city, Alaska",2004,418
"953","Buckland city, Alaska",2005,410
"954","Buckland city, Alaska",2006,390
"955","Buckland city, Alaska",2007,424
"956","Buckland city, Alaska",2008,418
"957","Buckland city, Alaska",2009,392
"958","Buckland city, Alaska",2010,416
"959","Buckland city, Alaska",2011,439
"960","Buckland city, Alaska",2012,453
"961","Buckland city, Alaska",2013,487
"962","Buckland city, Alaska",2014,482
"963","Buckland city, Alaska",2015,510
"964","Buckland city, Alaska",2016,568
"965","Buckland city, Alaska",2017,584
"966","Buckland city, Alaska",2018,590
"967","Buckland city, Alaska",2019,599
"968","Buckland city, Alaska",2020,550
"969","Buffalo Soapstone CDP, Alaska",2000,761
"970","Buffalo Soapstone CDP, Alaska",2001,786
"971","Buffalo Soapstone CDP, Alaska",2002,794
"972","Buffalo Soapstone CDP, Alaska",2003,802
"973","Buffalo Soapstone CDP, Alaska",2004,806
"974","Buffalo Soapstone CDP, Alaska",2005,825
"975","Buffalo Soapstone CDP, Alaska",2006,829
"976","Buffalo Soapstone CDP, Alaska",2007,843
"977","Buffalo Soapstone CDP, Alaska",2008,831
"978","Buffalo Soapstone CDP, Alaska",2009,806
"979","Buffalo Soapstone CDP, Alaska",2010,855
"980","Buffalo Soapstone CDP, Alaska",2011,876
"981","Buffalo Soapstone CDP, Alaska",2012,872
"982","Buffalo Soapstone CDP, Alaska",2013,869
"983","Buffalo Soapstone CDP, Alaska",2014,876
"984","Buffalo Soapstone CDP, Alaska",2015,903
"985","Buffalo Soapstone CDP, Alaska",2016,974
"986","Buffalo Soapstone CDP, Alaska",2017,991
"987","Buffalo Soapstone CDP, Alaska",2019,995
"988","Butte CDP, Alaska",1991,2111
"989","Butte CDP, Alaska",1992,2206
"990","Butte CDP, Alaska",1993,2408
"991","Butte CDP, Alaska",1994,2310
"992","Butte CDP, Alaska",1995,2385
"993","Butte CDP, Alaska",1996,2447
"994","Butte CDP, Alaska",1997,2536
"995","Butte CDP, Alaska",1998,2653
"996","Butte CDP, Alaska",1999,2699
"997","Butte CDP, Alaska",2000,2561
"998","Butte CDP, Alaska",2001,2731
"999","Butte CDP, Alaska",2002,2773
"1000","Butte CDP, Alaska",2003,2903
"1001","Butte CDP, Alaska",2004,2951
"1002","Butte CDP, Alaska",2005,3082
"1003","Butte CDP, Alaska",2006,3161
"1004","Butte CDP, Alaska",2007,3150
"1005","Butte CDP, Alaska",2008,3166
"1006","Butte CDP, Alaska",2009,3198
"1007","Butte CDP, Alaska",2010,3246
"1008","Butte CDP, Alaska",2011,3278
"1009","Butte CDP, Alaska",2012,3414
"1010","Butte CDP, Alaska",2013,3409
"1011","Butte CDP, Alaska",2014,3418
"1012","Cantwell CDP, Alaska",1991,144
"1013","Cantwell CDP, Alaska",1992,143
"1014","Cantwell CDP, Alaska",1993,145
"1015","Cantwell CDP, Alaska",1994,151
"1016","Cantwell CDP, Alaska",1995,146
"1017","Cantwell CDP, Alaska",1996,139
"1018","Cantwell CDP, Alaska",1997,151
"1019","Cantwell CDP, Alaska",1998,161
"1020","Cantwell CDP, Alaska",1999,166
"1021","Cantwell CDP, Alaska",2000,222
"1022","Cantwell CDP, Alaska",2001,220
"1023","Cantwell CDP, Alaska",2002,214
"1024","Cantwell CDP, Alaska",2003,223
"1025","Cantwell CDP, Alaska",2004,216
"1026","Cantwell CDP, Alaska",2005,213
"1027","Cantwell CDP, Alaska",2006,199
"1028","Cantwell CDP, Alaska",2007,179
"1029","Cantwell CDP, Alaska",2008,183
"1030","Cantwell CDP, Alaska",2009,198
"1031","Cantwell CDP, Alaska",2010,219
"1032","Cantwell CDP, Alaska",2011,204
"1033","Cantwell CDP, Alaska",2012,207
"1034","Cantwell CDP, Alaska",2013,196
"1035","Cantwell CDP, Alaska",2014,182
"1036","Cantwell CDP, Alaska",2015,190
"1037","Cantwell CDP, Alaska",2016,204
"1038","Cantwell CDP, Alaska",2017,199
"1039","Cantwell CDP, Alaska",2018,211
"1040","Cantwell CDP, Alaska",2019,200
"1041","Cantwell CDP, Alaska",2020,200
"1042","Central CDP, Alaska",1991,49
"1043","Central CDP, Alaska",1992,48
"1044","Central CDP, Alaska",1993,43
"1045","Central CDP, Alaska",1994,49
"1046","Central CDP, Alaska",1995,58
"1047","Central CDP, Alaska",1996,53
"1048","Central CDP, Alaska",1997,57
"1049","Central CDP, Alaska",1998,61
"1050","Central CDP, Alaska",1999,62
"1051","Central CDP, Alaska",2000,134
"1052","Central CDP, Alaska",2001,136
"1053","Central CDP, Alaska",2002,120
"1054","Central CDP, Alaska",2003,111
"1055","Central CDP, Alaska",2004,102
"1056","Central CDP, Alaska",2005,98
"1057","Central CDP, Alaska",2006,88
"1058","Central CDP, Alaska",2007,93
"1059","Central CDP, Alaska",2008,95
"1060","Central CDP, Alaska",2009,96
"1061","Central CDP, Alaska",2010,96
"1062","Central CDP, Alaska",2011,101
"1063","Central CDP, Alaska",2012,92
"1064","Central CDP, Alaska",2013,91
"1065","Central CDP, Alaska",2014,86
"1066","Central CDP, Alaska",2015,73
"1067","Central CDP, Alaska",2016,71
"1068","Central CDP, Alaska",2017,71
"1069","Central CDP, Alaska",2018,63
"1070","Central CDP, Alaska",2019,66
"1071","Central CDP, Alaska",2020,66
"1072","Chalkyitsik CDP, Alaska",1991,82
"1073","Chalkyitsik CDP, Alaska",1992,94
"1074","Chalkyitsik CDP, Alaska",1993,90
"1075","Chalkyitsik CDP, Alaska",1994,83
"1076","Chalkyitsik CDP, Alaska",1995,84
"1077","Chalkyitsik CDP, Alaska",1996,90
"1078","Chalkyitsik CDP, Alaska",1997,90
"1079","Chalkyitsik CDP, Alaska",1998,97
"1080","Chalkyitsik CDP, Alaska",1999,102
"1081","Chalkyitsik CDP, Alaska",2000,83
"1082","Chalkyitsik CDP, Alaska",2001,82
"1083","Chalkyitsik CDP, Alaska",2002,89
"1084","Chalkyitsik CDP, Alaska",2003,87
"1085","Chalkyitsik CDP, Alaska",2004,91
"1086","Chalkyitsik CDP, Alaska",2005,87
"1087","Chalkyitsik CDP, Alaska",2006,73
"1088","Chalkyitsik CDP, Alaska",2007,82
"1089","Chalkyitsik CDP, Alaska",2008,83
"1090","Chalkyitsik CDP, Alaska",2009,71
"1091","Chalkyitsik CDP, Alaska",2010,69
"1092","Chalkyitsik CDP, Alaska",2011,74
"1093","Chalkyitsik CDP, Alaska",2012,68
"1094","Chalkyitsik CDP, Alaska",2013,72
"1095","Chalkyitsik CDP, Alaska",2014,77
"1096","Chalkyitsik CDP, Alaska",2015,73
"1097","Chalkyitsik CDP, Alaska",2016,72
"1098","Chalkyitsik CDP, Alaska",2017,70
"1099","Chalkyitsik CDP, Alaska",2018,62
"1100","Chalkyitsik CDP, Alaska",2019,68
"1101","Chalkyitsik CDP, Alaska",2020,56
"1102","Chase CDP, Alaska",1991,40
"1103","Chase CDP, Alaska",1992,44
"1104","Chase CDP, Alaska",1993,47
"1105","Chase CDP, Alaska",1994,47
"1106","Chase CDP, Alaska",1995,48
"1107","Chase CDP, Alaska",1996,51
"1108","Chase CDP, Alaska",1997,52
"1109","Chase CDP, Alaska",1998,54
"1110","Chase CDP, Alaska",1999,55
"1111","Chase CDP, Alaska",2000,43
"1112","Chase CDP, Alaska",2001,33
"1113","Chase CDP, Alaska",2002,36
"1114","Chase CDP, Alaska",2003,35
"1115","Chase CDP, Alaska",2004,31
"1116","Chase CDP, Alaska",2005,32
"1117","Chase CDP, Alaska",2006,32
"1118","Chase CDP, Alaska",2007,33
"1119","Chase CDP, Alaska",2008,39
"1120","Chase CDP, Alaska",2009,38
"1121","Chase CDP, Alaska",2010,34
"1122","Chase CDP, Alaska",2011,32
"1123","Chase CDP, Alaska",2012,35
"1124","Chase CDP, Alaska",2013,42
"1125","Chase CDP, Alaska",2014,41
"1126","Chase CDP, Alaska",2015,33
"1127","Chase CDP, Alaska",2016,30
"1128","Chase CDP, Alaska",2017,29
"1129","Chase CDP, Alaska",2018,25
"1130","Chase CDP, Alaska",2019,23
"1131","Chase CDP, Alaska",2020,19
"1132","Chefornak city, Alaska",1991,325
"1133","Chefornak city, Alaska",1992,341
"1134","Chefornak city, Alaska",1993,327
"1135","Chefornak city, Alaska",1994,352
"1136","Chefornak city, Alaska",1995,369
"1137","Chefornak city, Alaska",1996,387
"1138","Chefornak city, Alaska",1997,404
"1139","Chefornak city, Alaska",1998,421
"1140","Chefornak city, Alaska",1999,416
"1141","Chefornak city, Alaska",2000,394
"1142","Chefornak city, Alaska",2001,392
"1143","Chefornak city, Alaska",2002,410
"1144","Chefornak city, Alaska",2003,417
"1145","Chefornak city, Alaska",2004,420
"1146","Chefornak city, Alaska",2005,432
"1147","Chefornak city, Alaska",2006,429
"1148","Chefornak city, Alaska",2007,413
"1149","Chefornak city, Alaska",2008,429
"1150","Chefornak city, Alaska",2009,430
"1151","Chefornak city, Alaska",2010,418
"1152","Chefornak city, Alaska",2011,436
"1153","Chefornak city, Alaska",2012,434
"1154","Chefornak city, Alaska",2013,436
"1155","Chefornak city, Alaska",2014,420
"1156","Chefornak city, Alaska",2015,470
"1157","Chefornak city, Alaska",2016,489
"1158","Chefornak city, Alaska",2017,487
"1159","Chefornak city, Alaska",2018,502
"1160","Chefornak city, Alaska",2019,530
"1161","Chefornak city, Alaska",2020,506
"1162","Chena Ridge CDP, Alaska",2010,5791
"1163","Chena Ridge CDP, Alaska",2011,6060
"1164","Chena Ridge CDP, Alaska",2012,6179
"1165","Chena Ridge CDP, Alaska",2013,6226
"1166","Chena Ridge CDP, Alaska",2014,6160
"1167","Chenega CDP, Alaska",1991,95
"1168","Chenega CDP, Alaska",1992,96
"1169","Chenega CDP, Alaska",1993,95
"1170","Chenega CDP, Alaska",1994,94
"1171","Chenega CDP, Alaska",1995,93
"1172","Chenega CDP, Alaska",1996,93
"1173","Chenega CDP, Alaska",1997,72
"1174","Chenega CDP, Alaska",1998,35
"1175","Chenega CDP, Alaska",1999,69
"1176","Chenega CDP, Alaska",2000,86
"1177","Chenega CDP, Alaska",2001,52
"1178","Chenega CDP, Alaska",2002,62
"1179","Chenega CDP, Alaska",2003,82
"1180","Chenega CDP, Alaska",2004,53
"1181","Chenega CDP, Alaska",2005,47
"1182","Chenega CDP, Alaska",2006,93
"1183","Chenega CDP, Alaska",2007,77
"1184","Chenega CDP, Alaska",2008,86
"1185","Chenega CDP, Alaska",2009,80
"1186","Chenega CDP, Alaska",2010,76
"1187","Chenega CDP, Alaska",2011,83
"1188","Chenega CDP, Alaska",2012,68
"1189","Chenega CDP, Alaska",2013,63
"1190","Chenega CDP, Alaska",2014,57
"1191","Chenega CDP, Alaska",2015,48
"1192","Chenega CDP, Alaska",2016,57
"1193","Chenega CDP, Alaska",2017,52
"1194","Chenega CDP, Alaska",2018,44
"1195","Chenega CDP, Alaska",2019,46
"1196","Chenega CDP, Alaska",2020,59
"1197","Chevak city, Alaska",1991,605
"1198","Chevak city, Alaska",1992,622
"1199","Chevak city, Alaska",1993,655
"1200","Chevak city, Alaska",1994,664
"1201","Chevak city, Alaska",1995,680
"1202","Chevak city, Alaska",1996,699
"1203","Chevak city, Alaska",1997,716
"1204","Chevak city, Alaska",1998,743
"1205","Chevak city, Alaska",1999,763
"1206","Chevak city, Alaska",2000,765
"1207","Chevak city, Alaska",2001,831
"1208","Chevak city, Alaska",2002,851
"1209","Chevak city, Alaska",2003,878
"1210","Chevak city, Alaska",2004,896
"1211","Chevak city, Alaska",2005,907
"1212","Chevak city, Alaska",2006,904
"1213","Chevak city, Alaska",2007,927
"1214","Chevak city, Alaska",2008,906
"1215","Chevak city, Alaska",2009,931
"1216","Chevak city, Alaska",2010,938
"1217","Chevak city, Alaska",2011,973
"1218","Chevak city, Alaska",2012,970
"1219","Chevak city, Alaska",2013,983
"1220","Chevak city, Alaska",2014,989
"1221","Chevak city, Alaska",2019,980
"1222","Chevak city, Alaska",2020,951
"1223","Chickaloon CDP, Alaska",1991,163
"1224","Chickaloon CDP, Alaska",1992,169
"1225","Chickaloon CDP, Alaska",1993,194
"1226","Chickaloon CDP, Alaska",1994,194
"1227","Chickaloon CDP, Alaska",1995,199
"1228","Chickaloon CDP, Alaska",1996,209
"1229","Chickaloon CDP, Alaska",1997,206
"1230","Chickaloon CDP, Alaska",1998,207
"1231","Chickaloon CDP, Alaska",1999,212
"1232","Chickaloon CDP, Alaska",2000,213
"1233","Chickaloon CDP, Alaska",2001,268
"1234","Chickaloon CDP, Alaska",2002,271
"1235","Chickaloon CDP, Alaska",2003,289
"1236","Chickaloon CDP, Alaska",2004,309
"1237","Chickaloon CDP, Alaska",2005,307
"1238","Chickaloon CDP, Alaska",2006,295
"1239","Chickaloon CDP, Alaska",2007,279
"1240","Chickaloon CDP, Alaska",2008,263
"1241","Chickaloon CDP, Alaska",2009,299
"1242","Chickaloon CDP, Alaska",2010,272
"1243","Chickaloon CDP, Alaska",2011,267
"1244","Chickaloon CDP, Alaska",2012,243
"1245","Chickaloon CDP, Alaska",2013,244
"1246","Chickaloon CDP, Alaska",2014,232
"1247","Chickaloon CDP, Alaska",2015,249
"1248","Chickaloon CDP, Alaska",2016,248
"1249","Chickaloon CDP, Alaska",2017,240
"1250","Chickaloon CDP, Alaska",2018,245
"1251","Chickaloon CDP, Alaska",2019,262
"1252","Chickaloon CDP, Alaska",2020,254
"1253","Chicken CDP, Alaska",2000,17
"1254","Chicken CDP, Alaska",2001,15
"1255","Chicken CDP, Alaska",2002,18
"1256","Chicken CDP, Alaska",2003,14
"1257","Chicken CDP, Alaska",2004,12
"1258","Chicken CDP, Alaska",2005,7
"1259","Chicken CDP, Alaska",2006,10
"1260","Chicken CDP, Alaska",2007,8
"1261","Chicken CDP, Alaska",2008,7
"1262","Chicken CDP, Alaska",2009,7
"1263","Chicken CDP, Alaska",2010,7
"1264","Chicken CDP, Alaska",2011,8
"1265","Chicken CDP, Alaska",2012,7
"1266","Chicken CDP, Alaska",2013,7
"1267","Chicken CDP, Alaska",2014,6
"1268","Chicken CDP, Alaska",2015,9
"1269","Chicken CDP, Alaska",2016,12
"1270","Chicken CDP, Alaska",2017,11
"1271","Chicken CDP, Alaska",2018,15
"1272","Chicken CDP, Alaska",2019,17
"1273","Chicken CDP, Alaska",2020,12
"1274","Chignik Lagoon CDP, Alaska",1991,55
"1275","Chignik Lagoon CDP, Alaska",1992,58
"1276","Chignik Lagoon CDP, Alaska",1993,61
"1277","Chignik Lagoon CDP, Alaska",1994,61
"1278","Chignik Lagoon CDP, Alaska",1995,68
"1279","Chignik Lagoon CDP, Alaska",1996,74
"1280","Chignik Lagoon CDP, Alaska",1997,76
"1281","Chignik Lagoon CDP, Alaska",1998,72
"1282","Chignik Lagoon CDP, Alaska",1999,68
"1283","Chignik Lagoon CDP, Alaska",2000,103
"1284","Chignik Lagoon CDP, Alaska",2001,106
"1285","Chignik Lagoon CDP, Alaska",2002,90
"1286","Chignik Lagoon CDP, Alaska",2003,96
"1287","Chignik Lagoon CDP, Alaska",2004,86
"1288","Chignik Lagoon CDP, Alaska",2005,92
"1289","Chignik Lagoon CDP, Alaska",2006,77
"1290","Chignik Lagoon CDP, Alaska",2007,73
"1291","Chignik Lagoon CDP, Alaska",2008,79
"1292","Chignik Lagoon CDP, Alaska",2009,82
"1293","Chignik Lagoon CDP, Alaska",2010,78
"1294","Chignik Lagoon CDP, Alaska",2011,79
"1295","Chignik Lagoon CDP, Alaska",2012,82
"1296","Chignik Lagoon CDP, Alaska",2013,78
"1297","Chignik Lagoon CDP, Alaska",2014,72
"1298","Chignik Lagoon CDP, Alaska",2015,71
"1299","Chignik Lagoon CDP, Alaska",2016,76
"1300","Chignik Lagoon CDP, Alaska",2017,75
"1301","Chignik Lagoon CDP, Alaska",2018,72
"1302","Chignik Lagoon CDP, Alaska",2019,69
"1303","Chignik Lagoon CDP, Alaska",2020,72
"1304","Chignik Lake CDP, Alaska",1991,130
"1305","Chignik Lake CDP, Alaska",1992,135
"1306","Chignik Lake CDP, Alaska",1993,133
"1307","Chignik Lake CDP, Alaska",1994,144
"1308","Chignik Lake CDP, Alaska",1995,153
"1309","Chignik Lake CDP, Alaska",1996,151
"1310","Chignik Lake CDP, Alaska",1997,131
"1311","Chignik Lake CDP, Alaska",1998,136
"1312","Chignik Lake CDP, Alaska",1999,136
"1313","Chignik Lake CDP, Alaska",2000,145
"1314","Chignik Lake CDP, Alaska",2001,134
"1315","Chignik Lake CDP, Alaska",2002,106
"1316","Chignik Lake CDP, Alaska",2003,101
"1317","Chignik Lake CDP, Alaska",2004,97
"1318","Chignik Lake CDP, Alaska",2005,97
"1319","Chignik Lake CDP, Alaska",2006,99
"1320","Chignik Lake CDP, Alaska",2007,98
"1321","Chignik Lake CDP, Alaska",2008,78
"1322","Chignik Lake CDP, Alaska",2009,77
"1323","Chignik Lake CDP, Alaska",2010,73
"1324","Chignik Lake CDP, Alaska",2011,70
"1325","Chignik Lake CDP, Alaska",2012,70
"1326","Chignik Lake CDP, Alaska",2013,76
"1327","Chignik Lake CDP, Alaska",2014,70
"1328","Chignik Lake CDP, Alaska",2015,72
"1329","Chignik Lake CDP, Alaska",2016,73
"1330","Chignik Lake CDP, Alaska",2017,81
"1331","Chignik Lake CDP, Alaska",2018,80
"1332","Chignik Lake CDP, Alaska",2019,70
"1333","Chignik Lake CDP, Alaska",2020,61
"1334","Chignik city, Alaska",1991,176
"1335","Chignik city, Alaska",1992,167
"1336","Chignik city, Alaska",1993,178
"1337","Chignik city, Alaska",1994,158
"1338","Chignik city, Alaska",1995,139
"1339","Chignik city, Alaska",1996,104
"1340","Chignik city, Alaska",1997,126
"1341","Chignik city, Alaska",1998,114
"1342","Chignik city, Alaska",1999,103
"1343","Chignik city, Alaska",2000,79
"1344","Chignik city, Alaska",2001,79
"1345","Chignik city, Alaska",2002,83
"1346","Chignik city, Alaska",2003,101
"1347","Chignik city, Alaska",2004,105
"1348","Chignik city, Alaska",2005,112
"1349","Chignik city, Alaska",2006,102
"1350","Chignik city, Alaska",2007,101
"1351","Chignik city, Alaska",2008,77
"1352","Chignik city, Alaska",2009,84
"1353","Chignik city, Alaska",2010,91
"1354","Chignik city, Alaska",2011,98
"1355","Chignik city, Alaska",2012,91
"1356","Chignik city, Alaska",2013,92
"1357","Chignik city, Alaska",2014,96
"1358","Chignik city, Alaska",2015,97
"1359","Chignik city, Alaska",2016,98
"1360","Chignik city, Alaska",2017,114
"1361","Chignik city, Alaska",2018,102
"1362","Chignik city, Alaska",2019,99
"1363","Chignik city, Alaska",2020,97
"1364","Chiniak CDP, Alaska",1991,72
"1365","Chiniak CDP, Alaska",1992,77
"1366","Chiniak CDP, Alaska",1993,78
"1367","Chiniak CDP, Alaska",1994,79
"1368","Chiniak CDP, Alaska",1995,77
"1369","Chiniak CDP, Alaska",1996,74
"1370","Chiniak CDP, Alaska",1997,74
"1371","Chiniak CDP, Alaska",1998,74
"1372","Chiniak CDP, Alaska",1999,75
"1373","Chiniak CDP, Alaska",2000,50
"1374","Chiniak CDP, Alaska",2001,53
"1375","Chiniak CDP, Alaska",2002,56
"1376","Chiniak CDP, Alaska",2003,49
"1377","Chiniak CDP, Alaska",2004,51
"1378","Chiniak CDP, Alaska",2005,53
"1379","Chiniak CDP, Alaska",2006,42
"1380","Chiniak CDP, Alaska",2007,45
"1381","Chiniak CDP, Alaska",2008,45
"1382","Chiniak CDP, Alaska",2009,49
"1383","Chiniak CDP, Alaska",2010,47
"1384","Chiniak CDP, Alaska",2011,44
"1385","Chiniak CDP, Alaska",2012,44
"1386","Chiniak CDP, Alaska",2013,48
"1387","Chiniak CDP, Alaska",2014,48
"1388","Chiniak CDP, Alaska",2015,59
"1389","Chiniak CDP, Alaska",2016,57
"1390","Chiniak CDP, Alaska",2017,57
"1391","Chiniak CDP, Alaska",2018,59
"1392","Chiniak CDP, Alaska",2019,64
"1393","Chiniak CDP, Alaska",2020,61
"1394","Chisana CDP, Alaska",2000,0
"1395","Chisana CDP, Alaska",2001,4
"1396","Chisana CDP, Alaska",2002,2
"1397","Chisana CDP, Alaska",2003,1
"1398","Chisana CDP, Alaska",2004,0
"1399","Chisana CDP, Alaska",2005,0
"1400","Chisana CDP, Alaska",2006,0
"1401","Chisana CDP, Alaska",2007,0
"1402","Chisana CDP, Alaska",2008,0
"1403","Chisana CDP, Alaska",2009,0
"1404","Chisana CDP, Alaska",2010,0
"1405","Chisana CDP, Alaska",2011,0
"1406","Chisana CDP, Alaska",2012,0
"1407","Chisana CDP, Alaska",2013,0
"1408","Chisana CDP, Alaska",2014,0
"1409","Chisana CDP, Alaska",2015,2
"1410","Chisana CDP, Alaska",2016,2
"1411","Chisana CDP, Alaska",2017,2
"1412","Chisana CDP, Alaska",2018,2
"1413","Chisana CDP, Alaska",2019,1
"1414","Chisana CDP, Alaska",2020,0
"1415","Chistochina CDP, Alaska",1991,64
"1416","Chistochina CDP, Alaska",1992,63
"1417","Chistochina CDP, Alaska",1993,62
"1418","Chistochina CDP, Alaska",1994,59
"1419","Chistochina CDP, Alaska",1995,57
"1420","Chistochina CDP, Alaska",1996,57
"1421","Chistochina CDP, Alaska",1997,55
"1422","Chistochina CDP, Alaska",1998,55
"1423","Chistochina CDP, Alaska",1999,52
"1424","Chistochina CDP, Alaska",2000,93
"1425","Chistochina CDP, Alaska",2001,95
"1426","Chistochina CDP, Alaska",2002,88
"1427","Chistochina CDP, Alaska",2003,86
"1428","Chistochina CDP, Alaska",2004,109
"1429","Chistochina CDP, Alaska",2005,106
"1430","Chistochina CDP, Alaska",2006,105
"1431","Chistochina CDP, Alaska",2007,99
"1432","Chistochina CDP, Alaska",2008,99
"1433","Chistochina CDP, Alaska",2009,93
"1434","Chistochina CDP, Alaska",2010,93
"1435","Chistochina CDP, Alaska",2011,104
"1436","Chistochina CDP, Alaska",2012,95
"1437","Chistochina CDP, Alaska",2013,95
"1438","Chistochina CDP, Alaska",2014,94
"1439","Chistochina CDP, Alaska",2015,73
"1440","Chistochina CDP, Alaska",2016,71
"1441","Chistochina CDP, Alaska",2017,71
"1442","Chistochina CDP, Alaska",2018,66
"1443","Chistochina CDP, Alaska",2019,60
"1444","Chistochina CDP, Alaska",2020,60
"1445","Chitina CDP, Alaska",1991,56
"1446","Chitina CDP, Alaska",1992,69
"1447","Chitina CDP, Alaska",1993,57
"1448","Chitina CDP, Alaska",1994,60
"1449","Chitina CDP, Alaska",1995,69
"1450","Chitina CDP, Alaska",1996,78
"1451","Chitina CDP, Alaska",1997,85
"1452","Chitina CDP, Alaska",1998,86
"1453","Chitina CDP, Alaska",1999,94
"1454","Chitina CDP, Alaska",2000,123
"1455","Chitina CDP, Alaska",2001,116
"1456","Chitina CDP, Alaska",2002,144
"1457","Chitina CDP, Alaska",2003,144
"1458","Chitina CDP, Alaska",2004,127
"1459","Chitina CDP, Alaska",2005,122
"1460","Chitina CDP, Alaska",2006,128
"1461","Chitina CDP, Alaska",2007,139
"1462","Chitina CDP, Alaska",2008,140
"1463","Chitina CDP, Alaska",2009,133
"1464","Chitina CDP, Alaska",2010,126
"1465","Chitina CDP, Alaska",2011,128
"1466","Chitina CDP, Alaska",2012,139
"1467","Chitina CDP, Alaska",2013,132
"1468","Chitina CDP, Alaska",2014,116
"1469","Chitina CDP, Alaska",2015,111
"1470","Chitina CDP, Alaska",2016,107
"1471","Chitina CDP, Alaska",2017,100
"1472","Chitina CDP, Alaska",2018,96
"1473","Chitina CDP, Alaska",2019,89
"1474","Chitina CDP, Alaska",2020,101
"1475","Chuathbaluk city, Alaska",1991,128
"1476","Chuathbaluk city, Alaska",1992,101
"1477","Chuathbaluk city, Alaska",1993,116
"1478","Chuathbaluk city, Alaska",1994,121
"1479","Chuathbaluk city, Alaska",1995,124
"1480","Chuathbaluk city, Alaska",1996,122
"1481","Chuathbaluk city, Alaska",1997,114
"1482","Chuathbaluk city, Alaska",1998,113
"1483","Chuathbaluk city, Alaska",1999,105
"1484","Chuathbaluk city, Alaska",2000,119
"1485","Chuathbaluk city, Alaska",2001,109
"1486","Chuathbaluk city, Alaska",2002,100
"1487","Chuathbaluk city, Alaska",2003,105
"1488","Chuathbaluk city, Alaska",2004,109
"1489","Chuathbaluk city, Alaska",2005,100
"1490","Chuathbaluk city, Alaska",2006,105
"1491","Chuathbaluk city, Alaska",2007,96
"1492","Chuathbaluk city, Alaska",2008,94
"1493","Chuathbaluk city, Alaska",2009,107
"1494","Chuathbaluk city, Alaska",2010,118
"1495","Chuathbaluk city, Alaska",2011,135
"1496","Chuathbaluk city, Alaska",2012,138
"1497","Chuathbaluk city, Alaska",2013,127
"1498","Chuathbaluk city, Alaska",2014,134
"1499","Chuathbaluk city, Alaska",2015,142
"1500","Chuathbaluk city, Alaska",2016,116
"1501","Chuathbaluk city, Alaska",2017,117
"1502","Chuathbaluk city, Alaska",2018,108
"1503","Chuathbaluk city, Alaska",2019,98
"1504","Chuathbaluk city, Alaska",2020,104
"1505","Circle CDP, Alaska",1991,87
"1506","Circle CDP, Alaska",1992,94
"1507","Circle CDP, Alaska",1993,81
"1508","Circle CDP, Alaska",1994,90
"1509","Circle CDP, Alaska",1995,91
"1510","Circle CDP, Alaska",1996,85
"1511","Circle CDP, Alaska",1997,82
"1512","Circle CDP, Alaska",1998,87
"1513","Circle CDP, Alaska",1999,89
"1514","Circle CDP, Alaska",2000,100
"1515","Circle CDP, Alaska",2001,97
"1516","Circle CDP, Alaska",2002,85
"1517","Circle CDP, Alaska",2003,98
"1518","Circle CDP, Alaska",2004,105
"1519","Circle CDP, Alaska",2005,98
"1520","Circle CDP, Alaska",2006,105
"1521","Circle CDP, Alaska",2007,114
"1522","Circle CDP, Alaska",2008,107
"1523","Circle CDP, Alaska",2009,115
"1524","Circle CDP, Alaska",2010,104
"1525","Circle CDP, Alaska",2011,101
"1526","Circle CDP, Alaska",2012,113
"1527","Circle CDP, Alaska",2013,107
"1528","Circle CDP, Alaska",2014,119
"1529","Circle CDP, Alaska",2015,126
"1530","Circle CDP, Alaska",2016,114
"1531","Circle CDP, Alaska",2017,110
"1532","Circle CDP, Alaska",2018,88
"1533","Circle CDP, Alaska",2019,93
"1534","Circle CDP, Alaska",2020,91
"1535","Clam Gulch CDP, Alaska",1991,76
"1536","Clam Gulch CDP, Alaska",1992,79
"1537","Clam Gulch CDP, Alaska",1993,82
"1538","Clam Gulch CDP, Alaska",1994,94
"1539","Clam Gulch CDP, Alaska",1995,93
"1540","Clam Gulch CDP, Alaska",1996,95
"1541","Clam Gulch CDP, Alaska",1997,99
"1542","Clam Gulch CDP, Alaska",1998,110
"1543","Clam Gulch CDP, Alaska",1999,113
"1544","Clam Gulch CDP, Alaska",2000,173
"1545","Clam Gulch CDP, Alaska",2001,171
"1546","Clam Gulch CDP, Alaska",2002,178
"1547","Clam Gulch CDP, Alaska",2003,185
"1548","Clam Gulch CDP, Alaska",2004,175
"1549","Clam Gulch CDP, Alaska",2005,185
"1550","Clam Gulch CDP, Alaska",2006,181
"1551","Clam Gulch CDP, Alaska",2007,197
"1552","Clam Gulch CDP, Alaska",2008,179
"1553","Clam Gulch CDP, Alaska",2009,191
"1554","Clam Gulch CDP, Alaska",2010,176
"1555","Clam Gulch CDP, Alaska",2011,197
"1556","Clam Gulch CDP, Alaska",2012,200
"1557","Clam Gulch CDP, Alaska",2013,194
"1558","Clam Gulch CDP, Alaska",2014,183
"1559","Clam Gulch CDP, Alaska",2015,175
"1560","Clam Gulch CDP, Alaska",2016,165
"1561","Clam Gulch CDP, Alaska",2017,175
"1562","Clam Gulch CDP, Alaska",2018,191
"1563","Clam Gulch CDP, Alaska",2019,213
"1564","Clam Gulch CDP, Alaska",2020,207
"1565","Clark's Point city, Alaska",1991,55
"1566","Clark's Point city, Alaska",1992,71
"1567","Clark's Point city, Alaska",1993,55
"1568","Clark's Point city, Alaska",1994,61
"1569","Clark's Point city, Alaska",1995,62
"1570","Clark's Point city, Alaska",1996,66
"1571","Clark's Point city, Alaska",1997,66
"1572","Clark's Point city, Alaska",1998,64
"1573","Clark's Point city, Alaska",1999,68
"1574","Clark's Point city, Alaska",2000,75
"1575","Clark's Point city, Alaska",2001,69
"1576","Clark's Point city, Alaska",2002,65
"1577","Clark's Point city, Alaska",2003,66
"1578","Clark's Point city, Alaska",2004,63
"1579","Clark's Point city, Alaska",2005,66
"1580","Clark's Point city, Alaska",2006,70
"1581","Clark's Point city, Alaska",2007,67
"1582","Clark's Point city, Alaska",2008,55
"1583","Clark's Point city, Alaska",2009,62
"1584","Clark's Point city, Alaska",2010,62
"1585","Clark's Point city, Alaska",2011,60
"1586","Clark's Point city, Alaska",2012,59
"1587","Clark's Point city, Alaska",2013,54
"1588","Clark's Point city, Alaska",2014,48
"1589","Clark's Point city, Alaska",2015,56
"1590","Clark's Point city, Alaska",2016,59
"1591","Clark's Point city, Alaska",2017,60
"1592","Clark's Point city, Alaska",2018,61
"1593","Clark's Point city, Alaska",2019,78
"1594","Clark's Point city, Alaska",2020,67
"1595","Coffman Cove city, Alaska",1991,194
"1596","Coffman Cove city, Alaska",1992,226
"1597","Coffman Cove city, Alaska",1993,226
"1598","Coffman Cove city, Alaska",1994,243
"1599","Coffman Cove city, Alaska",1995,251
"1600","Coffman Cove city, Alaska",1996,238
"1601","Coffman Cove city, Alaska",1997,251
"1602","Coffman Cove city, Alaska",1998,236
"1603","Coffman Cove city, Alaska",1999,228
"1604","Coffman Cove city, Alaska",2000,199
"1605","Coffman Cove city, Alaska",2001,180
"1606","Coffman Cove city, Alaska",2002,170
"1607","Coffman Cove city, Alaska",2003,179
"1608","Coffman Cove city, Alaska",2004,203
"1609","Coffman Cove city, Alaska",2005,185
"1610","Coffman Cove city, Alaska",2006,200
"1611","Coffman Cove city, Alaska",2007,185
"1612","Coffman Cove city, Alaska",2008,183
"1613","Coffman Cove city, Alaska",2009,207
"1614","Coffman Cove city, Alaska",2010,176
"1615","Coffman Cove city, Alaska",2011,176
"1616","Coffman Cove city, Alaska",2012,181
"1617","Coffman Cove city, Alaska",2013,162
"1618","Coffman Cove city, Alaska",2014,174
"1619","Coffman Cove city, Alaska",2015,162
"1620","Coffman Cove city, Alaska",2016,162
"1621","Coffman Cove city, Alaska",2017,153
"1622","Coffman Cove city, Alaska",2018,124
"1623","Coffman Cove city, Alaska",2019,124
"1624","Coffman Cove city, Alaska",2020,127
"1625","Cohoe CDP, Alaska",1991,530
"1626","Cohoe CDP, Alaska",1992,540
"1627","Cohoe CDP, Alaska",1993,546
"1628","Cohoe CDP, Alaska",1994,560
"1629","Cohoe CDP, Alaska",1995,573
"1630","Cohoe CDP, Alaska",1996,580
"1631","Cohoe CDP, Alaska",1997,590
"1632","Cohoe CDP, Alaska",1998,601
"1633","Cohoe CDP, Alaska",1999,602
"1634","Cohoe CDP, Alaska",2000,1168
"1635","Cohoe CDP, Alaska",2001,1177
"1636","Cohoe CDP, Alaska",2002,1210
"1637","Cohoe CDP, Alaska",2003,1216
"1638","Cohoe CDP, Alaska",2004,1330
"1639","Cohoe CDP, Alaska",2005,1293
"1640","Cohoe CDP, Alaska",2006,1284
"1641","Cohoe CDP, Alaska",2007,1284
"1642","Cohoe CDP, Alaska",2008,1354
"1643","Cohoe CDP, Alaska",2009,1344
"1644","Cohoe CDP, Alaska",2010,1364
"1645","Cohoe CDP, Alaska",2011,1416
"1646","Cohoe CDP, Alaska",2012,1384
"1647","Cohoe CDP, Alaska",2013,1381
"1648","Cohoe CDP, Alaska",2014,1394
"1649","Cold Bay city, Alaska",1991,128
"1650","Cold Bay city, Alaska",1992,128
"1651","Cold Bay city, Alaska",1993,124
"1652","Cold Bay city, Alaska",1994,102
"1653","Cold Bay city, Alaska",1995,93
"1654","Cold Bay city, Alaska",1996,91
"1655","Cold Bay city, Alaska",1997,83
"1656","Cold Bay city, Alaska",1998,77
"1657","Cold Bay city, Alaska",1999,71
"1658","Cold Bay city, Alaska",2000,88
"1659","Cold Bay city, Alaska",2001,77
"1660","Cold Bay city, Alaska",2002,124
"1661","Cold Bay city, Alaska",2003,103
"1662","Cold Bay city, Alaska",2004,99
"1663","Cold Bay city, Alaska",2005,101
"1664","Cold Bay city, Alaska",2006,101
"1665","Cold Bay city, Alaska",2007,87
"1666","Cold Bay city, Alaska",2008,109
"1667","Cold Bay city, Alaska",2009,110
"1668","Cold Bay city, Alaska",2010,108
"1669","Cold Bay city, Alaska",2011,93
"1670","Cold Bay city, Alaska",2012,98
"1671","Cold Bay city, Alaska",2013,85
"1672","Cold Bay city, Alaska",2014,89
"1673","Cold Bay city, Alaska",2015,64
"1674","Cold Bay city, Alaska",2016,46
"1675","Cold Bay city, Alaska",2017,49
"1676","Cold Bay city, Alaska",2018,40
"1677","Cold Bay city, Alaska",2019,36
"1678","Cold Bay city, Alaska",2020,50
"1679","Coldfoot CDP, Alaska",2000,13
"1680","Coldfoot CDP, Alaska",2001,14
"1681","Coldfoot CDP, Alaska",2002,11
"1682","Coldfoot CDP, Alaska",2003,16
"1683","Coldfoot CDP, Alaska",2004,11
"1684","Coldfoot CDP, Alaska",2005,12
"1685","Coldfoot CDP, Alaska",2006,14
"1686","Coldfoot CDP, Alaska",2007,12
"1687","Coldfoot CDP, Alaska",2008,13
"1688","Coldfoot CDP, Alaska",2009,14
"1689","Coldfoot CDP, Alaska",2010,10
"1690","Coldfoot CDP, Alaska",2011,12
"1691","Coldfoot CDP, Alaska",2012,14
"1692","Coldfoot CDP, Alaska",2013,11
"1693","Coldfoot CDP, Alaska",2014,9
"1694","Coldfoot CDP, Alaska",2015,11
"1695","Coldfoot CDP, Alaska",2016,9
"1696","Coldfoot CDP, Alaska",2017,11
"1697","Coldfoot CDP, Alaska",2018,10
"1698","Coldfoot CDP, Alaska",2019,17
"1699","Coldfoot CDP, Alaska",2020,34
"1700","College CDP, Alaska",1991,11338
"1701","College CDP, Alaska",1992,11665
"1702","College CDP, Alaska",1993,11896
"1703","College CDP, Alaska",1994,12025
"1704","College CDP, Alaska",1995,11917
"1705","College CDP, Alaska",1996,11875
"1706","College CDP, Alaska",1997,11595
"1707","College CDP, Alaska",1998,12042
"1708","College CDP, Alaska",1999,12122
"1709","College CDP, Alaska",2000,11402
"1710","College CDP, Alaska",2001,12039
"1711","College CDP, Alaska",2002,11912
"1712","College CDP, Alaska",2003,12018
"1713","College CDP, Alaska",2004,12103
"1714","College CDP, Alaska",2005,12138
"1715","College CDP, Alaska",2006,12034
"1716","College CDP, Alaska",2007,12056
"1717","College CDP, Alaska",2008,12360
"1718","College CDP, Alaska",2009,12101
"1719","College CDP, Alaska",2010,12964
"1720","College CDP, Alaska",2011,13316
"1721","College CDP, Alaska",2012,13394
"1722","College CDP, Alaska",2013,13217
"1723","College CDP, Alaska",2014,13092
"1724","Cooper Landing CDP, Alaska",1991,248
"1725","Cooper Landing CDP, Alaska",1992,251
"1726","Cooper Landing CDP, Alaska",1993,252
"1727","Cooper Landing CDP, Alaska",1994,263
"1728","Cooper Landing CDP, Alaska",1995,278
"1729","Cooper Landing CDP, Alaska",1996,271
"1730","Cooper Landing CDP, Alaska",1997,266
"1731","Cooper Landing CDP, Alaska",1998,287
"1732","Cooper Landing CDP, Alaska",1999,285
"1733","Cooper Landing CDP, Alaska",2000,369
"1734","Cooper Landing CDP, Alaska",2001,384
"1735","Cooper Landing CDP, Alaska",2002,361
"1736","Cooper Landing CDP, Alaska",2003,341
"1737","Cooper Landing CDP, Alaska",2004,332
"1738","Cooper Landing CDP, Alaska",2005,327
"1739","Cooper Landing CDP, Alaska",2006,335
"1740","Cooper Landing CDP, Alaska",2007,331
"1741","Cooper Landing CDP, Alaska",2008,328
"1742","Cooper Landing CDP, Alaska",2009,314
"1743","Cooper Landing CDP, Alaska",2010,289
"1744","Cooper Landing CDP, Alaska",2011,286
"1745","Cooper Landing CDP, Alaska",2012,293
"1746","Cooper Landing CDP, Alaska",2013,279
"1747","Cooper Landing CDP, Alaska",2014,295
"1748","Cooper Landing CDP, Alaska",2015,301
"1749","Cooper Landing CDP, Alaska",2016,284
"1750","Cooper Landing CDP, Alaska",2017,300
"1751","Cooper Landing CDP, Alaska",2018,314
"1752","Cooper Landing CDP, Alaska",2019,325
"1753","Cooper Landing CDP, Alaska",2020,344
"1754","Copper Center CDP, Alaska",1991,455
"1755","Copper Center CDP, Alaska",1992,473
"1756","Copper Center CDP, Alaska",1993,483
"1757","Copper Center CDP, Alaska",1994,490
"1758","Copper Center CDP, Alaska",1995,497
"1759","Copper Center CDP, Alaska",1996,527
"1760","Copper Center CDP, Alaska",1997,532
"1761","Copper Center CDP, Alaska",1998,520
"1762","Copper Center CDP, Alaska",1999,553
"1763","Copper Center CDP, Alaska",2000,362
"1764","Copper Center CDP, Alaska",2001,397
"1765","Copper Center CDP, Alaska",2002,401
"1766","Copper Center CDP, Alaska",2003,476
"1767","Copper Center CDP, Alaska",2004,464
"1768","Copper Center CDP, Alaska",2005,460
"1769","Copper Center CDP, Alaska",2006,393
"1770","Copper Center CDP, Alaska",2007,347
"1771","Copper Center CDP, Alaska",2008,323
"1772","Copper Center CDP, Alaska",2009,330
"1773","Copper Center CDP, Alaska",2010,328
"1774","Copper Center CDP, Alaska",2011,339
"1775","Copper Center CDP, Alaska",2012,321
"1776","Copper Center CDP, Alaska",2013,315
"1777","Copper Center CDP, Alaska",2014,283
"1778","Copper Center CDP, Alaska",2015,292
"1779","Copper Center CDP, Alaska",2016,326
"1780","Copper Center CDP, Alaska",2017,322
"1781","Copper Center CDP, Alaska",2018,330
"1782","Copper Center CDP, Alaska",2019,339
"1783","Copper Center CDP, Alaska",2020,338
"1784","Cordova city, Alaska",1991,2140
"1785","Cordova city, Alaska",1992,2149
"1786","Cordova city, Alaska",1993,2573
"1787","Cordova city, Alaska",1994,2557
"1788","Cordova city, Alaska",1995,2508
"1789","Cordova city, Alaska",1996,2523
"1790","Cordova city, Alaska",1997,2492
"1791","Cordova city, Alaska",1998,2534
"1792","Cordova city, Alaska",1999,2435
"1793","Cordova city, Alaska",2000,2454
"1794","Cordova city, Alaska",2001,2478
"1795","Cordova city, Alaska",2002,2406
"1796","Cordova city, Alaska",2003,2400
"1797","Cordova city, Alaska",2004,2427
"1798","Cordova city, Alaska",2005,2417
"1799","Cordova city, Alaska",2006,2359
"1800","Cordova city, Alaska",2007,2314
"1801","Cordova city, Alaska",2008,2278
"1802","Cordova city, Alaska",2009,2266
"1803","Cordova city, Alaska",2010,2239
"1804","Cordova city, Alaska",2011,2291
"1805","Cordova city, Alaska",2012,2316
"1806","Cordova city, Alaska",2013,2299
"1807","Cordova city, Alaska",2014,2286
"1808","Covenant Life CDP, Alaska",1991,49
"1809","Covenant Life CDP, Alaska",1992,47
"1810","Covenant Life CDP, Alaska",1993,53
"1811","Covenant Life CDP, Alaska",1994,56
"1812","Covenant Life CDP, Alaska",1995,59
"1813","Covenant Life CDP, Alaska",1996,53
"1814","Covenant Life CDP, Alaska",1997,55
"1815","Covenant Life CDP, Alaska",1998,56
"1816","Covenant Life CDP, Alaska",1999,67
"1817","Covenant Life CDP, Alaska",2000,102
"1818","Covenant Life CDP, Alaska",2001,79
"1819","Covenant Life CDP, Alaska",2002,71
"1820","Covenant Life CDP, Alaska",2003,76
"1821","Covenant Life CDP, Alaska",2004,75
"1822","Covenant Life CDP, Alaska",2005,72
"1823","Covenant Life CDP, Alaska",2006,81
"1824","Covenant Life CDP, Alaska",2007,77
"1825","Covenant Life CDP, Alaska",2008,80
"1826","Covenant Life CDP, Alaska",2009,69
"1827","Covenant Life CDP, Alaska",2010,86
"1828","Covenant Life CDP, Alaska",2011,85
"1829","Covenant Life CDP, Alaska",2012,82
"1830","Covenant Life CDP, Alaska",2013,65
"1831","Covenant Life CDP, Alaska",2014,71
"1832","Covenant Life CDP, Alaska",2015,70
"1833","Covenant Life CDP, Alaska",2016,57
"1834","Covenant Life CDP, Alaska",2017,68
"1835","Covenant Life CDP, Alaska",2018,51
"1836","Covenant Life CDP, Alaska",2019,61
"1837","Covenant Life CDP, Alaska",2020,25
"1838","Craig city, Alaska",1991,1415
"1839","Craig city, Alaska",1992,1413
"1840","Craig city, Alaska",1993,1695
"1841","Craig city, Alaska",1994,1798
"1842","Craig city, Alaska",1995,1900
"1843","Craig city, Alaska",1996,2062
"1844","Craig city, Alaska",1997,2041
"1845","Craig city, Alaska",1998,2144
"1846","Craig city, Alaska",1999,2136
"1847","Craig city, Alaska",2000,1397
"1848","Craig city, Alaska",2001,1250
"1849","Craig city, Alaska",2002,1215
"1850","Craig city, Alaska",2003,1192
"1851","Craig city, Alaska",2004,1174
"1852","Craig city, Alaska",2005,1146
"1853","Craig city, Alaska",2006,1152
"1854","Craig city, Alaska",2007,1120
"1855","Craig city, Alaska",2008,1193
"1856","Craig city, Alaska",2009,1194
"1857","Craig city, Alaska",2010,1201
"1858","Craig city, Alaska",2011,1251
"1859","Craig city, Alaska",2012,1243
"1860","Craig city, Alaska",2013,1194
"1861","Craig city, Alaska",2014,1198
"1862","Crooked Creek CDP, Alaska",1991,112
"1863","Crooked Creek CDP, Alaska",1992,106
"1864","Crooked Creek CDP, Alaska",1993,122
"1865","Crooked Creek CDP, Alaska",1994,110
"1866","Crooked Creek CDP, Alaska",1995,135
"1867","Crooked Creek CDP, Alaska",1996,133
"1868","Crooked Creek CDP, Alaska",1997,139
"1869","Crooked Creek CDP, Alaska",1998,141
"1870","Crooked Creek CDP, Alaska",1999,137
"1871","Crooked Creek CDP, Alaska",2000,137
"1872","Crooked Creek CDP, Alaska",2001,130
"1873","Crooked Creek CDP, Alaska",2002,139
"1874","Crooked Creek CDP, Alaska",2003,134
"1875","Crooked Creek CDP, Alaska",2004,133
"1876","Crooked Creek CDP, Alaska",2005,128
"1877","Crooked Creek CDP, Alaska",2006,103
"1878","Crooked Creek CDP, Alaska",2007,108
"1879","Crooked Creek CDP, Alaska",2008,109
"1880","Crooked Creek CDP, Alaska",2009,106
"1881","Crooked Creek CDP, Alaska",2010,105
"1882","Crooked Creek CDP, Alaska",2011,103
"1883","Crooked Creek CDP, Alaska",2012,90
"1884","Crooked Creek CDP, Alaska",2013,93
"1885","Crooked Creek CDP, Alaska",2014,105
"1886","Crooked Creek CDP, Alaska",2015,105
"1887","Crooked Creek CDP, Alaska",2016,103
"1888","Crooked Creek CDP, Alaska",2017,109
"1889","Crooked Creek CDP, Alaska",2018,109
"1890","Crooked Creek CDP, Alaska",2019,95
"1891","Crooked Creek CDP, Alaska",2020,90
"1892","Crown Point CDP, Alaska",1991,63
"1893","Crown Point CDP, Alaska",1992,70
"1894","Crown Point CDP, Alaska",1993,78
"1895","Crown Point CDP, Alaska",1994,82
"1896","Crown Point CDP, Alaska",1995,88
"1897","Crown Point CDP, Alaska",1996,90
"1898","Crown Point CDP, Alaska",1997,90
"1899","Crown Point CDP, Alaska",1998,100
"1900","Crown Point CDP, Alaska",1999,91
"1901","Crown Point CDP, Alaska",2000,75
"1902","Crown Point CDP, Alaska",2001,87
"1903","Crown Point CDP, Alaska",2002,84
"1904","Crown Point CDP, Alaska",2003,78
"1905","Crown Point CDP, Alaska",2004,84
"1906","Crown Point CDP, Alaska",2005,75
"1907","Crown Point CDP, Alaska",2006,73
"1908","Crown Point CDP, Alaska",2007,68
"1909","Crown Point CDP, Alaska",2008,66
"1910","Crown Point CDP, Alaska",2009,65
"1911","Crown Point CDP, Alaska",2010,74
"1912","Crown Point CDP, Alaska",2011,73
"1913","Crown Point CDP, Alaska",2012,60
"1914","Crown Point CDP, Alaska",2013,75
"1915","Crown Point CDP, Alaska",2014,71
"1916","Crown Point CDP, Alaska",2015,68
"1917","Crown Point CDP, Alaska",2016,77
"1918","Crown Point CDP, Alaska",2017,84
"1919","Crown Point CDP, Alaska",2018,90
"1920","Crown Point CDP, Alaska",2019,103
"1921","Crown Point CDP, Alaska",2020,119
"1922","Deering city, Alaska",1991,154
"1923","Deering city, Alaska",1992,163
"1924","Deering city, Alaska",1993,159
"1925","Deering city, Alaska",1994,156
"1926","Deering city, Alaska",1995,151
"1927","Deering city, Alaska",1996,142
"1928","Deering city, Alaska",1997,159
"1929","Deering city, Alaska",1998,154
"1930","Deering city, Alaska",1999,148
"1931","Deering city, Alaska",2000,136
"1932","Deering city, Alaska",2001,138
"1933","Deering city, Alaska",2002,131
"1934","Deering city, Alaska",2003,134
"1935","Deering city, Alaska",2004,149
"1936","Deering city, Alaska",2005,144
"1937","Deering city, Alaska",2006,143
"1938","Deering city, Alaska",2007,139
"1939","Deering city, Alaska",2008,140
"1940","Deering city, Alaska",2009,126
"1941","Deering city, Alaska",2010,122
"1942","Deering city, Alaska",2011,124
"1943","Deering city, Alaska",2012,142
"1944","Deering city, Alaska",2013,138
"1945","Deering city, Alaska",2014,152
"1946","Deering city, Alaska",2015,146
"1947","Deering city, Alaska",2016,155
"1948","Deering city, Alaska",2017,169
"1949","Deering city, Alaska",2018,186
"1950","Deering city, Alaska",2019,186
"1951","Deering city, Alaska",2020,182
"1952","Delta Junction city, Alaska",1991,681
"1953","Delta Junction city, Alaska",1992,726
"1954","Delta Junction city, Alaska",1993,746
"1955","Delta Junction city, Alaska",1994,783
"1956","Delta Junction city, Alaska",1995,807
"1957","Delta Junction city, Alaska",1996,843
"1958","Delta Junction city, Alaska",1997,838
"1959","Delta Junction city, Alaska",1998,877
"1960","Delta Junction city, Alaska",1999,889
"1961","Delta Junction city, Alaska",2000,885
"1962","Delta Junction city, Alaska",2001,851
"1963","Delta Junction city, Alaska",2002,841
"1964","Delta Junction city, Alaska",2003,890
"1965","Delta Junction city, Alaska",2004,854
"1966","Delta Junction city, Alaska",2005,863
"1967","Delta Junction city, Alaska",2006,832
"1968","Delta Junction city, Alaska",2007,820
"1969","Delta Junction city, Alaska",2008,854
"1970","Delta Junction city, Alaska",2009,888
"1971","Delta Junction city, Alaska",2010,958
"1972","Delta Junction city, Alaska",2011,1020
"1973","Delta Junction city, Alaska",2012,1098
"1974","Delta Junction city, Alaska",2013,1101
"1975","Delta Junction city, Alaska",2014,1089
"1976","Delta Junction city, Alaska",2015,967
"1977","Delta Junction city, Alaska",2016,968
"1978","Delta Junction city, Alaska",2017,974
"1979","Delta Junction city, Alaska",2018,925
"1980","Delta Junction city, Alaska",2019,883
"1981","Delta Junction city, Alaska",2020,918
"1982","Deltana CDP, Alaska",2000,1570
"1983","Deltana CDP, Alaska",2001,1638
"1984","Deltana CDP, Alaska",2002,1641
"1985","Deltana CDP, Alaska",2003,1665
"1986","Deltana CDP, Alaska",2004,1679
"1987","Deltana CDP, Alaska",2005,1805
"1988","Deltana CDP, Alaska",2006,1768
"1989","Deltana CDP, Alaska",2007,2021
"1990","Deltana CDP, Alaska",2008,2044
"1991","Deltana CDP, Alaska",2009,2148
"1992","Deltana CDP, Alaska",2010,2251
"1993","Deltana CDP, Alaska",2011,2322
"1994","Deltana CDP, Alaska",2012,2313
"1995","Deltana CDP, Alaska",2013,2306
"1996","Deltana CDP, Alaska",2014,2249
"1997","Diamond Ridge CDP, Alaska",2000,1041
"1998","Diamond Ridge CDP, Alaska",2001,1072
"1999","Diamond Ridge CDP, Alaska",2002,1125
"2000","Diamond Ridge CDP, Alaska",2003,1078
"2001","Diamond Ridge CDP, Alaska",2004,1015
"2002","Diamond Ridge CDP, Alaska",2005,992
"2003","Diamond Ridge CDP, Alaska",2006,947
"2004","Diamond Ridge CDP, Alaska",2007,1053
"2005","Diamond Ridge CDP, Alaska",2008,1100
"2006","Diamond Ridge CDP, Alaska",2009,1187
"2007","Diamond Ridge CDP, Alaska",2010,1156
"2008","Diamond Ridge CDP, Alaska",2011,1193
"2009","Diamond Ridge CDP, Alaska",2012,1210
"2010","Diamond Ridge CDP, Alaska",2013,1190
"2011","Diamond Ridge CDP, Alaska",2014,1174
"2012","Dillingham city, Alaska",1991,2118
"2013","Dillingham city, Alaska",1992,2130
"2014","Dillingham city, Alaska",1993,2192
"2015","Dillingham city, Alaska",1994,2156
"2016","Dillingham city, Alaska",1995,2179
"2017","Dillingham city, Alaska",1996,2223
"2018","Dillingham city, Alaska",1997,2248
"2019","Dillingham city, Alaska",1998,2318
"2020","Dillingham city, Alaska",1999,2302
"2021","Dillingham city, Alaska",2000,2466
"2022","Dillingham city, Alaska",2001,2452
"2023","Dillingham city, Alaska",2002,2457
"2024","Dillingham city, Alaska",2003,2374
"2025","Dillingham city, Alaska",2004,2396
"2026","Dillingham city, Alaska",2005,2364
"2027","Dillingham city, Alaska",2006,2389
"2028","Dillingham city, Alaska",2007,2379
"2029","Dillingham city, Alaska",2008,2309
"2030","Dillingham city, Alaska",2009,2245
"2031","Dillingham city, Alaska",2010,2329
"2032","Dillingham city, Alaska",2011,2371
"2033","Dillingham city, Alaska",2012,2406
"2034","Dillingham city, Alaska",2013,2395
"2035","Dillingham city, Alaska",2014,2431
"2036","Diomede city, Alaska",1991,175
"2037","Diomede city, Alaska",1992,182
"2038","Diomede city, Alaska",1993,178
"2039","Diomede city, Alaska",1994,170
"2040","Diomede city, Alaska",1995,154
"2041","Diomede city, Alaska",1996,170
"2042","Diomede city, Alaska",1997,173
"2043","Diomede city, Alaska",1998,175
"2044","Diomede city, Alaska",1999,136
"2045","Diomede city, Alaska",2000,146
"2046","Diomede city, Alaska",2001,139
"2047","Diomede city, Alaska",2002,128
"2048","Diomede city, Alaska",2003,137
"2049","Diomede city, Alaska",2004,142
"2050","Diomede city, Alaska",2005,133
"2051","Diomede city, Alaska",2006,112
"2052","Diomede city, Alaska",2007,144
"2053","Diomede city, Alaska",2008,130
"2054","Diomede city, Alaska",2009,118
"2055","Diomede city, Alaska",2010,115
"2056","Diomede city, Alaska",2011,114
"2057","Diomede city, Alaska",2012,121
"2058","Diomede city, Alaska",2013,119
"2059","Diomede city, Alaska",2014,111
"2060","Diomede city, Alaska",2015,94
"2061","Diomede city, Alaska",2016,88
"2062","Diomede city, Alaska",2017,102
"2063","Diomede city, Alaska",2018,99
"2064","Diomede city, Alaska",2019,96
"2065","Diomede city, Alaska",2020,83
"2066","Dot Lake CDP, Alaska",1991,65
"2067","Dot Lake CDP, Alaska",1992,81
"2068","Dot Lake CDP, Alaska",1993,72
"2069","Dot Lake CDP, Alaska",1994,81
"2070","Dot Lake CDP, Alaska",1995,80
"2071","Dot Lake CDP, Alaska",1996,70
"2072","Dot Lake CDP, Alaska",1997,80
"2073","Dot Lake CDP, Alaska",1998,63
"2074","Dot Lake CDP, Alaska",1999,61
"2075","Dot Lake CDP, Alaska",2000,19
"2076","Dot Lake CDP, Alaska",2001,23
"2077","Dot Lake CDP, Alaska",2002,15
"2078","Dot Lake CDP, Alaska",2003,23
"2079","Dot Lake CDP, Alaska",2004,20
"2080","Dot Lake CDP, Alaska",2005,17
"2081","Dot Lake CDP, Alaska",2006,11
"2082","Dot Lake CDP, Alaska",2007,11
"2083","Dot Lake CDP, Alaska",2008,12
"2084","Dot Lake CDP, Alaska",2009,8
"2085","Dot Lake CDP, Alaska",2010,13
"2086","Dot Lake CDP, Alaska",2011,12
"2087","Dot Lake CDP, Alaska",2012,17
"2088","Dot Lake CDP, Alaska",2013,19
"2089","Dot Lake CDP, Alaska",2014,11
"2090","Dot Lake CDP, Alaska",2015,16
"2091","Dot Lake CDP, Alaska",2016,19
"2092","Dot Lake CDP, Alaska",2017,23
"2093","Dot Lake CDP, Alaska",2018,21
"2094","Dot Lake CDP, Alaska",2019,22
"2095","Dot Lake CDP, Alaska",2020,21
"2096","Dot Lake CDP, Alaska",2015,37
"2097","Dot Lake CDP, Alaska",2016,41
"2098","Dot Lake CDP, Alaska",2017,23
"2099","Dot Lake CDP, Alaska",2018,23
"2100","Dot Lake CDP, Alaska",2019,18
"2101","Dot Lake CDP, Alaska",2020,23
"2102","Dot Lake Village CDP, Alaska",2000,38
"2103","Dot Lake Village CDP, Alaska",2001,32
"2104","Dot Lake Village CDP, Alaska",2002,37
"2105","Dot Lake Village CDP, Alaska",2003,44
"2106","Dot Lake Village CDP, Alaska",2004,37
"2107","Dot Lake Village CDP, Alaska",2005,38
"2108","Dot Lake Village CDP, Alaska",2006,41
"2109","Dot Lake Village CDP, Alaska",2007,73
"2110","Dot Lake Village CDP, Alaska",2008,54
"2111","Dot Lake Village CDP, Alaska",2009,50
"2112","Dot Lake Village CDP, Alaska",2010,62
"2113","Dot Lake Village CDP, Alaska",2011,53
"2114","Dot Lake Village CDP, Alaska",2012,54
"2115","Dot Lake Village CDP, Alaska",2013,50
"2116","Dot Lake Village CDP, Alaska",2014,41
"2117","Dot Lake Village CDP, Alaska",2015,16
"2118","Dot Lake Village CDP, Alaska",2016,19
"2119","Dot Lake Village CDP, Alaska",2017,23
"2120","Dot Lake Village CDP, Alaska",2018,21
"2121","Dot Lake Village CDP, Alaska",2019,22
"2122","Dot Lake Village CDP, Alaska",2020,21
"2123","Dot Lake Village CDP, Alaska",2015,37
"2124","Dot Lake Village CDP, Alaska",2016,41
"2125","Dot Lake Village CDP, Alaska",2017,23
"2126","Dot Lake Village CDP, Alaska",2018,23
"2127","Dot Lake Village CDP, Alaska",2019,18
"2128","Dot Lake Village CDP, Alaska",2020,23
"2129","Dry Creek CDP, Alaska",1991,102
"2130","Dry Creek CDP, Alaska",1992,96
"2131","Dry Creek CDP, Alaska",1993,96
"2132","Dry Creek CDP, Alaska",1994,104
"2133","Dry Creek CDP, Alaska",1995,105
"2134","Dry Creek CDP, Alaska",1996,112
"2135","Dry Creek CDP, Alaska",1997,110
"2136","Dry Creek CDP, Alaska",1998,118
"2137","Dry Creek CDP, Alaska",1999,115
"2138","Dry Creek CDP, Alaska",2000,128
"2139","Dry Creek CDP, Alaska",2001,134
"2140","Dry Creek CDP, Alaska",2002,126
"2141","Dry Creek CDP, Alaska",2003,113
"2142","Dry Creek CDP, Alaska",2004,106
"2143","Dry Creek CDP, Alaska",2005,105
"2144","Dry Creek CDP, Alaska",2006,99
"2145","Dry Creek CDP, Alaska",2007,104
"2146","Dry Creek CDP, Alaska",2008,93
"2147","Dry Creek CDP, Alaska",2009,94
"2148","Dry Creek CDP, Alaska",2010,94
"2149","Dry Creek CDP, Alaska",2011,98
"2150","Dry Creek CDP, Alaska",2012,111
"2151","Dry Creek CDP, Alaska",2013,104
"2152","Dry Creek CDP, Alaska",2014,102
"2153","Dry Creek CDP, Alaska",2015,78
"2154","Dry Creek CDP, Alaska",2016,74
"2155","Dry Creek CDP, Alaska",2017,70
"2156","Dry Creek CDP, Alaska",2018,65
"2157","Dry Creek CDP, Alaska",2019,60
"2158","Dry Creek CDP, Alaska",2020,61
"2159","Eagle Village CDP, Alaska",1991,34
"2160","Eagle Village CDP, Alaska",1992,32
"2161","Eagle Village CDP, Alaska",1993,32
"2162","Eagle Village CDP, Alaska",1994,29
"2163","Eagle Village CDP, Alaska",1995,28
"2164","Eagle Village CDP, Alaska",1996,31
"2165","Eagle Village CDP, Alaska",1997,32
"2166","Eagle Village CDP, Alaska",1998,33
"2167","Eagle Village CDP, Alaska",1999,32
"2168","Eagle Village CDP, Alaska",2000,68
"2169","Eagle Village CDP, Alaska",2001,67
"2170","Eagle Village CDP, Alaska",2002,72
"2171","Eagle Village CDP, Alaska",2003,69
"2172","Eagle Village CDP, Alaska",2004,80
"2173","Eagle Village CDP, Alaska",2005,83
"2174","Eagle Village CDP, Alaska",2006,83
"2175","Eagle Village CDP, Alaska",2007,91
"2176","Eagle Village CDP, Alaska",2008,82
"2177","Eagle Village CDP, Alaska",2009,84
"2178","Eagle Village CDP, Alaska",2010,67
"2179","Eagle Village CDP, Alaska",2011,67
"2180","Eagle Village CDP, Alaska",2012,74
"2181","Eagle Village CDP, Alaska",2013,53
"2182","Eagle Village CDP, Alaska",2014,65
"2183","Eagle Village CDP, Alaska",2015,65
"2184","Eagle Village CDP, Alaska",2016,61
"2185","Eagle Village CDP, Alaska",2017,60
"2186","Eagle Village CDP, Alaska",2018,50
"2187","Eagle Village CDP, Alaska",2019,57
"2188","Eagle Village CDP, Alaska",2020,53
"2189","Eagle city, Alaska",1991,165
"2190","Eagle city, Alaska",1992,156
"2191","Eagle city, Alaska",1993,156
"2192","Eagle city, Alaska",1994,142
"2193","Eagle city, Alaska",1995,137
"2194","Eagle city, Alaska",1996,148
"2195","Eagle city, Alaska",1997,154
"2196","Eagle city, Alaska",1998,156
"2197","Eagle city, Alaska",1999,152
"2198","Eagle city, Alaska",2000,129
"2199","Eagle city, Alaska",2001,132
"2200","Eagle city, Alaska",2002,133
"2201","Eagle city, Alaska",2003,103
"2202","Eagle city, Alaska",2004,89
"2203","Eagle city, Alaska",2005,98
"2204","Eagle city, Alaska",2006,73
"2205","Eagle city, Alaska",2007,80
"2206","Eagle city, Alaska",2008,82
"2207","Eagle city, Alaska",2009,82
"2208","Eagle city, Alaska",2010,86
"2209","Eagle city, Alaska",2011,82
"2210","Eagle city, Alaska",2012,87
"2211","Eagle city, Alaska",2013,92
"2212","Eagle city, Alaska",2014,81
"2213","Eagle city, Alaska",2015,84
"2214","Eagle city, Alaska",2016,87
"2215","Eagle city, Alaska",2017,88
"2216","Eagle city, Alaska",2018,90
"2217","Eagle city, Alaska",2019,86
"2218","Eagle city, Alaska",2020,83
"2219","Edna Bay CDP, Alaska",1991,95
"2220","Edna Bay CDP, Alaska",1992,84
"2221","Edna Bay CDP, Alaska",1993,81
"2222","Edna Bay CDP, Alaska",1994,78
"2223","Edna Bay CDP, Alaska",1995,75
"2224","Edna Bay CDP, Alaska",1996,76
"2225","Edna Bay CDP, Alaska",1997,68
"2226","Edna Bay CDP, Alaska",1998,58
"2227","Edna Bay CDP, Alaska",1999,55
"2228","Edna Bay CDP, Alaska",2000,49
"2229","Edna Bay CDP, Alaska",2001,39
"2230","Edna Bay CDP, Alaska",2002,39
"2231","Edna Bay CDP, Alaska",2003,43
"2232","Edna Bay CDP, Alaska",2004,42
"2233","Edna Bay CDP, Alaska",2005,40
"2234","Edna Bay CDP, Alaska",2006,39
"2235","Edna Bay CDP, Alaska",2007,40
"2236","Edna Bay CDP, Alaska",2008,37
"2237","Edna Bay CDP, Alaska",2009,46
"2238","Edna Bay CDP, Alaska",2010,42
"2239","Edna Bay CDP, Alaska",2011,50
"2240","Edna Bay CDP, Alaska",2012,39
"2241","Edna Bay CDP, Alaska",2013,49
"2242","Edna Bay CDP, Alaska",2014,46
"2243","Edna Bay CDP, Alaska",2015,37
"2244","Edna Bay CDP, Alaska",2016,30
"2245","Edna Bay CDP, Alaska",2017,30
"2246","Edna Bay CDP, Alaska",2018,29
"2247","Edna Bay CDP, Alaska",2019,30
"2248","Edna Bay CDP, Alaska",2020,25
"2249","Eek city, Alaska",1991,282
"2250","Eek city, Alaska",1992,270
"2251","Eek city, Alaska",1993,266
"2252","Eek city, Alaska",1994,271
"2253","Eek city, Alaska",1995,283
"2254","Eek city, Alaska",1996,285
"2255","Eek city, Alaska",1997,276
"2256","Eek city, Alaska",1998,307
"2257","Eek city, Alaska",1999,281
"2258","Eek city, Alaska",2000,280
"2259","Eek city, Alaska",2001,271
"2260","Eek city, Alaska",2002,290
"2261","Eek city, Alaska",2003,290
"2262","Eek city, Alaska",2004,292
"2263","Eek city, Alaska",2005,292
"2264","Eek city, Alaska",2006,287
"2265","Eek city, Alaska",2007,285
"2266","Eek city, Alaska",2008,272
"2267","Eek city, Alaska",2009,283
"2268","Eek city, Alaska",2010,296
"2269","Eek city, Alaska",2011,324
"2270","Eek city, Alaska",2012,339
"2271","Eek city, Alaska",2013,356
"2272","Eek city, Alaska",2014,349
"2273","Eek city, Alaska",2015,374
"2274","Eek city, Alaska",2016,371
"2275","Eek city, Alaska",2017,389
"2276","Eek city, Alaska",2018,384
"2277","Eek city, Alaska",2019,393
"2278","Eek city, Alaska",2020,404
"2279","Egegik city, Alaska",1991,126
"2280","Egegik city, Alaska",1992,130
"2281","Egegik city, Alaska",1993,125
"2282","Egegik city, Alaska",1994,136
"2283","Egegik city, Alaska",1995,138
"2284","Egegik city, Alaska",1996,136
"2285","Egegik city, Alaska",1997,126
"2286","Egegik city, Alaska",1998,130
"2287","Egegik city, Alaska",1999,117
"2288","Egegik city, Alaska",2000,116
"2289","Egegik city, Alaska",2001,80
"2290","Egegik city, Alaska",2002,87
"2291","Egegik city, Alaska",2003,82
"2292","Egegik city, Alaska",2004,77
"2293","Egegik city, Alaska",2005,81
"2294","Egegik city, Alaska",2006,76
"2295","Egegik city, Alaska",2007,63
"2296","Egegik city, Alaska",2008,63
"2297","Egegik city, Alaska",2009,73
"2298","Egegik city, Alaska",2010,109
"2299","Egegik city, Alaska",2011,113
"2300","Egegik city, Alaska",2012,106
"2301","Egegik city, Alaska",2013,112
"2302","Egegik city, Alaska",2014,106
"2303","Egegik city, Alaska",2015,102
"2304","Egegik city, Alaska",2016,84
"2305","Egegik city, Alaska",2017,75
"2306","Egegik city, Alaska",2018,75
"2307","Egegik city, Alaska",2019,84
"2308","Egegik city, Alaska",2020,39
"2309","Eielson AFB CDP, Alaska",1991,5874
"2310","Eielson AFB CDP, Alaska",1992,3787
"2311","Eielson AFB CDP, Alaska",1993,4711
"2312","Eielson AFB CDP, Alaska",1994,4277
"2313","Eielson AFB CDP, Alaska",1995,4329
"2314","Eielson AFB CDP, Alaska",1996,5605
"2315","Eielson AFB CDP, Alaska",1997,4448
"2316","Eielson AFB CDP, Alaska",1998,4935
"2317","Eielson AFB CDP, Alaska",1999,4751
"2318","Eielson AFB CDP, Alaska",2000,5388
"2319","Eielson AFB CDP, Alaska",2001,5181
"2320","Eielson AFB CDP, Alaska",2002,5903
"2321","Eielson AFB CDP, Alaska",2003,4499
"2322","Eielson AFB CDP, Alaska",2004,4769
"2323","Eielson AFB CDP, Alaska",2005,4661
"2324","Eielson AFB CDP, Alaska",2006,4497
"2325","Eielson AFB CDP, Alaska",2007,4381
"2326","Eielson AFB CDP, Alaska",2008,3265
"2327","Eielson AFB CDP, Alaska",2009,2934
"2328","Eielson AFB CDP, Alaska",2010,2647
"2329","Eielson AFB CDP, Alaska",2011,2331
"2330","Eielson AFB CDP, Alaska",2012,2793
"2331","Eielson AFB CDP, Alaska",2013,2593
"2332","Eielson AFB CDP, Alaska",2014,2205
"2333","Ekwok city, Alaska",1991,104
"2334","Ekwok city, Alaska",1992,107
"2335","Ekwok city, Alaska",1993,129
"2336","Ekwok city, Alaska",1994,121
"2337","Ekwok city, Alaska",1995,115
"2338","Ekwok city, Alaska",1996,116
"2339","Ekwok city, Alaska",1997,120
"2340","Ekwok city, Alaska",1998,121
"2341","Ekwok city, Alaska",1999,125
"2342","Ekwok city, Alaska",2000,130
"2343","Ekwok city, Alaska",2001,120
"2344","Ekwok city, Alaska",2002,118
"2345","Ekwok city, Alaska",2003,131
"2346","Ekwok city, Alaska",2004,131
"2347","Ekwok city, Alaska",2005,123
"2348","Ekwok city, Alaska",2006,121
"2349","Ekwok city, Alaska",2007,113
"2350","Ekwok city, Alaska",2008,128
"2351","Ekwok city, Alaska",2009,117
"2352","Ekwok city, Alaska",2010,115
"2353","Ekwok city, Alaska",2011,123
"2354","Ekwok city, Alaska",2012,118
"2355","Ekwok city, Alaska",2013,115
"2356","Ekwok city, Alaska",2014,119
"2357","Ekwok city, Alaska",2015,112
"2358","Ekwok city, Alaska",2016,117
"2359","Ekwok city, Alaska",2017,101
"2360","Ekwok city, Alaska",2018,109
"2361","Ekwok city, Alaska",2019,104
"2362","Ekwok city, Alaska",2020,111
"2363","Elfin Cove CDP, Alaska",1991,57
"2364","Elfin Cove CDP, Alaska",1992,57
"2365","Elfin Cove CDP, Alaska",1993,65
"2366","Elfin Cove CDP, Alaska",1994,56
"2367","Elfin Cove CDP, Alaska",1995,44
"2368","Elfin Cove CDP, Alaska",1996,52
"2369","Elfin Cove CDP, Alaska",1997,52
"2370","Elfin Cove CDP, Alaska",1998,50
"2371","Elfin Cove CDP, Alaska",1999,50
"2372","Elfin Cove CDP, Alaska",2000,32
"2373","Elfin Cove CDP, Alaska",2001,26
"2374","Elfin Cove CDP, Alaska",2002,30
"2375","Elfin Cove CDP, Alaska",2003,29
"2376","Elfin Cove CDP, Alaska",2004,24
"2377","Elfin Cove CDP, Alaska",2005,26
"2378","Elfin Cove CDP, Alaska",2006,23
"2379","Elfin Cove CDP, Alaska",2007,19
"2380","Elfin Cove CDP, Alaska",2008,20
"2381","Elfin Cove CDP, Alaska",2009,23
"2382","Elfin Cove CDP, Alaska",2010,20
"2383","Elfin Cove CDP, Alaska",2011,17
"2384","Elfin Cove CDP, Alaska",2012,20
"2385","Elfin Cove CDP, Alaska",2013,16
"2386","Elfin Cove CDP, Alaska",2014,16
"2387","Elfin Cove CDP, Alaska",2015,34
"2388","Elfin Cove CDP, Alaska",2016,35
"2389","Elfin Cove CDP, Alaska",2017,41
"2390","Elfin Cove CDP, Alaska",2018,36
"2391","Elfin Cove CDP, Alaska",2019,35
"2392","Elfin Cove CDP, Alaska",2020,24
"2393","Elim city, Alaska",1991,268
"2394","Elim city, Alaska",1992,265
"2395","Elim city, Alaska",1993,275
"2396","Elim city, Alaska",1994,273
"2397","Elim city, Alaska",1995,279
"2398","Elim city, Alaska",1996,286
"2399","Elim city, Alaska",1997,291
"2400","Elim city, Alaska",1998,303
"2401","Elim city, Alaska",1999,306
"2402","Elim city, Alaska",2000,313
"2403","Elim city, Alaska",2001,319
"2404","Elim city, Alaska",2002,344
"2405","Elim city, Alaska",2003,347
"2406","Elim city, Alaska",2004,326
"2407","Elim city, Alaska",2005,311
"2408","Elim city, Alaska",2006,303
"2409","Elim city, Alaska",2007,320
"2410","Elim city, Alaska",2008,291
"2411","Elim city, Alaska",2009,302
"2412","Elim city, Alaska",2010,330
"2413","Elim city, Alaska",2011,333
"2414","Elim city, Alaska",2012,365
"2415","Elim city, Alaska",2013,352
"2416","Elim city, Alaska",2014,350
"2417","Elim city, Alaska",2015,341
"2418","Elim city, Alaska",2016,342
"2419","Elim city, Alaska",2017,372
"2420","Elim city, Alaska",2018,371
"2421","Elim city, Alaska",2019,354
"2422","Elim city, Alaska",2020,366
"2423","Emmonak city, Alaska",1991,686
"2424","Emmonak city, Alaska",1992,722
"2425","Emmonak city, Alaska",1993,741
"2426","Emmonak city, Alaska",1994,770
"2427","Emmonak city, Alaska",1995,758
"2428","Emmonak city, Alaska",1996,780
"2429","Emmonak city, Alaska",1997,798
"2430","Emmonak city, Alaska",1998,837
"2431","Emmonak city, Alaska",1999,818
"2432","Emmonak city, Alaska",2000,767
"2433","Emmonak city, Alaska",2001,763
"2434","Emmonak city, Alaska",2002,742
"2435","Emmonak city, Alaska",2003,754
"2436","Emmonak city, Alaska",2004,759
"2437","Emmonak city, Alaska",2005,734
"2438","Emmonak city, Alaska",2006,751
"2439","Emmonak city, Alaska",2007,767
"2440","Emmonak city, Alaska",2008,782
"2441","Emmonak city, Alaska",2009,766
"2442","Emmonak city, Alaska",2010,762
"2443","Emmonak city, Alaska",2011,782
"2444","Emmonak city, Alaska",2012,755
"2445","Emmonak city, Alaska",2013,810
"2446","Emmonak city, Alaska",2014,841
"2447","Emmonak city, Alaska",2015,816
"2448","Emmonak city, Alaska",2016,843
"2449","Emmonak city, Alaska",2017,828
"2450","Emmonak city, Alaska",2018,844
"2451","Emmonak city, Alaska",2019,812
"2452","Emmonak city, Alaska",2020,825
"2453","Ester CDP, Alaska",1991,166
"2454","Ester CDP, Alaska",1992,187
"2455","Ester CDP, Alaska",1993,187
"2456","Ester CDP, Alaska",1994,203
"2457","Ester CDP, Alaska",1995,205
"2458","Ester CDP, Alaska",1996,218
"2459","Ester CDP, Alaska",1997,236
"2460","Ester CDP, Alaska",1998,234
"2461","Ester CDP, Alaska",1999,240
"2462","Ester CDP, Alaska",2000,1680
"2463","Ester CDP, Alaska",2001,1729
"2464","Ester CDP, Alaska",2002,1874
"2465","Ester CDP, Alaska",2003,1874
"2466","Ester CDP, Alaska",2004,1909
"2467","Ester CDP, Alaska",2005,1974
"2468","Ester CDP, Alaska",2006,2080
"2469","Ester CDP, Alaska",2007,2209
"2470","Ester CDP, Alaska",2008,2141
"2471","Ester CDP, Alaska",2009,2207
"2472","Ester CDP, Alaska",2010,2422
"2473","Ester CDP, Alaska",2011,2532
"2474","Ester CDP, Alaska",2012,2621
"2475","Ester CDP, Alaska",2013,2601
"2476","Ester CDP, Alaska",2014,2546
"2477","Eureka Roadhouse CDP, Alaska",2010,29
"2478","Eureka Roadhouse CDP, Alaska",2011,24
"2479","Eureka Roadhouse CDP, Alaska",2012,24
"2480","Eureka Roadhouse CDP, Alaska",2013,19
"2481","Eureka Roadhouse CDP, Alaska",2014,38
"2482","Eureka Roadhouse CDP, Alaska",2015,42
"2483","Eureka Roadhouse CDP, Alaska",2016,44
"2484","Eureka Roadhouse CDP, Alaska",2017,37
"2485","Eureka Roadhouse CDP, Alaska",2018,37
"2486","Eureka Roadhouse CDP, Alaska",2019,36
"2487","Eureka Roadhouse CDP, Alaska",2020,24
"2488","Evansville CDP, Alaska",1991,26
"2489","Evansville CDP, Alaska",1992,23
"2490","Evansville CDP, Alaska",1993,23
"2491","Evansville CDP, Alaska",1994,27
"2492","Evansville CDP, Alaska",1995,29
"2493","Evansville CDP, Alaska",1996,25
"2494","Evansville CDP, Alaska",1997,21
"2495","Evansville CDP, Alaska",1998,24
"2496","Evansville CDP, Alaska",1999,24
"2497","Evansville CDP, Alaska",2000,28
"2498","Evansville CDP, Alaska",2001,28
"2499","Evansville CDP, Alaska",2002,22
"2500","Evansville CDP, Alaska",2003,23
"2501","Evansville CDP, Alaska",2004,22
"2502","Evansville CDP, Alaska",2005,24
"2503","Evansville CDP, Alaska",2006,21
"2504","Evansville CDP, Alaska",2007,21
"2505","Evansville CDP, Alaska",2008,17
"2506","Evansville CDP, Alaska",2009,16
"2507","Evansville CDP, Alaska",2010,15
"2508","Evansville CDP, Alaska",2011,8
"2509","Evansville CDP, Alaska",2012,5
"2510","Evansville CDP, Alaska",2013,8
"2511","Evansville CDP, Alaska",2014,8
"2512","Evansville CDP, Alaska",2015,13
"2513","Evansville CDP, Alaska",2016,17
"2514","Evansville CDP, Alaska",2017,19
"2515","Evansville CDP, Alaska",2018,17
"2516","Evansville CDP, Alaska",2019,18
"2517","Evansville CDP, Alaska",2020,12
"2518","Excursion Inlet CDP, Alaska",2000,10
"2519","Excursion Inlet CDP, Alaska",2001,15
"2520","Excursion Inlet CDP, Alaska",2002,10
"2521","Excursion Inlet CDP, Alaska",2003,13
"2522","Excursion Inlet CDP, Alaska",2004,11
"2523","Excursion Inlet CDP, Alaska",2005,11
"2524","Excursion Inlet CDP, Alaska",2006,10
"2525","Excursion Inlet CDP, Alaska",2007,15
"2526","Excursion Inlet CDP, Alaska",2008,15
"2527","Excursion Inlet CDP, Alaska",2009,13
"2528","Excursion Inlet CDP, Alaska",2010,12
"2529","Excursion Inlet CDP, Alaska",2011,15
"2530","Excursion Inlet CDP, Alaska",2012,12
"2531","Excursion Inlet CDP, Alaska",2013,8
"2532","Excursion Inlet CDP, Alaska",2014,9
"2533","Excursion Inlet CDP, Alaska",2015,9
"2534","Excursion Inlet CDP, Alaska",2016,14
"2535","Excursion Inlet CDP, Alaska",2017,12
"2536","Excursion Inlet CDP, Alaska",2018,13
"2537","Excursion Inlet CDP, Alaska",2019,16
"2538","Excursion Inlet CDP, Alaska",2020,40
"2539","Fairbanks city, Alaska",1991,32589
"2540","Fairbanks city, Alaska",1992,32961
"2541","Fairbanks city, Alaska",1993,33049
"2542","Fairbanks city, Alaska",1994,32474
"2543","Fairbanks city, Alaska",1995,32284
"2544","Fairbanks city, Alaska",1996,31431
"2545","Fairbanks city, Alaska",1997,31697
"2546","Fairbanks city, Alaska",1998,31528
"2547","Fairbanks city, Alaska",1999,31697
"2548","Fairbanks city, Alaska",2000,30215
"2549","Fairbanks city, Alaska",2001,29611
"2550","Fairbanks city, Alaska",2002,29941
"2551","Fairbanks city, Alaska",2003,29156
"2552","Fairbanks city, Alaska",2004,30402
"2553","Fairbanks city, Alaska",2005,31478
"2554","Fairbanks city, Alaska",2006,30580
"2555","Fairbanks city, Alaska",2007,32266
"2556","Fairbanks city, Alaska",2008,31694
"2557","Fairbanks city, Alaska",2009,32346
"2558","Fairbanks city, Alaska",2010,31535
"2559","Fairbanks city, Alaska",2011,30615
"2560","Fairbanks city, Alaska",2012,32070
"2561","Fairbanks city, Alaska",2013,32185
"2562","Fairbanks city, Alaska",2014,31721
"2563","False Pass city, Alaska",1991,62
"2564","False Pass city, Alaska",1992,68
"2565","False Pass city, Alaska",1993,62
"2566","False Pass city, Alaska",1994,66
"2567","False Pass city, Alaska",1995,73
"2568","False Pass city, Alaska",1996,70
"2569","False Pass city, Alaska",1997,63
"2570","False Pass city, Alaska",1998,58
"2571","False Pass city, Alaska",1999,48
"2572","False Pass city, Alaska",2000,64
"2573","False Pass city, Alaska",2001,69
"2574","False Pass city, Alaska",2002,79
"2575","False Pass city, Alaska",2003,70
"2576","False Pass city, Alaska",2004,64
"2577","False Pass city, Alaska",2005,64
"2578","False Pass city, Alaska",2006,54
"2579","False Pass city, Alaska",2007,46
"2580","False Pass city, Alaska",2008,40
"2581","False Pass city, Alaska",2009,43
"2582","False Pass city, Alaska",2010,35
"2583","False Pass city, Alaska",2011,27
"2584","False Pass city, Alaska",2012,26
"2585","False Pass city, Alaska",2013,40
"2586","False Pass city, Alaska",2014,34
"2587","False Pass city, Alaska",2015,54
"2588","False Pass city, Alaska",2016,54
"2589","False Pass city, Alaska",2017,56
"2590","False Pass city, Alaska",2018,54
"2591","False Pass city, Alaska",2019,62
"2592","False Pass city, Alaska",2020,397
"2593","Farm Loop CDP, Alaska",2000,975
"2594","Farm Loop CDP, Alaska",2001,972
"2595","Farm Loop CDP, Alaska",2002,1024
"2596","Farm Loop CDP, Alaska",2003,1006
"2597","Farm Loop CDP, Alaska",2004,982
"2598","Farm Loop CDP, Alaska",2005,1016
"2599","Farm Loop CDP, Alaska",2006,1048
"2600","Farm Loop CDP, Alaska",2007,1062
"2601","Farm Loop CDP, Alaska",2008,1079
"2602","Farm Loop CDP, Alaska",2009,1040
"2603","Farm Loop CDP, Alaska",2010,1028
"2604","Farm Loop CDP, Alaska",2011,1047
"2605","Farm Loop CDP, Alaska",2012,1036
"2606","Farm Loop CDP, Alaska",2013,1103
"2607","Farm Loop CDP, Alaska",2014,1079
"2608","Farmers Loop CDP, Alaska",2010,4853
"2609","Farmers Loop CDP, Alaska",2011,4973
"2610","Farmers Loop CDP, Alaska",2012,5024
"2611","Farmers Loop CDP, Alaska",2013,4968
"2612","Farmers Loop CDP, Alaska",2014,4953
"2613","Ferry CDP, Alaska",1991,59
"2614","Ferry CDP, Alaska",1992,61
"2615","Ferry CDP, Alaska",1993,62
"2616","Ferry CDP, Alaska",1994,64
"2617","Ferry CDP, Alaska",1995,65
"2618","Ferry CDP, Alaska",1996,68
"2619","Ferry CDP, Alaska",1997,70
"2620","Ferry CDP, Alaska",1998,74
"2621","Ferry CDP, Alaska",1999,74
"2622","Ferry CDP, Alaska",2000,29
"2623","Ferry CDP, Alaska",2001,32
"2624","Ferry CDP, Alaska",2002,33
"2625","Ferry CDP, Alaska",2003,34
"2626","Ferry CDP, Alaska",2004,37
"2627","Ferry CDP, Alaska",2005,35
"2628","Ferry CDP, Alaska",2006,34
"2629","Ferry CDP, Alaska",2007,29
"2630","Ferry CDP, Alaska",2008,36
"2631","Ferry CDP, Alaska",2009,35
"2632","Ferry CDP, Alaska",2010,33
"2633","Ferry CDP, Alaska",2011,36
"2634","Ferry CDP, Alaska",2012,33
"2635","Ferry CDP, Alaska",2013,32
"2636","Ferry CDP, Alaska",2014,25
"2637","Ferry CDP, Alaska",2015,26
"2638","Ferry CDP, Alaska",2016,25
"2639","Ferry CDP, Alaska",2017,23
"2640","Ferry CDP, Alaska",2018,24
"2641","Ferry CDP, Alaska",2019,21
"2642","Ferry CDP, Alaska",2020,17
"2643","Fishhook CDP, Alaska",2000,2565
"2644","Fishhook CDP, Alaska",2001,2712
"2645","Fishhook CDP, Alaska",2002,2810
"2646","Fishhook CDP, Alaska",2003,2964
"2647","Fishhook CDP, Alaska",2004,3338
"2648","Fishhook CDP, Alaska",2005,3565
"2649","Fishhook CDP, Alaska",2006,3780
"2650","Fishhook CDP, Alaska",2007,3970
"2651","Fishhook CDP, Alaska",2008,4271
"2652","Fishhook CDP, Alaska",2009,4366
"2653","Fishhook CDP, Alaska",2010,4679
"2654","Fishhook CDP, Alaska",2011,4793
"2655","Fishhook CDP, Alaska",2012,5033
"2656","Fishhook CDP, Alaska",2013,5084
"2657","Fishhook CDP, Alaska",2014,5331
"2658","Flat CDP, Alaska",2000,4
"2659","Flat CDP, Alaska",2001,1
"2660","Flat CDP, Alaska",2002,0
"2661","Flat CDP, Alaska",2003,0
"2662","Flat CDP, Alaska",2004,0
"2663","Flat CDP, Alaska",2005,0
"2664","Flat CDP, Alaska",2006,0
"2665","Flat CDP, Alaska",2007,0
"2666","Flat CDP, Alaska",2008,0
"2667","Flat CDP, Alaska",2009,0
"2668","Flat CDP, Alaska",2010,0
"2669","Flat CDP, Alaska",2011,0
"2670","Flat CDP, Alaska",2012,0
"2671","Flat CDP, Alaska",2013,0
"2672","Flat CDP, Alaska",2014,0
"2673","Flat CDP, Alaska",2015,0
"2674","Flat CDP, Alaska",2016,0
"2675","Flat CDP, Alaska",2017,0
"2676","Flat CDP, Alaska",2018,0
"2677","Flat CDP, Alaska",2019,0
"2678","Flat CDP, Alaska",2020,0
"2679","Fort Greely CDP, Alaska",1991,1200
"2680","Fort Greely CDP, Alaska",1992,1060
"2681","Fort Greely CDP, Alaska",1993,1133
"2682","Fort Greely CDP, Alaska",1994,960
"2683","Fort Greely CDP, Alaska",1995,915
"2684","Fort Greely CDP, Alaska",1996,809
"2685","Fort Greely CDP, Alaska",1997,721
"2686","Fort Greely CDP, Alaska",1998,684
"2687","Fort Greely CDP, Alaska",1999,635
"2688","Fort Greely CDP, Alaska",2000,461
"2689","Fort Greely CDP, Alaska",2001,51
"2690","Fort Greely CDP, Alaska",2002,51
"2691","Fort Greely CDP, Alaska",2003,51
"2692","Fort Greely CDP, Alaska",2004,329
"2693","Fort Greely CDP, Alaska",2005,481
"2694","Fort Greely CDP, Alaska",2006,1010
"2695","Fort Greely CDP, Alaska",2007,597
"2696","Fort Greely CDP, Alaska",2008,795
"2697","Fort Greely CDP, Alaska",2009,646
"2698","Fort Greely CDP, Alaska",2010,539
"2699","Fort Greely CDP, Alaska",2011,502
"2700","Fort Greely CDP, Alaska",2012,529
"2701","Fort Greely CDP, Alaska",2013,455
"2702","Fort Greely CDP, Alaska",2014,463
"2703","Fort Greely CDP, Alaska",2015,323
"2704","Fort Greely CDP, Alaska",2016,339
"2705","Fort Greely CDP, Alaska",2017,324
"2706","Fort Greely CDP, Alaska",2018,311
"2707","Fort Greely CDP, Alaska",2019,282
"2708","Fort Greely CDP, Alaska",2020,309
"2709","Fort Yukon city, Alaska",1991,600
"2710","Fort Yukon city, Alaska",1992,621
"2711","Fort Yukon city, Alaska",1993,604
"2712","Fort Yukon city, Alaska",1994,591
"2713","Fort Yukon city, Alaska",1995,586
"2714","Fort Yukon city, Alaska",1996,572
"2715","Fort Yukon city, Alaska",1997,579
"2716","Fort Yukon city, Alaska",1998,550
"2717","Fort Yukon city, Alaska",1999,570
"2718","Fort Yukon city, Alaska",2000,595
"2719","Fort Yukon city, Alaska",2001,571
"2720","Fort Yukon city, Alaska",2002,576
"2721","Fort Yukon city, Alaska",2003,568
"2722","Fort Yukon city, Alaska",2004,605
"2723","Fort Yukon city, Alaska",2005,583
"2724","Fort Yukon city, Alaska",2006,608
"2725","Fort Yukon city, Alaska",2007,602
"2726","Fort Yukon city, Alaska",2008,600
"2727","Fort Yukon city, Alaska",2009,604
"2728","Fort Yukon city, Alaska",2010,583
"2729","Fort Yukon city, Alaska",2011,585
"2730","Fort Yukon city, Alaska",2012,586
"2731","Fort Yukon city, Alaska",2013,588
"2732","Fort Yukon city, Alaska",2014,576
"2733","Fort Yukon city, Alaska",2015,514
"2734","Fort Yukon city, Alaska",2016,498
"2735","Fort Yukon city, Alaska",2017,491
"2736","Fort Yukon city, Alaska",2018,460
"2737","Fort Yukon city, Alaska",2019,442
"2738","Fort Yukon city, Alaska",2020,428
"2739","Four Mile Road CDP, Alaska",2000,38
"2740","Four Mile Road CDP, Alaska",2001,43
"2741","Four Mile Road CDP, Alaska",2002,40
"2742","Four Mile Road CDP, Alaska",2003,41
"2743","Four Mile Road CDP, Alaska",2004,31
"2744","Four Mile Road CDP, Alaska",2005,33
"2745","Four Mile Road CDP, Alaska",2006,42
"2746","Four Mile Road CDP, Alaska",2007,38
"2747","Four Mile Road CDP, Alaska",2008,44
"2748","Four Mile Road CDP, Alaska",2009,44
"2749","Four Mile Road CDP, Alaska",2010,43
"2750","Four Mile Road CDP, Alaska",2011,44
"2751","Four Mile Road CDP, Alaska",2012,38
"2752","Four Mile Road CDP, Alaska",2013,26
"2753","Four Mile Road CDP, Alaska",2014,31
"2754","Four Mile Road CDP, Alaska",2015,22
"2755","Four Mile Road CDP, Alaska",2016,24
"2756","Four Mile Road CDP, Alaska",2017,22
"2757","Four Mile Road CDP, Alaska",2018,18
"2758","Four Mile Road CDP, Alaska",2019,17
"2759","Four Mile Road CDP, Alaska",2020,18
"2760","Fox CDP, Alaska",1991,279
"2761","Fox CDP, Alaska",1992,290
"2762","Fox CDP, Alaska",1993,291
"2763","Fox CDP, Alaska",1994,296
"2764","Fox CDP, Alaska",1995,300
"2765","Fox CDP, Alaska",1996,309
"2766","Fox CDP, Alaska",1997,320
"2767","Fox CDP, Alaska",1998,323
"2768","Fox CDP, Alaska",1999,332
"2769","Fox CDP, Alaska",2000,300
"2770","Fox CDP, Alaska",2001,320
"2771","Fox CDP, Alaska",2002,322
"2772","Fox CDP, Alaska",2003,334
"2773","Fox CDP, Alaska",2004,359
"2774","Fox CDP, Alaska",2005,390
"2775","Fox CDP, Alaska",2006,388
"2776","Fox CDP, Alaska",2007,372
"2777","Fox CDP, Alaska",2008,379
"2778","Fox CDP, Alaska",2009,404
"2779","Fox CDP, Alaska",2010,417
"2780","Fox CDP, Alaska",2011,456
"2781","Fox CDP, Alaska",2012,435
"2782","Fox CDP, Alaska",2013,469
"2783","Fox CDP, Alaska",2014,440
"2784","Fox CDP, Alaska",2015,447
"2785","Fox CDP, Alaska",2016,460
"2786","Fox CDP, Alaska",2017,465
"2787","Fox CDP, Alaska",2018,441
"2788","Fox CDP, Alaska",2019,453
"2789","Fox CDP, Alaska",2020,406
"2790","Fox River CDP, Alaska",1991,386
"2791","Fox River CDP, Alaska",1992,391
"2792","Fox River CDP, Alaska",1993,399
"2793","Fox River CDP, Alaska",1994,408
"2794","Fox River CDP, Alaska",1995,412
"2795","Fox River CDP, Alaska",1996,405
"2796","Fox River CDP, Alaska",1997,431
"2797","Fox River CDP, Alaska",1998,435
"2798","Fox River CDP, Alaska",1999,439
"2799","Fox River CDP, Alaska",2000,616
"2800","Fox River CDP, Alaska",2001,597
"2801","Fox River CDP, Alaska",2002,580
"2802","Fox River CDP, Alaska",2003,592
"2803","Fox River CDP, Alaska",2004,626
"2804","Fox River CDP, Alaska",2005,643
"2805","Fox River CDP, Alaska",2006,656
"2806","Fox River CDP, Alaska",2007,650
"2807","Fox River CDP, Alaska",2008,677
"2808","Fox River CDP, Alaska",2009,628
"2809","Fox River CDP, Alaska",2010,685
"2810","Fox River CDP, Alaska",2011,659
"2811","Fox River CDP, Alaska",2012,653
"2812","Fox River CDP, Alaska",2013,644
"2813","Fox River CDP, Alaska",2014,644
"2814","Fox River CDP, Alaska",2015,655
"2815","Fox River CDP, Alaska",2016,662
"2816","Fox River CDP, Alaska",2017,674
"2817","Fox River CDP, Alaska",2018,662
"2818","Fox River CDP, Alaska",2019,653
"2819","Fox River CDP, Alaska",2020,644
"2820","Fritz Creek CDP, Alaska",1991,1348
"2821","Fritz Creek CDP, Alaska",1992,1456
"2822","Fritz Creek CDP, Alaska",1993,1491
"2823","Fritz Creek CDP, Alaska",1994,1595
"2824","Fritz Creek CDP, Alaska",1995,1744
"2825","Fritz Creek CDP, Alaska",1996,1879
"2826","Fritz Creek CDP, Alaska",1997,1979
"2827","Fritz Creek CDP, Alaska",1998,1981
"2828","Fritz Creek CDP, Alaska",1999,2097
"2829","Fritz Creek CDP, Alaska",2000,1603
"2830","Fritz Creek CDP, Alaska",2001,1669
"2831","Fritz Creek CDP, Alaska",2002,1740
"2832","Fritz Creek CDP, Alaska",2003,1765
"2833","Fritz Creek CDP, Alaska",2004,1758
"2834","Fritz Creek CDP, Alaska",2005,1795
"2835","Fritz Creek CDP, Alaska",2006,1768
"2836","Fritz Creek CDP, Alaska",2007,1814
"2837","Fritz Creek CDP, Alaska",2008,1869
"2838","Fritz Creek CDP, Alaska",2009,1868
"2839","Fritz Creek CDP, Alaska",2010,1932
"2840","Fritz Creek CDP, Alaska",2011,1906
"2841","Fritz Creek CDP, Alaska",2012,1953
"2842","Fritz Creek CDP, Alaska",2013,2017
"2843","Fritz Creek CDP, Alaska",2014,2024
"2844","Funny River CDP, Alaska",2000,636
"2845","Funny River CDP, Alaska",2001,626
"2846","Funny River CDP, Alaska",2002,689
"2847","Funny River CDP, Alaska",2003,715
"2848","Funny River CDP, Alaska",2004,747
"2849","Funny River CDP, Alaska",2005,759
"2850","Funny River CDP, Alaska",2006,747
"2851","Funny River CDP, Alaska",2007,781
"2852","Funny River CDP, Alaska",2008,781
"2853","Funny River CDP, Alaska",2009,816
"2854","Funny River CDP, Alaska",2010,877
"2855","Funny River CDP, Alaska",2011,909
"2856","Funny River CDP, Alaska",2012,928
"2857","Funny River CDP, Alaska",2013,883
"2858","Funny River CDP, Alaska",2014,877
"2859","Funny River CDP, Alaska",2015,965
"2860","Funny River CDP, Alaska",2016,971
"2861","Funny River CDP, Alaska",2017,987
"2862","Gakona CDP, Alaska",1991,27
"2863","Gakona CDP, Alaska",1992,26
"2864","Gakona CDP, Alaska",1993,26
"2865","Gakona CDP, Alaska",1994,25
"2866","Gakona CDP, Alaska",1995,26
"2867","Gakona CDP, Alaska",1996,25
"2868","Gakona CDP, Alaska",1997,23
"2869","Gakona CDP, Alaska",1998,23
"2870","Gakona CDP, Alaska",1999,22
"2871","Gakona CDP, Alaska",2000,215
"2872","Gakona CDP, Alaska",2001,226
"2873","Gakona CDP, Alaska",2002,250
"2874","Gakona CDP, Alaska",2003,231
"2875","Gakona CDP, Alaska",2004,238
"2876","Gakona CDP, Alaska",2005,227
"2877","Gakona CDP, Alaska",2006,249
"2878","Gakona CDP, Alaska",2007,240
"2879","Gakona CDP, Alaska",2008,223
"2880","Gakona CDP, Alaska",2009,210
"2881","Gakona CDP, Alaska",2010,218
"2882","Gakona CDP, Alaska",2011,224
"2883","Gakona CDP, Alaska",2012,214
"2884","Gakona CDP, Alaska",2013,217
"2885","Gakona CDP, Alaska",2014,205
"2886","Gakona CDP, Alaska",2015,192
"2887","Gakona CDP, Alaska",2016,183
"2888","Gakona CDP, Alaska",2017,165
"2889","Gakona CDP, Alaska",2018,180
"2890","Gakona CDP, Alaska",2019,170
"2891","Gakona CDP, Alaska",2020,169
"2892","Galena city, Alaska",1991,849
"2893","Galena city, Alaska",1992,840
"2894","Galena city, Alaska",1993,714
"2895","Galena city, Alaska",1994,521
"2896","Galena city, Alaska",1995,528
"2897","Galena city, Alaska",1996,526
"2898","Galena city, Alaska",1997,539
"2899","Galena city, Alaska",1998,544
"2900","Galena city, Alaska",1999,563
"2901","Galena city, Alaska",2000,675
"2902","Galena city, Alaska",2001,674
"2903","Galena city, Alaska",2002,693
"2904","Galena city, Alaska",2003,708
"2905","Galena city, Alaska",2004,680
"2906","Galena city, Alaska",2005,640
"2907","Galena city, Alaska",2006,616
"2908","Galena city, Alaska",2007,584
"2909","Galena city, Alaska",2008,556
"2910","Galena city, Alaska",2009,539
"2911","Galena city, Alaska",2010,470
"2912","Galena city, Alaska",2011,487
"2913","Galena city, Alaska",2012,484
"2914","Galena city, Alaska",2013,483
"2915","Galena city, Alaska",2014,449
"2916","Galena city, Alaska",2015,484
"2917","Galena city, Alaska",2016,485
"2918","Galena city, Alaska",2017,469
"2919","Galena city, Alaska",2018,461
"2920","Galena city, Alaska",2019,449
"2921","Galena city, Alaska",2020,472
"2922","Gambell city, Alaska",1991,551
"2923","Gambell city, Alaska",1992,580
"2924","Gambell city, Alaska",1993,589
"2925","Gambell city, Alaska",1994,616
"2926","Gambell city, Alaska",1995,623
"2927","Gambell city, Alaska",1996,633
"2928","Gambell city, Alaska",1997,647
"2929","Gambell city, Alaska",1998,670
"2930","Gambell city, Alaska",1999,668
"2931","Gambell city, Alaska",2000,649
"2932","Gambell city, Alaska",2001,644
"2933","Gambell city, Alaska",2002,644
"2934","Gambell city, Alaska",2003,651
"2935","Gambell city, Alaska",2004,657
"2936","Gambell city, Alaska",2005,667
"2937","Gambell city, Alaska",2006,653
"2938","Gambell city, Alaska",2007,671
"2939","Gambell city, Alaska",2008,683
"2940","Gambell city, Alaska",2009,680
"2941","Gambell city, Alaska",2010,681
"2942","Gambell city, Alaska",2011,676
"2943","Gambell city, Alaska",2012,696
"2944","Gambell city, Alaska",2013,721
"2945","Gambell city, Alaska",2014,713
"2946","Gambell city, Alaska",2015,676
"2947","Gambell city, Alaska",2016,692
"2948","Gambell city, Alaska",2017,682
"2949","Gambell city, Alaska",2018,684
"2950","Gambell city, Alaska",2019,630
"2951","Gambell city, Alaska",2020,640
"2952","Game Creek CDP, Alaska",1991,67
"2953","Game Creek CDP, Alaska",1992,66
"2954","Game Creek CDP, Alaska",1993,71
"2955","Game Creek CDP, Alaska",1994,76
"2956","Game Creek CDP, Alaska",1995,75
"2957","Game Creek CDP, Alaska",1996,74
"2958","Game Creek CDP, Alaska",1997,70
"2959","Game Creek CDP, Alaska",1998,61
"2960","Game Creek CDP, Alaska",1999,50
"2961","Game Creek CDP, Alaska",2000,35
"2962","Game Creek CDP, Alaska",2001,34
"2963","Game Creek CDP, Alaska",2002,34
"2964","Game Creek CDP, Alaska",2003,34
"2965","Game Creek CDP, Alaska",2004,25
"2966","Game Creek CDP, Alaska",2005,20
"2967","Game Creek CDP, Alaska",2006,20
"2968","Game Creek CDP, Alaska",2007,19
"2969","Game Creek CDP, Alaska",2008,18
"2970","Game Creek CDP, Alaska",2009,16
"2971","Game Creek CDP, Alaska",2010,18
"2972","Game Creek CDP, Alaska",2011,14
"2973","Game Creek CDP, Alaska",2012,19
"2974","Game Creek CDP, Alaska",2013,27
"2975","Game Creek CDP, Alaska",2014,18
"2976","Game Creek CDP, Alaska",2015,25
"2977","Game Creek CDP, Alaska",2016,25
"2978","Game Creek CDP, Alaska",2017,22
"2979","Game Creek CDP, Alaska",2018,23
"2980","Game Creek CDP, Alaska",2019,23
"2981","Game Creek CDP, Alaska",2020,23
"2982","Gateway CDP, Alaska",2000,3802
"2983","Gateway CDP, Alaska",2001,4024
"2984","Gateway CDP, Alaska",2002,4156
"2985","Gateway CDP, Alaska",2003,4275
"2986","Gateway CDP, Alaska",2004,4613
"2987","Gateway CDP, Alaska",2005,4805
"2988","Gateway CDP, Alaska",2006,5036
"2989","Gateway CDP, Alaska",2007,5206
"2990","Gateway CDP, Alaska",2008,5377
"2991","Gateway CDP, Alaska",2009,5362
"2992","Gateway CDP, Alaska",2010,5552
"2993","Gateway CDP, Alaska",2011,5732
"2994","Gateway CDP, Alaska",2012,5910
"2995","Gateway CDP, Alaska",2013,6192
"2996","Gateway CDP, Alaska",2014,6472
"2997","Glacier View CDP, Alaska",2000,238
"2998","Glacier View CDP, Alaska",2001,228
"2999","Glacier View CDP, Alaska",2002,234
"3000","Glacier View CDP, Alaska",2003,233
"3001","Glacier View CDP, Alaska",2004,249
"3002","Glacier View CDP, Alaska",2005,245
"3003","Glacier View CDP, Alaska",2006,221
"3004","Glacier View CDP, Alaska",2007,216
"3005","Glacier View CDP, Alaska",2008,232
"3006","Glacier View CDP, Alaska",2009,226
"3007","Glacier View CDP, Alaska",2010,234
"3008","Glacier View CDP, Alaska",2011,245
"3009","Glacier View CDP, Alaska",2012,235
"3010","Glacier View CDP, Alaska",2013,235
"3011","Glacier View CDP, Alaska",2014,247
"3012","Glacier View CDP, Alaska",2015,310
"3013","Glacier View CDP, Alaska",2016,317
"3014","Glacier View CDP, Alaska",2017,326
"3015","Glacier View CDP, Alaska",2018,312
"3016","Glacier View CDP, Alaska",2019,345
"3017","Glacier View CDP, Alaska",2020,375
"3018","Glennallen CDP, Alaska",1991,460
"3019","Glennallen CDP, Alaska",1992,486
"3020","Glennallen CDP, Alaska",1993,478
"3021","Glennallen CDP, Alaska",1994,475
"3022","Glennallen CDP, Alaska",1995,487
"3023","Glennallen CDP, Alaska",1996,494
"3024","Glennallen CDP, Alaska",1997,507
"3025","Glennallen CDP, Alaska",1998,485
"3026","Glennallen CDP, Alaska",1999,494
"3027","Glennallen CDP, Alaska",2000,554
"3028","Glennallen CDP, Alaska",2001,564
"3029","Glennallen CDP, Alaska",2002,544
"3030","Glennallen CDP, Alaska",2003,603
"3031","Glennallen CDP, Alaska",2004,567
"3032","Glennallen CDP, Alaska",2005,602
"3033","Glennallen CDP, Alaska",2006,530
"3034","Glennallen CDP, Alaska",2007,515
"3035","Glennallen CDP, Alaska",2008,461
"3036","Glennallen CDP, Alaska",2009,481
"3037","Glennallen CDP, Alaska",2010,483
"3038","Glennallen CDP, Alaska",2011,486
"3039","Glennallen CDP, Alaska",2012,491
"3040","Glennallen CDP, Alaska",2013,512
"3041","Glennallen CDP, Alaska",2014,473
"3042","Glennallen CDP, Alaska",2015,475
"3043","Glennallen CDP, Alaska",2016,482
"3044","Glennallen CDP, Alaska",2017,490
"3045","Glennallen CDP, Alaska",2018,486
"3046","Glennallen CDP, Alaska",2019,486
"3047","Glennallen CDP, Alaska",2020,439
"3048","Goldstream CDP, Alaska",2010,3557
"3049","Goldstream CDP, Alaska",2011,3643
"3050","Goldstream CDP, Alaska",2012,3702
"3051","Goldstream CDP, Alaska",2013,3649
"3052","Goldstream CDP, Alaska",2014,3689
"3053","Golovin city, Alaska",1991,145
"3054","Golovin city, Alaska",1992,149
"3055","Golovin city, Alaska",1993,154
"3056","Golovin city, Alaska",1994,157
"3057","Golovin city, Alaska",1995,148
"3058","Golovin city, Alaska",1996,160
"3059","Golovin city, Alaska",1997,150
"3060","Golovin city, Alaska",1998,143
"3061","Golovin city, Alaska",1999,141
"3062","Golovin city, Alaska",2000,144
"3063","Golovin city, Alaska",2001,155
"3064","Golovin city, Alaska",2002,149
"3065","Golovin city, Alaska",2003,156
"3066","Golovin city, Alaska",2004,161
"3067","Golovin city, Alaska",2005,150
"3068","Golovin city, Alaska",2006,154
"3069","Golovin city, Alaska",2007,166
"3070","Golovin city, Alaska",2008,160
"3071","Golovin city, Alaska",2009,154
"3072","Golovin city, Alaska",2010,156
"3073","Golovin city, Alaska",2011,171
"3074","Golovin city, Alaska",2012,173
"3075","Golovin city, Alaska",2013,180
"3076","Golovin city, Alaska",2014,171
"3077","Golovin city, Alaska",2015,201
"3078","Golovin city, Alaska",2016,200
"3079","Golovin city, Alaska",2017,193
"3080","Golovin city, Alaska",2018,184
"3081","Golovin city, Alaska",2019,173
"3082","Golovin city, Alaska",2020,175
"3083","Goodnews Bay city, Alaska",1991,235
"3084","Goodnews Bay city, Alaska",1992,244
"3085","Goodnews Bay city, Alaska",1993,239
"3086","Goodnews Bay city, Alaska",1994,262
"3087","Goodnews Bay city, Alaska",1995,250
"3088","Goodnews Bay city, Alaska",1996,252
"3089","Goodnews Bay city, Alaska",1997,263
"3090","Goodnews Bay city, Alaska",1998,256
"3091","Goodnews Bay city, Alaska",1999,256
"3092","Goodnews Bay city, Alaska",2000,230
"3093","Goodnews Bay city, Alaska",2001,229
"3094","Goodnews Bay city, Alaska",2002,236
"3095","Goodnews Bay city, Alaska",2003,248
"3096","Goodnews Bay city, Alaska",2004,241
"3097","Goodnews Bay city, Alaska",2005,243
"3098","Goodnews Bay city, Alaska",2006,251
"3099","Goodnews Bay city, Alaska",2007,242
"3100","Goodnews Bay city, Alaska",2008,233
"3101","Goodnews Bay city, Alaska",2009,247
"3102","Goodnews Bay city, Alaska",2010,243
"3103","Goodnews Bay city, Alaska",2011,244
"3104","Goodnews Bay city, Alaska",2012,258
"3105","Goodnews Bay city, Alaska",2013,267
"3106","Goodnews Bay city, Alaska",2014,259
"3107","Goodnews Bay city, Alaska",2015,258
"3108","Goodnews Bay city, Alaska",2016,255
"3109","Goodnews Bay city, Alaska",2017,265
"3110","Goodnews Bay city, Alaska",2018,267
"3111","Goodnews Bay city, Alaska",2019,267
"3112","Goodnews Bay city, Alaska",2020,258
"3113","Grayling city, Alaska",1991,197
"3114","Grayling city, Alaska",1992,202
"3115","Grayling city, Alaska",1993,189
"3116","Grayling city, Alaska",1994,186
"3117","Grayling city, Alaska",1995,210
"3118","Grayling city, Alaska",1996,203
"3119","Grayling city, Alaska",1997,189
"3120","Grayling city, Alaska",1998,190
"3121","Grayling city, Alaska",1999,184
"3122","Grayling city, Alaska",2000,194
"3123","Grayling city, Alaska",2001,204
"3124","Grayling city, Alaska",2002,190
"3125","Grayling city, Alaska",2003,164
"3126","Grayling city, Alaska",2004,185
"3127","Grayling city, Alaska",2005,175
"3128","Grayling city, Alaska",2006,176
"3129","Grayling city, Alaska",2007,167
"3130","Grayling city, Alaska",2008,155
"3131","Grayling city, Alaska",2009,182
"3132","Grayling city, Alaska",2010,194
"3133","Grayling city, Alaska",2011,191
"3134","Grayling city, Alaska",2012,178
"3135","Grayling city, Alaska",2013,188
"3136","Grayling city, Alaska",2014,191
"3137","Grayling city, Alaska",2015,187
"3138","Grayling city, Alaska",2016,206
"3139","Grayling city, Alaska",2017,202
"3140","Grayling city, Alaska",2018,224
"3141","Grayling city, Alaska",2019,211
"3142","Grayling city, Alaska",2020,210
"3143","Gulkana CDP, Alaska",1991,109
"3144","Gulkana CDP, Alaska",1992,108
"3145","Gulkana CDP, Alaska",1993,106
"3146","Gulkana CDP, Alaska",1994,102
"3147","Gulkana CDP, Alaska",1995,98
"3148","Gulkana CDP, Alaska",1996,99
"3149","Gulkana CDP, Alaska",1997,95
"3150","Gulkana CDP, Alaska",1998,94
"3151","Gulkana CDP, Alaska",1999,90
"3152","Gulkana CDP, Alaska",2000,88
"3153","Gulkana CDP, Alaska",2001,102
"3154","Gulkana CDP, Alaska",2002,85
"3155","Gulkana CDP, Alaska",2003,99
"3156","Gulkana CDP, Alaska",2004,107
"3157","Gulkana CDP, Alaska",2005,97
"3158","Gulkana CDP, Alaska",2006,85
"3159","Gulkana CDP, Alaska",2007,113
"3160","Gulkana CDP, Alaska",2008,108
"3161","Gulkana CDP, Alaska",2009,119
"3162","Gulkana CDP, Alaska",2010,119
"3163","Gulkana CDP, Alaska",2011,134
"3164","Gulkana CDP, Alaska",2012,122
"3165","Gulkana CDP, Alaska",2013,117
"3166","Gulkana CDP, Alaska",2014,114
"3167","Gulkana CDP, Alaska",2015,115
"3168","Gulkana CDP, Alaska",2016,108
"3169","Gulkana CDP, Alaska",2017,105
"3170","Gulkana CDP, Alaska",2018,109
"3171","Gulkana CDP, Alaska",2019,108
"3172","Gulkana CDP, Alaska",2020,110
"3173","Gustavus CDP, Alaska",1991,256
"3174","Gustavus CDP, Alaska",1992,279
"3175","Gustavus CDP, Alaska",1993,288
"3176","Gustavus CDP, Alaska",1994,314
"3177","Gustavus CDP, Alaska",1995,319
"3178","Gustavus CDP, Alaska",1996,344
"3179","Gustavus CDP, Alaska",1997,340
"3180","Gustavus CDP, Alaska",1998,371
"3181","Gustavus CDP, Alaska",1999,377
"3182","Gustavus CDP, Alaska",2000,429
"3183","Gustavus CDP, Alaska",2001,399
"3184","Gustavus CDP, Alaska",2002,404
"3185","Gustavus CDP, Alaska",2003,416
"3186","Gustavus CDP, Alaska",2004,435
"3187","Gustavus CDP, Alaska",2005,445
"3188","Gustavus CDP, Alaska",2006,431
"3189","Gustavus CDP, Alaska",2007,437
"3190","Gustavus CDP, Alaska",2008,452
"3191","Gustavus CDP, Alaska",2009,464
"3192","Gustavus CDP, Alaska",2010,442
"3193","Gustavus CDP, Alaska",2011,456
"3194","Gustavus CDP, Alaska",2012,489
"3195","Gustavus CDP, Alaska",2013,501
"3196","Gustavus CDP, Alaska",2014,516
"3197","Gustavus CDP, Alaska",2015,584
"3198","Gustavus CDP, Alaska",2016,622
"3199","Gustavus CDP, Alaska",2017,619
"3200","Gustavus CDP, Alaska",2018,639
"3201","Gustavus CDP, Alaska",2019,633
"3202","Gustavus CDP, Alaska",2020,655
"3203","Haines CDP, Alaska",1991,1305
"3204","Haines CDP, Alaska",1992,1308
"3205","Haines CDP, Alaska",1993,1349
"3206","Haines CDP, Alaska",1994,1380
"3207","Haines CDP, Alaska",1995,1338
"3208","Haines CDP, Alaska",1996,1387
"3209","Haines CDP, Alaska",1997,1417
"3210","Haines CDP, Alaska",1998,1454
"3211","Haines CDP, Alaska",1999,1775
"3212","Haines CDP, Alaska",2000,1811
"3213","Haines CDP, Alaska",2001,1774
"3214","Haines CDP, Alaska",2002,1803
"3215","Haines CDP, Alaska",2003,1745
"3216","Haines CDP, Alaska",2004,1682
"3217","Haines CDP, Alaska",2005,1676
"3218","Haines CDP, Alaska",2006,1666
"3219","Haines CDP, Alaska",2007,1672
"3220","Haines CDP, Alaska",2008,1683
"3221","Haines CDP, Alaska",2009,1673
"3222","Haines CDP, Alaska",2010,1713
"3223","Haines CDP, Alaska",2011,1804
"3224","Haines CDP, Alaska",2012,1832
"3225","Haines CDP, Alaska",2013,1807
"3226","Haines CDP, Alaska",2014,1805
"3227","Halibut Cove CDP, Alaska",1991,80
"3228","Halibut Cove CDP, Alaska",1992,75
"3229","Halibut Cove CDP, Alaska",1993,78
"3230","Halibut Cove CDP, Alaska",1994,79
"3231","Halibut Cove CDP, Alaska",1995,75
"3232","Halibut Cove CDP, Alaska",1996,71
"3233","Halibut Cove CDP, Alaska",1997,78
"3234","Halibut Cove CDP, Alaska",1998,72
"3235","Halibut Cove CDP, Alaska",1999,71
"3236","Halibut Cove CDP, Alaska",2000,35
"3237","Halibut Cove CDP, Alaska",2001,33
"3238","Halibut Cove CDP, Alaska",2002,35
"3239","Halibut Cove CDP, Alaska",2003,38
"3240","Halibut Cove CDP, Alaska",2004,40
"3241","Halibut Cove CDP, Alaska",2005,39
"3242","Halibut Cove CDP, Alaska",2006,45
"3243","Halibut Cove CDP, Alaska",2007,41
"3244","Halibut Cove CDP, Alaska",2008,53
"3245","Halibut Cove CDP, Alaska",2009,69
"3246","Halibut Cove CDP, Alaska",2010,76
"3247","Halibut Cove CDP, Alaska",2011,82
"3248","Halibut Cove CDP, Alaska",2012,88
"3249","Halibut Cove CDP, Alaska",2013,85
"3250","Halibut Cove CDP, Alaska",2014,65
"3251","Halibut Cove CDP, Alaska",2015,64
"3252","Halibut Cove CDP, Alaska",2016,74
"3253","Halibut Cove CDP, Alaska",2017,75
"3254","Halibut Cove CDP, Alaska",2018,72
"3255","Halibut Cove CDP, Alaska",2019,74
"3256","Halibut Cove CDP, Alaska",2020,60
"3257","Happy Valley CDP, Alaska",1991,324
"3258","Happy Valley CDP, Alaska",1992,341
"3259","Happy Valley CDP, Alaska",1993,355
"3260","Happy Valley CDP, Alaska",1994,370
"3261","Happy Valley CDP, Alaska",1995,379
"3262","Happy Valley CDP, Alaska",1996,384
"3263","Happy Valley CDP, Alaska",1997,386
"3264","Happy Valley CDP, Alaska",1998,402
"3265","Happy Valley CDP, Alaska",1999,401
"3266","Happy Valley CDP, Alaska",2000,489
"3267","Happy Valley CDP, Alaska",2001,509
"3268","Happy Valley CDP, Alaska",2002,527
"3269","Happy Valley CDP, Alaska",2003,517
"3270","Happy Valley CDP, Alaska",2004,543
"3271","Happy Valley CDP, Alaska",2005,500
"3272","Happy Valley CDP, Alaska",2006,514
"3273","Happy Valley CDP, Alaska",2007,530
"3274","Happy Valley CDP, Alaska",2008,551
"3275","Happy Valley CDP, Alaska",2009,594
"3276","Happy Valley CDP, Alaska",2010,593
"3277","Happy Valley CDP, Alaska",2011,594
"3278","Happy Valley CDP, Alaska",2012,628
"3279","Happy Valley CDP, Alaska",2013,572
"3280","Happy Valley CDP, Alaska",2014,566
"3281","Happy Valley CDP, Alaska",2015,617
"3282","Happy Valley CDP, Alaska",2016,663
"3283","Happy Valley CDP, Alaska",2017,669
"3284","Happy Valley CDP, Alaska",2018,652
"3285","Happy Valley CDP, Alaska",2019,673
"3286","Happy Valley CDP, Alaska",2020,713
"3287","Harding-Birch Lakes CDP, Alaska",1991,27
"3288","Harding-Birch Lakes CDP, Alaska",1992,28
"3289","Harding-Birch Lakes CDP, Alaska",1993,28
"3290","Harding-Birch Lakes CDP, Alaska",1994,29
"3291","Harding-Birch Lakes CDP, Alaska",1995,28
"3292","Harding-Birch Lakes CDP, Alaska",1996,29
"3293","Harding-Birch Lakes CDP, Alaska",1997,28
"3294","Harding-Birch Lakes CDP, Alaska",1998,30
"3295","Harding-Birch Lakes CDP, Alaska",1999,30
"3296","Harding-Birch Lakes CDP, Alaska",2000,216
"3297","Harding-Birch Lakes CDP, Alaska",2001,197
"3298","Harding-Birch Lakes CDP, Alaska",2002,209
"3299","Harding-Birch Lakes CDP, Alaska",2003,222
"3300","Harding-Birch Lakes CDP, Alaska",2004,249
"3301","Harding-Birch Lakes CDP, Alaska",2005,248
"3302","Harding-Birch Lakes CDP, Alaska",2006,252
"3303","Harding-Birch Lakes CDP, Alaska",2007,254
"3304","Harding-Birch Lakes CDP, Alaska",2008,302
"3305","Harding-Birch Lakes CDP, Alaska",2009,295
"3306","Harding-Birch Lakes CDP, Alaska",2010,299
"3307","Harding-Birch Lakes CDP, Alaska",2011,295
"3308","Harding-Birch Lakes CDP, Alaska",2012,293
"3309","Harding-Birch Lakes CDP, Alaska",2013,346
"3310","Harding-Birch Lakes CDP, Alaska",2014,319
"3311","Harding-Birch Lakes CDP, Alaska",2015,282
"3312","Harding-Birch Lakes CDP, Alaska",2016,280
"3313","Harding-Birch Lakes CDP, Alaska",2017,283
"3314","Harding-Birch Lakes CDP, Alaska",2018,286
"3315","Harding-Birch Lakes CDP, Alaska",2019,267
"3316","Harding-Birch Lakes CDP, Alaska",2020,253
"3317","Healy CDP, Alaska",1991,509
"3318","Healy CDP, Alaska",1992,534
"3319","Healy CDP, Alaska",1993,536
"3320","Healy CDP, Alaska",1994,555
"3321","Healy CDP, Alaska",1995,562
"3322","Healy CDP, Alaska",1996,595
"3323","Healy CDP, Alaska",1997,609
"3324","Healy CDP, Alaska",1998,648
"3325","Healy CDP, Alaska",1999,646
"3326","Healy CDP, Alaska",2000,1000
"3327","Healy CDP, Alaska",2001,1004
"3328","Healy CDP, Alaska",2002,979
"3329","Healy CDP, Alaska",2003,986
"3330","Healy CDP, Alaska",2004,965
"3331","Healy CDP, Alaska",2005,970
"3332","Healy CDP, Alaska",2006,943
"3333","Healy CDP, Alaska",2007,960
"3334","Healy CDP, Alaska",2008,949
"3335","Healy CDP, Alaska",2009,949
"3336","Healy CDP, Alaska",2010,1021
"3337","Healy CDP, Alaska",2011,1052
"3338","Healy CDP, Alaska",2012,1084
"3339","Healy CDP, Alaska",2013,1064
"3340","Healy CDP, Alaska",2014,1104
"3341","Healy CDP, Alaska",2018,993
"3342","Healy CDP, Alaska",2020,966
"3343","Healy Lake CDP, Alaska",1991,49
"3344","Healy Lake CDP, Alaska",1992,52
"3345","Healy Lake CDP, Alaska",1993,54
"3346","Healy Lake CDP, Alaska",1994,57
"3347","Healy Lake CDP, Alaska",1995,59
"3348","Healy Lake CDP, Alaska",1996,58
"3349","Healy Lake CDP, Alaska",1997,59
"3350","Healy Lake CDP, Alaska",1998,61
"3351","Healy Lake CDP, Alaska",1999,61
"3352","Healy Lake CDP, Alaska",2000,37
"3353","Healy Lake CDP, Alaska",2001,38
"3354","Healy Lake CDP, Alaska",2002,40
"3355","Healy Lake CDP, Alaska",2003,31
"3356","Healy Lake CDP, Alaska",2004,30
"3357","Healy Lake CDP, Alaska",2005,25
"3358","Healy Lake CDP, Alaska",2006,36
"3359","Healy Lake CDP, Alaska",2007,34
"3360","Healy Lake CDP, Alaska",2008,15
"3361","Healy Lake CDP, Alaska",2009,8
"3362","Healy Lake CDP, Alaska",2010,13
"3363","Healy Lake CDP, Alaska",2011,17
"3364","Healy Lake CDP, Alaska",2012,13
"3365","Healy Lake CDP, Alaska",2013,13
"3366","Healy Lake CDP, Alaska",2014,7
"3367","Healy Lake CDP, Alaska",2015,7
"3368","Healy Lake CDP, Alaska",2016,25
"3369","Healy Lake CDP, Alaska",2017,31
"3370","Healy Lake CDP, Alaska",2018,26
"3371","Healy Lake CDP, Alaska",2019,32
"3372","Healy Lake CDP, Alaska",2020,24
"3373","Hobart Bay CDP, Alaska",1991,108
"3374","Hobart Bay CDP, Alaska",1992,90
"3375","Hobart Bay CDP, Alaska",1993,83
"3376","Hobart Bay CDP, Alaska",1994,84
"3377","Hobart Bay CDP, Alaska",1995,77
"3378","Hobart Bay CDP, Alaska",1996,117
"3379","Hobart Bay CDP, Alaska",1997,105
"3380","Hobart Bay CDP, Alaska",1998,81
"3381","Hobart Bay CDP, Alaska",1999,48
"3382","Hobart Bay CDP, Alaska",2000,3
"3383","Hobart Bay CDP, Alaska",2001,0
"3384","Hobart Bay CDP, Alaska",2002,0
"3385","Hobart Bay CDP, Alaska",2003,0
"3386","Hobart Bay CDP, Alaska",2004,0
"3387","Hobart Bay CDP, Alaska",2005,3
"3388","Hobart Bay CDP, Alaska",2006,2
"3389","Hobart Bay CDP, Alaska",2007,1
"3390","Hobart Bay CDP, Alaska",2008,1
"3391","Hobart Bay CDP, Alaska",2009,1
"3392","Hobart Bay CDP, Alaska",2010,1
"3393","Hobart Bay CDP, Alaska",2011,1
"3394","Hobart Bay CDP, Alaska",2012,1
"3395","Hobart Bay CDP, Alaska",2013,1
"3396","Hobart Bay CDP, Alaska",2014,1
"3397","Hobart Bay CDP, Alaska",2015,1
"3398","Hobart Bay CDP, Alaska",2016,1
"3399","Hobart Bay CDP, Alaska",2017,1
"3400","Hobart Bay CDP, Alaska",2018,1
"3401","Hobart Bay CDP, Alaska",2019,1
"3402","Hobart Bay CDP, Alaska",2020,1
"3403","Hollis CDP, Alaska",1991,102
"3404","Hollis CDP, Alaska",1992,112
"3405","Hollis CDP, Alaska",1993,93
"3406","Hollis CDP, Alaska",1994,106
"3407","Hollis CDP, Alaska",1995,110
"3408","Hollis CDP, Alaska",1996,166
"3409","Hollis CDP, Alaska",1997,173
"3410","Hollis CDP, Alaska",1998,195
"3411","Hollis CDP, Alaska",1999,111
"3412","Hollis CDP, Alaska",2000,139
"3413","Hollis CDP, Alaska",2001,143
"3414","Hollis CDP, Alaska",2002,131
"3415","Hollis CDP, Alaska",2003,139
"3416","Hollis CDP, Alaska",2004,116
"3417","Hollis CDP, Alaska",2005,103
"3418","Hollis CDP, Alaska",2006,109
"3419","Hollis CDP, Alaska",2007,127
"3420","Hollis CDP, Alaska",2008,115
"3421","Hollis CDP, Alaska",2009,118
"3422","Hollis CDP, Alaska",2010,112
"3423","Hollis CDP, Alaska",2011,110
"3424","Hollis CDP, Alaska",2012,109
"3425","Hollis CDP, Alaska",2013,119
"3426","Hollis CDP, Alaska",2014,94
"3427","Hollis CDP, Alaska",2015,81
"3428","Hollis CDP, Alaska",2016,75
"3429","Hollis CDP, Alaska",2017,79
"3430","Hollis CDP, Alaska",2018,70
"3431","Hollis CDP, Alaska",2019,70
"3432","Hollis CDP, Alaska",2020,65
"3433","Holy Cross city, Alaska",1991,266
"3434","Holy Cross city, Alaska",1992,277
"3435","Holy Cross city, Alaska",1993,276
"3436","Holy Cross city, Alaska",1994,268
"3437","Holy Cross city, Alaska",1995,285
"3438","Holy Cross city, Alaska",1996,261
"3439","Holy Cross city, Alaska",1997,262
"3440","Holy Cross city, Alaska",1998,272
"3441","Holy Cross city, Alaska",1999,247
"3442","Holy Cross city, Alaska",2000,227
"3443","Holy Cross city, Alaska",2001,228
"3444","Holy Cross city, Alaska",2002,226
"3445","Holy Cross city, Alaska",2003,203
"3446","Holy Cross city, Alaska",2004,206
"3447","Holy Cross city, Alaska",2005,206
"3448","Holy Cross city, Alaska",2006,203
"3449","Holy Cross city, Alaska",2007,198
"3450","Holy Cross city, Alaska",2008,192
"3451","Holy Cross city, Alaska",2009,186
"3452","Holy Cross city, Alaska",2010,178
"3453","Holy Cross city, Alaska",2011,178
"3454","Holy Cross city, Alaska",2012,181
"3455","Holy Cross city, Alaska",2013,167
"3456","Holy Cross city, Alaska",2014,177
"3457","Holy Cross city, Alaska",2015,180
"3458","Holy Cross city, Alaska",2016,158
"3459","Holy Cross city, Alaska",2017,175
"3460","Holy Cross city, Alaska",2018,177
"3461","Holy Cross city, Alaska",2019,167
"3462","Holy Cross city, Alaska",2020,176
"3463","Homer city, Alaska",1991,3700
"3464","Homer city, Alaska",1992,3788
"3465","Homer city, Alaska",1993,3850
"3466","Homer city, Alaska",1994,3940
"3467","Homer city, Alaska",1995,3965
"3468","Homer city, Alaska",1996,4008
"3469","Homer city, Alaska",1997,4068
"3470","Homer city, Alaska",1998,4128
"3471","Homer city, Alaska",1999,4154
"3472","Homer city, Alaska",2000,4781
"3473","Homer city, Alaska",2001,4832
"3474","Homer city, Alaska",2002,4856
"3475","Homer city, Alaska",2003,4840
"3476","Homer city, Alaska",2004,4852
"3477","Homer city, Alaska",2005,4853
"3478","Homer city, Alaska",2006,4909
"3479","Homer city, Alaska",2007,4968
"3480","Homer city, Alaska",2008,4978
"3481","Homer city, Alaska",2009,5051
"3482","Homer city, Alaska",2010,5003
"3483","Homer city, Alaska",2011,5104
"3484","Homer city, Alaska",2012,5153
"3485","Homer city, Alaska",2013,5131
"3486","Homer city, Alaska",2014,5099
"3487","Hoonah city, Alaska",1991,796
"3488","Hoonah city, Alaska",1992,843
"3489","Hoonah city, Alaska",1993,871
"3490","Hoonah city, Alaska",1994,885
"3491","Hoonah city, Alaska",1995,877
"3492","Hoonah city, Alaska",1996,902
"3493","Hoonah city, Alaska",1997,890
"3494","Hoonah city, Alaska",1998,892
"3495","Hoonah city, Alaska",1999,877
"3496","Hoonah city, Alaska",2000,860
"3497","Hoonah city, Alaska",2001,832
"3498","Hoonah city, Alaska",2002,835
"3499","Hoonah city, Alaska",2003,801
"3500","Hoonah city, Alaska",2004,802
"3501","Hoonah city, Alaska",2005,818
"3502","Hoonah city, Alaska",2006,792
"3503","Hoonah city, Alaska",2007,813
"3504","Hoonah city, Alaska",2008,808
"3505","Hoonah city, Alaska",2009,762
"3506","Hoonah city, Alaska",2010,760
"3507","Hoonah city, Alaska",2011,762
"3508","Hoonah city, Alaska",2012,777
"3509","Hoonah city, Alaska",2013,797
"3510","Hoonah city, Alaska",2014,787
"3511","Hoonah city, Alaska",2015,863
"3512","Hoonah city, Alaska",2016,893
"3513","Hoonah city, Alaska",2017,887
"3514","Hoonah city, Alaska",2018,921
"3515","Hoonah city, Alaska",2019,935
"3516","Hoonah city, Alaska",2020,931
"3517","Hooper Bay city, Alaska",1991,879
"3518","Hooper Bay city, Alaska",1992,906
"3519","Hooper Bay city, Alaska",1993,920
"3520","Hooper Bay city, Alaska",1994,949
"3521","Hooper Bay city, Alaska",1995,982
"3522","Hooper Bay city, Alaska",1996,993
"3523","Hooper Bay city, Alaska",1997,1015
"3524","Hooper Bay city, Alaska",1998,1032
"3525","Hooper Bay city, Alaska",1999,1028
"3526","Hooper Bay city, Alaska",2000,1014
"3527","Hooper Bay city, Alaska",2001,1030
"3528","Hooper Bay city, Alaska",2002,1050
"3529","Hooper Bay city, Alaska",2003,1071
"3530","Hooper Bay city, Alaska",2004,1080
"3531","Hooper Bay city, Alaska",2005,1073
"3532","Hooper Bay city, Alaska",2006,1084
"3533","Hooper Bay city, Alaska",2007,1062
"3534","Hooper Bay city, Alaska",2008,1062
"3535","Hooper Bay city, Alaska",2009,1054
"3536","Hooper Bay city, Alaska",2010,1093
"3537","Hooper Bay city, Alaska",2011,1138
"3538","Hooper Bay city, Alaska",2012,1114
"3539","Hooper Bay city, Alaska",2013,1132
"3540","Hooper Bay city, Alaska",2014,1178
"3541","Hope CDP, Alaska",1991,159
"3542","Hope CDP, Alaska",1992,168
"3543","Hope CDP, Alaska",1993,157
"3544","Hope CDP, Alaska",1994,167
"3545","Hope CDP, Alaska",1995,167
"3546","Hope CDP, Alaska",1996,158
"3547","Hope CDP, Alaska",1997,149
"3548","Hope CDP, Alaska",1998,136
"3549","Hope CDP, Alaska",1999,130
"3550","Hope CDP, Alaska",2000,137
"3551","Hope CDP, Alaska",2001,149
"3552","Hope CDP, Alaska",2002,160
"3553","Hope CDP, Alaska",2003,175
"3554","Hope CDP, Alaska",2004,184
"3555","Hope CDP, Alaska",2005,160
"3556","Hope CDP, Alaska",2006,167
"3557","Hope CDP, Alaska",2007,173
"3558","Hope CDP, Alaska",2008,181
"3559","Hope CDP, Alaska",2009,189
"3560","Hope CDP, Alaska",2010,192
"3561","Hope CDP, Alaska",2011,190
"3562","Hope CDP, Alaska",2012,196
"3563","Hope CDP, Alaska",2013,198
"3564","Hope CDP, Alaska",2014,196
"3565","Hope CDP, Alaska",2015,181
"3566","Hope CDP, Alaska",2016,158
"3567","Hope CDP, Alaska",2017,173
"3568","Hope CDP, Alaska",2018,174
"3569","Hope CDP, Alaska",2019,169
"3570","Hope CDP, Alaska",2020,161
"3571","Houston city, Alaska",1991,790
"3572","Houston city, Alaska",1992,874
"3573","Houston city, Alaska",1993,909
"3574","Houston city, Alaska",1994,917
"3575","Houston city, Alaska",1995,951
"3576","Houston city, Alaska",1996,969
"3577","Houston city, Alaska",1997,987
"3578","Houston city, Alaska",1998,928
"3579","Houston city, Alaska",1999,836
"3580","Houston city, Alaska",2000,1202
"3581","Houston city, Alaska",2001,1173
"3582","Houston city, Alaska",2002,1287
"3583","Houston city, Alaska",2003,1388
"3584","Houston city, Alaska",2004,1422
"3585","Houston city, Alaska",2005,1504
"3586","Houston city, Alaska",2006,1619
"3587","Houston city, Alaska",2007,1676
"3588","Houston city, Alaska",2008,1843
"3589","Houston city, Alaska",2009,1794
"3590","Houston city, Alaska",2010,1912
"3591","Houston city, Alaska",2011,1963
"3592","Houston city, Alaska",2012,2012
"3593","Houston city, Alaska",2013,2037
"3594","Houston city, Alaska",2014,1965
"3595","Hughes city, Alaska",1991,51
"3596","Hughes city, Alaska",1992,60
"3597","Hughes city, Alaska",1993,58
"3598","Hughes city, Alaska",1994,60
"3599","Hughes city, Alaska",1995,61
"3600","Hughes city, Alaska",1996,54
"3601","Hughes city, Alaska",1997,53
"3602","Hughes city, Alaska",1998,53
"3603","Hughes city, Alaska",1999,61
"3604","Hughes city, Alaska",2000,78
"3605","Hughes city, Alaska",2001,74
"3606","Hughes city, Alaska",2002,66
"3607","Hughes city, Alaska",2003,62
"3608","Hughes city, Alaska",2004,69
"3609","Hughes city, Alaska",2005,65
"3610","Hughes city, Alaska",2006,63
"3611","Hughes city, Alaska",2007,71
"3612","Hughes city, Alaska",2008,72
"3613","Hughes city, Alaska",2009,71
"3614","Hughes city, Alaska",2010,77
"3615","Hughes city, Alaska",2011,78
"3616","Hughes city, Alaska",2012,87
"3617","Hughes city, Alaska",2013,88
"3618","Hughes city, Alaska",2014,86
"3619","Hughes city, Alaska",2015,92
"3620","Hughes city, Alaska",2016,95
"3621","Hughes city, Alaska",2017,99
"3622","Hughes city, Alaska",2018,109
"3623","Hughes city, Alaska",2019,98
"3624","Hughes city, Alaska",2020,85
"3625","Huslia city, Alaska",1991,198
"3626","Huslia city, Alaska",1992,207
"3627","Huslia city, Alaska",1993,219
"3628","Huslia city, Alaska",1994,240
"3629","Huslia city, Alaska",1995,245
"3630","Huslia city, Alaska",1996,239
"3631","Huslia city, Alaska",1997,232
"3632","Huslia city, Alaska",1998,247
"3633","Huslia city, Alaska",1999,272
"3634","Huslia city, Alaska",2000,293
"3635","Huslia city, Alaska",2001,282
"3636","Huslia city, Alaska",2002,283
"3637","Huslia city, Alaska",2003,285
"3638","Huslia city, Alaska",2004,271
"3639","Huslia city, Alaska",2005,262
"3640","Huslia city, Alaska",2006,259
"3641","Huslia city, Alaska",2007,254
"3642","Huslia city, Alaska",2008,278
"3643","Huslia city, Alaska",2009,267
"3644","Huslia city, Alaska",2010,275
"3645","Huslia city, Alaska",2011,302
"3646","Huslia city, Alaska",2012,315
"3647","Huslia city, Alaska",2013,322
"3648","Huslia city, Alaska",2014,338
"3649","Huslia city, Alaska",2015,333
"3650","Huslia city, Alaska",2016,335
"3651","Huslia city, Alaska",2017,305
"3652","Huslia city, Alaska",2018,322
"3653","Huslia city, Alaska",2019,306
"3654","Huslia city, Alaska",2020,304
"3655","Hydaburg city, Alaska",1991,409
"3656","Hydaburg city, Alaska",1992,417
"3657","Hydaburg city, Alaska",1993,427
"3658","Hydaburg city, Alaska",1994,406
"3659","Hydaburg city, Alaska",1995,405
"3660","Hydaburg city, Alaska",1996,405
"3661","Hydaburg city, Alaska",1997,404
"3662","Hydaburg city, Alaska",1998,397
"3663","Hydaburg city, Alaska",1999,369
"3664","Hydaburg city, Alaska",2000,382
"3665","Hydaburg city, Alaska",2001,355
"3666","Hydaburg city, Alaska",2002,370
"3667","Hydaburg city, Alaska",2003,380
"3668","Hydaburg city, Alaska",2004,369
"3669","Hydaburg city, Alaska",2005,396
"3670","Hydaburg city, Alaska",2006,382
"3671","Hydaburg city, Alaska",2007,389
"3672","Hydaburg city, Alaska",2008,379
"3673","Hydaburg city, Alaska",2009,386
"3674","Hydaburg city, Alaska",2010,376
"3675","Hydaburg city, Alaska",2011,409
"3676","Hydaburg city, Alaska",2012,367
"3677","Hydaburg city, Alaska",2013,405
"3678","Hydaburg city, Alaska",2014,405
"3679","Hydaburg city, Alaska",2015,405
"3680","Hydaburg city, Alaska",2016,407
"3681","Hydaburg city, Alaska",2017,380
"3682","Hydaburg city, Alaska",2018,399
"3683","Hydaburg city, Alaska",2019,399
"3684","Hydaburg city, Alaska",2020,380
"3685","Hyder CDP, Alaska",1991,113
"3686","Hyder CDP, Alaska",1992,127
"3687","Hyder CDP, Alaska",1993,121
"3688","Hyder CDP, Alaska",1994,123
"3689","Hyder CDP, Alaska",1995,130
"3690","Hyder CDP, Alaska",1996,136
"3691","Hyder CDP, Alaska",1997,149
"3692","Hyder CDP, Alaska",1998,130
"3693","Hyder CDP, Alaska",1999,126
"3694","Hyder CDP, Alaska",2000,97
"3695","Hyder CDP, Alaska",2001,103
"3696","Hyder CDP, Alaska",2002,90
"3697","Hyder CDP, Alaska",2003,79
"3698","Hyder CDP, Alaska",2004,88
"3699","Hyder CDP, Alaska",2005,97
"3700","Hyder CDP, Alaska",2006,98
"3701","Hyder CDP, Alaska",2007,79
"3702","Hyder CDP, Alaska",2008,103
"3703","Hyder CDP, Alaska",2009,97
"3704","Hyder CDP, Alaska",2010,87
"3705","Hyder CDP, Alaska",2011,95
"3706","Hyder CDP, Alaska",2012,98
"3707","Hyder CDP, Alaska",2013,94
"3708","Hyder CDP, Alaska",2014,91
"3709","Hyder CDP, Alaska",2015,71
"3710","Hyder CDP, Alaska",2016,68
"3711","Hyder CDP, Alaska",2017,70
"3712","Hyder CDP, Alaska",2018,61
"3713","Hyder CDP, Alaska",2019,57
"3714","Hyder CDP, Alaska",2020,48
"3715","Igiugig CDP, Alaska",1991,31
"3716","Igiugig CDP, Alaska",1992,44
"3717","Igiugig CDP, Alaska",1993,43
"3718","Igiugig CDP, Alaska",1994,40
"3719","Igiugig CDP, Alaska",1995,48
"3720","Igiugig CDP, Alaska",1996,47
"3721","Igiugig CDP, Alaska",1997,47
"3722","Igiugig CDP, Alaska",1998,54
"3723","Igiugig CDP, Alaska",1999,62
"3724","Igiugig CDP, Alaska",2000,53
"3725","Igiugig CDP, Alaska",2001,53
"3726","Igiugig CDP, Alaska",2002,41
"3727","Igiugig CDP, Alaska",2003,46
"3728","Igiugig CDP, Alaska",2004,50
"3729","Igiugig CDP, Alaska",2005,44
"3730","Igiugig CDP, Alaska",2006,46
"3731","Igiugig CDP, Alaska",2007,27
"3732","Igiugig CDP, Alaska",2008,33
"3733","Igiugig CDP, Alaska",2009,39
"3734","Igiugig CDP, Alaska",2010,50
"3735","Igiugig CDP, Alaska",2011,44
"3736","Igiugig CDP, Alaska",2012,52
"3737","Igiugig CDP, Alaska",2013,44
"3738","Igiugig CDP, Alaska",2014,53
"3739","Igiugig CDP, Alaska",2015,53
"3740","Igiugig CDP, Alaska",2016,61
"3741","Igiugig CDP, Alaska",2017,66
"3742","Igiugig CDP, Alaska",2018,63
"3743","Igiugig CDP, Alaska",2019,70
"3744","Igiugig CDP, Alaska",2020,68
"3745","Iliamna CDP, Alaska",1991,95
"3746","Iliamna CDP, Alaska",1992,96
"3747","Iliamna CDP, Alaska",1993,98
"3748","Iliamna CDP, Alaska",1994,101
"3749","Iliamna CDP, Alaska",1995,97
"3750","Iliamna CDP, Alaska",1996,103
"3751","Iliamna CDP, Alaska",1997,97
"3752","Iliamna CDP, Alaska",1998,102
"3753","Iliamna CDP, Alaska",1999,93
"3754","Iliamna CDP, Alaska",2000,102
"3755","Iliamna CDP, Alaska",2001,97
"3756","Iliamna CDP, Alaska",2002,102
"3757","Iliamna CDP, Alaska",2003,97
"3758","Iliamna CDP, Alaska",2004,96
"3759","Iliamna CDP, Alaska",2005,93
"3760","Iliamna CDP, Alaska",2006,91
"3761","Iliamna CDP, Alaska",2007,98
"3762","Iliamna CDP, Alaska",2008,106
"3763","Iliamna CDP, Alaska",2009,106
"3764","Iliamna CDP, Alaska",2010,109
"3765","Iliamna CDP, Alaska",2011,109
"3766","Iliamna CDP, Alaska",2012,111
"3767","Iliamna CDP, Alaska",2013,95
"3768","Iliamna CDP, Alaska",2014,97
"3769","Iliamna CDP, Alaska",2015,97
"3770","Iliamna CDP, Alaska",2016,108
"3771","Iliamna CDP, Alaska",2017,103
"3772","Iliamna CDP, Alaska",2018,107
"3773","Iliamna CDP, Alaska",2019,116
"3774","Iliamna CDP, Alaska",2020,108
"3775","Ivanof Bay CDP, Alaska",1991,32
"3776","Ivanof Bay CDP, Alaska",1992,41
"3777","Ivanof Bay CDP, Alaska",1993,34
"3778","Ivanof Bay CDP, Alaska",1994,32
"3779","Ivanof Bay CDP, Alaska",1995,28
"3780","Ivanof Bay CDP, Alaska",1996,28
"3781","Ivanof Bay CDP, Alaska",1997,27
"3782","Ivanof Bay CDP, Alaska",1998,32
"3783","Ivanof Bay CDP, Alaska",1999,29
"3784","Ivanof Bay CDP, Alaska",2000,22
"3785","Ivanof Bay CDP, Alaska",2001,17
"3786","Ivanof Bay CDP, Alaska",2002,5
"3787","Ivanof Bay CDP, Alaska",2003,6
"3788","Ivanof Bay CDP, Alaska",2004,11
"3789","Ivanof Bay CDP, Alaska",2005,6
"3790","Ivanof Bay CDP, Alaska",2006,0
"3791","Ivanof Bay CDP, Alaska",2007,0
"3792","Ivanof Bay CDP, Alaska",2008,0
"3793","Ivanof Bay CDP, Alaska",2009,0
"3794","Ivanof Bay CDP, Alaska",2010,7
"3795","Ivanof Bay CDP, Alaska",2011,7
"3796","Ivanof Bay CDP, Alaska",2012,7
"3797","Ivanof Bay CDP, Alaska",2013,7
"3798","Ivanof Bay CDP, Alaska",2014,7
"3799","Ivanof Bay CDP, Alaska",2015,3
"3800","Ivanof Bay CDP, Alaska",2016,2
"3801","Ivanof Bay CDP, Alaska",2017,2
"3802","Ivanof Bay CDP, Alaska",2018,1
"3803","Ivanof Bay CDP, Alaska",2019,1
"3804","Ivanof Bay CDP, Alaska",2020,1
"3805","Juneau city and borough, Alaska",1991,27579
"3806","Juneau city and borough, Alaska",1992,28253
"3807","Juneau city and borough, Alaska",1993,28448
"3808","Juneau city and borough, Alaska",1994,28454
"3809","Juneau city and borough, Alaska",1995,28700
"3810","Juneau city and borough, Alaska",1996,29230
"3811","Juneau city and borough, Alaska",1997,29713
"3812","Juneau city and borough, Alaska",1998,30021
"3813","Juneau city and borough, Alaska",1999,30189
"3814","Juneau city and borough, Alaska",2000,30711
"3815","Juneau city and borough, Alaska",2001,30482
"3816","Juneau city and borough, Alaska",2002,31047
"3817","Juneau city and borough, Alaska",2003,31364
"3818","Juneau city and borough, Alaska",2004,31213
"3819","Juneau city and borough, Alaska",2005,31340
"3820","Juneau city and borough, Alaska",2006,30943
"3821","Juneau city and borough, Alaska",2007,30350
"3822","Juneau city and borough, Alaska",2008,30554
"3823","Juneau city and borough, Alaska",2009,30946
"3824","Juneau city and borough, Alaska",2010,31275
"3825","Juneau city and borough, Alaska",2011,32393
"3826","Juneau city and borough, Alaska",2012,32832
"3827","Juneau city and borough, Alaska",2013,33030
"3828","Juneau city and borough, Alaska",2014,33026
"3829","Kachemak city, Alaska",1991,368
"3830","Kachemak city, Alaska",1992,373
"3831","Kachemak city, Alaska",1993,381
"3832","Kachemak city, Alaska",1994,390
"3833","Kachemak city, Alaska",1995,394
"3834","Kachemak city, Alaska",1996,394
"3835","Kachemak city, Alaska",1997,394
"3836","Kachemak city, Alaska",1998,416
"3837","Kachemak city, Alaska",1999,419
"3838","Kachemak city, Alaska",2000,431
"3839","Kachemak city, Alaska",2001,426
"3840","Kachemak city, Alaska",2002,432
"3841","Kachemak city, Alaska",2003,480
"3842","Kachemak city, Alaska",2004,473
"3843","Kachemak city, Alaska",2005,462
"3844","Kachemak city, Alaska",2006,465
"3845","Kachemak city, Alaska",2007,461
"3846","Kachemak city, Alaska",2008,449
"3847","Kachemak city, Alaska",2009,432
"3848","Kachemak city, Alaska",2010,472
"3849","Kachemak city, Alaska",2011,456
"3850","Kachemak city, Alaska",2013,455
"3851","Kachemak city, Alaska",2014,460
"3852","Kachemak city, Alaska",2015,513
"3853","Kachemak city, Alaska",2016,514
"3854","Kachemak city, Alaska",2017,547
"3855","Kachemak city, Alaska",2018,559
"3856","Kachemak city, Alaska",2019,560
"3857","Kachemak city, Alaska",2020,576
"3858","Kake city, Alaska",1991,711
"3859","Kake city, Alaska",1992,727
"3860","Kake city, Alaska",1993,725
"3861","Kake city, Alaska",1994,695
"3862","Kake city, Alaska",1995,703
"3863","Kake city, Alaska",1996,727
"3864","Kake city, Alaska",1997,756
"3865","Kake city, Alaska",1998,775
"3866","Kake city, Alaska",1999,745
"3867","Kake city, Alaska",2000,710
"3868","Kake city, Alaska",2001,701
"3869","Kake city, Alaska",2002,680
"3870","Kake city, Alaska",2003,660
"3871","Kake city, Alaska",2004,659
"3872","Kake city, Alaska",2005,644
"3873","Kake city, Alaska",2006,626
"3874","Kake city, Alaska",2007,609
"3875","Kake city, Alaska",2008,592
"3876","Kake city, Alaska",2009,578
"3877","Kake city, Alaska",2010,557
"3878","Kake city, Alaska",2011,577
"3879","Kake city, Alaska",2012,598
"3880","Kake city, Alaska",2013,621
"3881","Kake city, Alaska",2014,626
"3882","Kake city, Alaska",2015,604
"3883","Kake city, Alaska",2016,586
"3884","Kake city, Alaska",2017,583
"3885","Kake city, Alaska",2018,571
"3886","Kake city, Alaska",2019,540
"3887","Kake city, Alaska",2020,543
"3888","Kaktovik city, Alaska",1991,218
"3889","Kaktovik city, Alaska",1992,217
"3890","Kaktovik city, Alaska",1993,211
"3891","Kaktovik city, Alaska",1994,209
"3892","Kaktovik city, Alaska",1995,212
"3893","Kaktovik city, Alaska",1996,220
"3894","Kaktovik city, Alaska",1997,230
"3895","Kaktovik city, Alaska",1998,247
"3896","Kaktovik city, Alaska",1999,259
"3897","Kaktovik city, Alaska",2000,293
"3898","Kaktovik city, Alaska",2001,273
"3899","Kaktovik city, Alaska",2002,295
"3900","Kaktovik city, Alaska",2003,280
"3901","Kaktovik city, Alaska",2004,265
"3902","Kaktovik city, Alaska",2005,252
"3903","Kaktovik city, Alaska",2006,259
"3904","Kaktovik city, Alaska",2007,252
"3905","Kaktovik city, Alaska",2008,237
"3906","Kaktovik city, Alaska",2009,245
"3907","Kaktovik city, Alaska",2010,239
"3908","Kaktovik city, Alaska",2011,247
"3909","Kaktovik city, Alaska",2012,245
"3910","Kaktovik city, Alaska",2013,261
"3911","Kaktovik city, Alaska",2014,251
"3912","Kaktovik city, Alaska",2015,274
"3913","Kaktovik city, Alaska",2016,267
"3914","Kaktovik city, Alaska",2017,274
"3915","Kaktovik city, Alaska",2018,283
"3916","Kaktovik city, Alaska",2019,279
"3917","Kaktovik city, Alaska",2020,283
"3918","Kalifornsky CDP, Alaska",1991,297
"3919","Kalifornsky CDP, Alaska",1992,303
"3920","Kalifornsky CDP, Alaska",1993,306
"3921","Kalifornsky CDP, Alaska",1994,314
"3922","Kalifornsky CDP, Alaska",1995,321
"3923","Kalifornsky CDP, Alaska",1996,325
"3924","Kalifornsky CDP, Alaska",1997,331
"3925","Kalifornsky CDP, Alaska",1998,337
"3926","Kalifornsky CDP, Alaska",1999,338
"3927","Kalifornsky CDP, Alaska",2000,5846
"3928","Kalifornsky CDP, Alaska",2001,6035
"3929","Kalifornsky CDP, Alaska",2002,6173
"3930","Kalifornsky CDP, Alaska",2003,6313
"3931","Kalifornsky CDP, Alaska",2004,6720
"3932","Kalifornsky CDP, Alaska",2005,6931
"3933","Kalifornsky CDP, Alaska",2006,7102
"3934","Kalifornsky CDP, Alaska",2007,7264
"3935","Kalifornsky CDP, Alaska",2008,7493
"3936","Kalifornsky CDP, Alaska",2009,7653
"3937","Kalifornsky CDP, Alaska",2010,7850
"3938","Kalifornsky CDP, Alaska",2011,8074
"3939","Kalifornsky CDP, Alaska",2012,8179
"3940","Kalifornsky CDP, Alaska",2013,8328
"3941","Kalifornsky CDP, Alaska",2014,8441
"3942","Kaltag city, Alaska",1991,238
"3943","Kaltag city, Alaska",1992,258
"3944","Kaltag city, Alaska",1993,244
"3945","Kaltag city, Alaska",1994,243
"3946","Kaltag city, Alaska",1995,232
"3947","Kaltag city, Alaska",1996,232
"3948","Kaltag city, Alaska",1997,248
"3949","Kaltag city, Alaska",1998,246
"3950","Kaltag city, Alaska",1999,254
"3951","Kaltag city, Alaska",2000,230
"3952","Kaltag city, Alaska",2001,228
"3953","Kaltag city, Alaska",2002,223
"3954","Kaltag city, Alaska",2003,231
"3955","Kaltag city, Alaska",2004,220
"3956","Kaltag city, Alaska",2005,239
"3957","Kaltag city, Alaska",2006,211
"3958","Kaltag city, Alaska",2007,196
"3959","Kaltag city, Alaska",2008,202
"3960","Kaltag city, Alaska",2009,187
"3961","Kaltag city, Alaska",2010,190
"3962","Kaltag city, Alaska",2011,205
"3963","Kaltag city, Alaska",2012,186
"3964","Kaltag city, Alaska",2013,183
"3965","Kaltag city, Alaska",2014,182
"3966","Kaltag city, Alaska",2015,177
"3967","Kaltag city, Alaska",2016,175
"3968","Kaltag city, Alaska",2017,164
"3969","Kaltag city, Alaska",2018,171
"3970","Kaltag city, Alaska",2019,161
"3971","Kaltag city, Alaska",2020,158
"3972","Karluk CDP, Alaska",1991,72
"3973","Karluk CDP, Alaska",1992,66
"3974","Karluk CDP, Alaska",1993,64
"3975","Karluk CDP, Alaska",1994,65
"3976","Karluk CDP, Alaska",1995,56
"3977","Karluk CDP, Alaska",1996,57
"3978","Karluk CDP, Alaska",1997,49
"3979","Karluk CDP, Alaska",1998,47
"3980","Karluk CDP, Alaska",1999,41
"3981","Karluk CDP, Alaska",2000,27
"3982","Karluk CDP, Alaska",2001,29
"3983","Karluk CDP, Alaska",2002,27
"3984","Karluk CDP, Alaska",2003,28
"3985","Karluk CDP, Alaska",2004,32
"3986","Karluk CDP, Alaska",2005,35
"3987","Karluk CDP, Alaska",2006,34
"3988","Karluk CDP, Alaska",2007,40
"3989","Karluk CDP, Alaska",2008,38
"3990","Karluk CDP, Alaska",2009,38
"3991","Karluk CDP, Alaska",2010,37
"3992","Karluk CDP, Alaska",2011,35
"3993","Karluk CDP, Alaska",2012,41
"3994","Karluk CDP, Alaska",2013,43
"3995","Karluk CDP, Alaska",2014,43
"3996","Karluk CDP, Alaska",2015,42
"3997","Karluk CDP, Alaska",2016,29
"3998","Karluk CDP, Alaska",2017,34
"3999","Karluk CDP, Alaska",2018,34
"4000","Karluk CDP, Alaska",2019,33
"4001","Karluk CDP, Alaska",2020,27
"4002","Kasaan city, Alaska",1991,52
"4003","Kasaan city, Alaska",1992,64
"4004","Kasaan city, Alaska",1993,43
"4005","Kasaan city, Alaska",1994,41
"4006","Kasaan city, Alaska",1995,41
"4007","Kasaan city, Alaska",1996,41
"4008","Kasaan city, Alaska",1997,42
"4009","Kasaan city, Alaska",1998,41
"4010","Kasaan city, Alaska",1999,48
"4011","Kasaan city, Alaska",2000,39
"4012","Kasaan city, Alaska",2001,48
"4013","Kasaan city, Alaska",2002,62
"4014","Kasaan city, Alaska",2003,64
"4015","Kasaan city, Alaska",2004,72
"4016","Kasaan city, Alaska",2005,75
"4017","Kasaan city, Alaska",2006,75
"4018","Kasaan city, Alaska",2007,83
"4019","Kasaan city, Alaska",2008,75
"4020","Kasaan city, Alaska",2009,82
"4021","Kasaan city, Alaska",2010,49
"4022","Kasaan city, Alaska",2011,69
"4023","Kasaan city, Alaska",2012,69
"4024","Kasaan city, Alaska",2013,75
"4025","Kasaan city, Alaska",2014,75
"4026","Kasaan city, Alaska",2015,45
"4027","Kasaan city, Alaska",2016,43
"4028","Kasaan city, Alaska",2017,34
"4029","Kasaan city, Alaska",2018,29
"4030","Kasaan city, Alaska",2019,27
"4031","Kasaan city, Alaska",2020,30
"4032","Kasigluk CDP, Alaska",1991,457
"4033","Kasigluk CDP, Alaska",1992,457
"4034","Kasigluk CDP, Alaska",1993,479
"4035","Kasigluk CDP, Alaska",1994,487
"4036","Kasigluk CDP, Alaska",1995,505
"4037","Kasigluk CDP, Alaska",1996,506
"4038","Kasigluk CDP, Alaska",1997,513
"4039","Kasigluk CDP, Alaska",1998,521
"4040","Kasigluk CDP, Alaska",1999,528
"4041","Kasigluk CDP, Alaska",2000,543
"4042","Kasigluk CDP, Alaska",2001,539
"4043","Kasigluk CDP, Alaska",2002,523
"4044","Kasigluk CDP, Alaska",2003,521
"4045","Kasigluk CDP, Alaska",2004,521
"4046","Kasigluk CDP, Alaska",2005,524
"4047","Kasigluk CDP, Alaska",2006,527
"4048","Kasigluk CDP, Alaska",2007,528
"4049","Kasigluk CDP, Alaska",2008,558
"4050","Kasigluk CDP, Alaska",2009,548
"4051","Kasigluk CDP, Alaska",2010,569
"4052","Kasigluk CDP, Alaska",2011,569
"4053","Kasigluk CDP, Alaska",2012,594
"4054","Kasigluk CDP, Alaska",2013,598
"4055","Kasigluk CDP, Alaska",2014,600
"4056","Kasigluk CDP, Alaska",2015,638
"4057","Kasigluk CDP, Alaska",2016,623
"4058","Kasigluk CDP, Alaska",2017,658
"4059","Kasigluk CDP, Alaska",2018,651
"4060","Kasigluk CDP, Alaska",2019,664
"4061","Kasigluk CDP, Alaska",2020,623
"4062","Kasilof CDP, Alaska",1991,406
"4063","Kasilof CDP, Alaska",1992,438
"4064","Kasilof CDP, Alaska",1993,446
"4065","Kasilof CDP, Alaska",1994,467
"4066","Kasilof CDP, Alaska",1995,494
"4067","Kasilof CDP, Alaska",1996,518
"4068","Kasilof CDP, Alaska",1997,531
"4069","Kasilof CDP, Alaska",1998,545
"4070","Kasilof CDP, Alaska",1999,548
"4071","Kasilof CDP, Alaska",2000,471
"4072","Kasilof CDP, Alaska",2001,458
"4073","Kasilof CDP, Alaska",2002,513
"4074","Kasilof CDP, Alaska",2003,584
"4075","Kasilof CDP, Alaska",2004,499
"4076","Kasilof CDP, Alaska",2005,544
"4077","Kasilof CDP, Alaska",2006,575
"4078","Kasilof CDP, Alaska",2007,628
"4079","Kasilof CDP, Alaska",2008,553
"4080","Kasilof CDP, Alaska",2009,598
"4081","Kasilof CDP, Alaska",2010,549
"4082","Kasilof CDP, Alaska",2011,578
"4083","Kasilof CDP, Alaska",2012,558
"4084","Kasilof CDP, Alaska",2013,588
"4085","Kasilof CDP, Alaska",2014,574
"4086","Kasilof CDP, Alaska",2015,561
"4087","Kasilof CDP, Alaska",2016,529
"4088","Kasilof CDP, Alaska",2017,553
"4089","Kasilof CDP, Alaska",2018,542
"4090","Kasilof CDP, Alaska",2019,530
"4091","Kasilof CDP, Alaska",2020,525
"4092","Kenai city, Alaska",1991,6528
"4093","Kenai city, Alaska",1992,6708
"4094","Kenai city, Alaska",1993,6741
"4095","Kenai city, Alaska",1994,6871
"4096","Kenai city, Alaska",1995,6917
"4097","Kenai city, Alaska",1996,6918
"4098","Kenai city, Alaska",1997,6927
"4099","Kenai city, Alaska",1998,6960
"4100","Kenai city, Alaska",1999,7005
"4101","Kenai city, Alaska",2000,6942
"4102","Kenai city, Alaska",2001,6894
"4103","Kenai city, Alaska",2002,7066
"4104","Kenai city, Alaska",2003,7164
"4105","Kenai city, Alaska",2004,6875
"4106","Kenai city, Alaska",2005,6815
"4107","Kenai city, Alaska",2006,6830
"4108","Kenai city, Alaska",2007,6938
"4109","Kenai city, Alaska",2008,7066
"4110","Kenai city, Alaska",2009,7155
"4111","Kenai city, Alaska",2010,7112
"4112","Kenai city, Alaska",2011,7185
"4113","Kenai city, Alaska",2012,7144
"4114","Kenai city, Alaska",2013,7239
"4115","Kenai city, Alaska",2014,7167
"4116","Kenny Lake CDP, Alaska",1991,427
"4117","Kenny Lake CDP, Alaska",1992,441
"4118","Kenny Lake CDP, Alaska",1993,449
"4119","Kenny Lake CDP, Alaska",1994,473
"4120","Kenny Lake CDP, Alaska",1995,472
"4121","Kenny Lake CDP, Alaska",1996,491
"4122","Kenny Lake CDP, Alaska",1997,489
"4123","Kenny Lake CDP, Alaska",1998,487
"4124","Kenny Lake CDP, Alaska",1999,507
"4125","Kenny Lake CDP, Alaska",2000,410
"4126","Kenny Lake CDP, Alaska",2001,417
"4127","Kenny Lake CDP, Alaska",2002,360
"4128","Kenny Lake CDP, Alaska",2003,361
"4129","Kenny Lake CDP, Alaska",2004,376
"4130","Kenny Lake CDP, Alaska",2005,388
"4131","Kenny Lake CDP, Alaska",2006,374
"4132","Kenny Lake CDP, Alaska",2007,392
"4133","Kenny Lake CDP, Alaska",2008,370
"4134","Kenny Lake CDP, Alaska",2009,352
"4135","Kenny Lake CDP, Alaska",2010,355
"4136","Kenny Lake CDP, Alaska",2011,350
"4137","Kenny Lake CDP, Alaska",2012,358
"4138","Kenny Lake CDP, Alaska",2013,340
"4139","Kenny Lake CDP, Alaska",2014,307
"4140","Kenny Lake CDP, Alaska",2015,273
"4141","Kenny Lake CDP, Alaska",2016,259
"4142","Kenny Lake CDP, Alaska",2017,238
"4143","Kenny Lake CDP, Alaska",2018,240
"4144","Kenny Lake CDP, Alaska",2019,243
"4145","Kenny Lake CDP, Alaska",2020,234
"4146","Ketchikan city, Alaska",1991,8499
"4147","Ketchikan city, Alaska",1992,8681
"4148","Ketchikan city, Alaska",1993,8748
"4149","Ketchikan city, Alaska",1994,8698
"4150","Ketchikan city, Alaska",1995,8616
"4151","Ketchikan city, Alaska",1996,8666
"4152","Ketchikan city, Alaska",1997,8507
"4153","Ketchikan city, Alaska",1998,8402
"4154","Ketchikan city, Alaska",1999,8320
"4155","Ketchikan city, Alaska",2000,8345
"4156","Ketchikan city, Alaska",2001,8293
"4157","Ketchikan city, Alaska",2002,8289
"4158","Ketchikan city, Alaska",2003,8148
"4159","Ketchikan city, Alaska",2004,7882
"4160","Ketchikan city, Alaska",2005,7920
"4161","Ketchikan city, Alaska",2006,7947
"4162","Ketchikan city, Alaska",2007,7935
"4163","Ketchikan city, Alaska",2008,7865
"4164","Ketchikan city, Alaska",2009,7944
"4165","Ketchikan city, Alaska",2010,8050
"4166","Ketchikan city, Alaska",2011,8198
"4167","Ketchikan city, Alaska",2012,8291
"4168","Ketchikan city, Alaska",2013,8291
"4169","Ketchikan city, Alaska",2014,8314
"4170","Kiana city, Alaska",1991,401
"4171","Kiana city, Alaska",1992,402
"4172","Kiana city, Alaska",1993,395
"4173","Kiana city, Alaska",1994,413
"4174","Kiana city, Alaska",1995,415
"4175","Kiana city, Alaska",1996,397
"4176","Kiana city, Alaska",1997,413
"4177","Kiana city, Alaska",1998,403
"4178","Kiana city, Alaska",1999,398
"4179","Kiana city, Alaska",2000,388
"4180","Kiana city, Alaska",2001,401
"4181","Kiana city, Alaska",2002,395
"4182","Kiana city, Alaska",2003,401
"4183","Kiana city, Alaska",2004,387
"4184","Kiana city, Alaska",2005,370
"4185","Kiana city, Alaska",2006,385
"4186","Kiana city, Alaska",2007,374
"4187","Kiana city, Alaska",2008,366
"4188","Kiana city, Alaska",2009,356
"4189","Kiana city, Alaska",2010,361
"4190","Kiana city, Alaska",2011,368
"4191","Kiana city, Alaska",2012,383
"4192","Kiana city, Alaska",2013,406
"4193","Kiana city, Alaska",2014,403
"4194","Kiana city, Alaska",2015,455
"4195","Kiana city, Alaska",2016,456
"4196","Kiana city, Alaska",2017,456
"4197","Kiana city, Alaska",2018,463
"4198","Kiana city, Alaska",2019,456
"4199","Kiana city, Alaska",2020,447
"4200","King Cove city, Alaska",1991,710
"4201","King Cove city, Alaska",1992,723
"4202","King Cove city, Alaska",1993,736
"4203","King Cove city, Alaska",1994,743
"4204","King Cove city, Alaska",1995,707
"4205","King Cove city, Alaska",1996,706
"4206","King Cove city, Alaska",1997,686
"4207","King Cove city, Alaska",1998,692
"4208","King Cove city, Alaska",1999,691
"4209","King Cove city, Alaska",2000,792
"4210","King Cove city, Alaska",2001,699
"4211","King Cove city, Alaska",2002,798
"4212","King Cove city, Alaska",2003,747
"4213","King Cove city, Alaska",2004,748
"4214","King Cove city, Alaska",2005,749
"4215","King Cove city, Alaska",2006,772
"4216","King Cove city, Alaska",2007,801
"4217","King Cove city, Alaska",2008,791
"4218","King Cove city, Alaska",2009,824
"4219","King Cove city, Alaska",2010,938
"4220","King Cove city, Alaska",2011,938
"4221","King Cove city, Alaska",2012,963
"4222","King Cove city, Alaska",2013,934
"4223","King Cove city, Alaska",2014,905
"4224","King Cove city, Alaska",2015,904
"4225","King Cove city, Alaska",2016,899
"4226","King Cove city, Alaska",2017,906
"4227","King Cove city, Alaska",2018,894
"4228","King Cove city, Alaska",2019,891
"4229","King Cove city, Alaska",2020,757
"4230","King Salmon CDP, Alaska",1991,739
"4231","King Salmon CDP, Alaska",1992,808
"4232","King Salmon CDP, Alaska",1993,820
"4233","King Salmon CDP, Alaska",1994,512
"4234","King Salmon CDP, Alaska",1995,426
"4235","King Salmon CDP, Alaska",1996,451
"4236","King Salmon CDP, Alaska",1997,470
"4237","King Salmon CDP, Alaska",1998,479
"4238","King Salmon CDP, Alaska",1999,499
"4239","King Salmon CDP, Alaska",2000,442
"4240","King Salmon CDP, Alaska",2001,383
"4241","King Salmon CDP, Alaska",2002,388
"4242","King Salmon CDP, Alaska",2003,373
"4243","King Salmon CDP, Alaska",2004,380
"4244","King Salmon CDP, Alaska",2005,497
"4245","King Salmon CDP, Alaska",2006,378
"4246","King Salmon CDP, Alaska",2007,399
"4247","King Salmon CDP, Alaska",2008,381
"4248","King Salmon CDP, Alaska",2009,354
"4249","King Salmon CDP, Alaska",2010,374
"4250","King Salmon CDP, Alaska",2011,377
"4251","King Salmon CDP, Alaska",2012,357
"4252","King Salmon CDP, Alaska",2013,337
"4253","King Salmon CDP, Alaska",2014,335
"4254","King Salmon CDP, Alaska",2015,335
"4255","King Salmon CDP, Alaska",2016,330
"4256","King Salmon CDP, Alaska",2017,329
"4257","King Salmon CDP, Alaska",2018,310
"4258","King Salmon CDP, Alaska",2019,328
"4259","King Salmon CDP, Alaska",2020,307
"4260","Kipnuk CDP, Alaska",1991,469
"4261","Kipnuk CDP, Alaska",1992,509
"4262","Kipnuk CDP, Alaska",1993,498
"4263","Kipnuk CDP, Alaska",1994,522
"4264","Kipnuk CDP, Alaska",1995,543
"4265","Kipnuk CDP, Alaska",1996,550
"4266","Kipnuk CDP, Alaska",1997,557
"4267","Kipnuk CDP, Alaska",1998,555
"4268","Kipnuk CDP, Alaska",1999,573
"4269","Kipnuk CDP, Alaska",2000,644
"4270","Kipnuk CDP, Alaska",2001,617
"4271","Kipnuk CDP, Alaska",2002,638
"4272","Kipnuk CDP, Alaska",2003,637
"4273","Kipnuk CDP, Alaska",2004,647
"4274","Kipnuk CDP, Alaska",2005,669
"4275","Kipnuk CDP, Alaska",2006,645
"4276","Kipnuk CDP, Alaska",2007,637
"4277","Kipnuk CDP, Alaska",2008,664
"4278","Kipnuk CDP, Alaska",2009,640
"4279","Kipnuk CDP, Alaska",2010,639
"4280","Kipnuk CDP, Alaska",2011,645
"4281","Kipnuk CDP, Alaska",2012,641
"4282","Kipnuk CDP, Alaska",2013,655
"4283","Kipnuk CDP, Alaska",2014,643
"4284","Kipnuk CDP, Alaska",2015,679
"4285","Kipnuk CDP, Alaska",2016,675
"4286","Kipnuk CDP, Alaska",2017,694
"4287","Kipnuk CDP, Alaska",2018,702
"4288","Kipnuk CDP, Alaska",2019,706
"4289","Kipnuk CDP, Alaska",2020,704
"4290","Kivalina city, Alaska",1991,330
"4291","Kivalina city, Alaska",1992,371
"4292","Kivalina city, Alaska",1993,367
"4293","Kivalina city, Alaska",1994,377
"4294","Kivalina city, Alaska",1995,347
"4295","Kivalina city, Alaska",1996,355
"4296","Kivalina city, Alaska",1997,351
"4297","Kivalina city, Alaska",1998,350
"4298","Kivalina city, Alaska",1999,366
"4299","Kivalina city, Alaska",2000,377
"4300","Kivalina city, Alaska",2001,380
"4301","Kivalina city, Alaska",2002,374
"4302","Kivalina city, Alaska",2003,374
"4303","Kivalina city, Alaska",2004,372
"4304","Kivalina city, Alaska",2005,363
"4305","Kivalina city, Alaska",2006,365
"4306","Kivalina city, Alaska",2007,366
"4307","Kivalina city, Alaska",2008,370
"4308","Kivalina city, Alaska",2009,370
"4309","Kivalina city, Alaska",2010,374
"4310","Kivalina city, Alaska",2011,384
"4311","Kivalina city, Alaska",2012,402
"4312","Kivalina city, Alaska",2013,402
"4313","Kivalina city, Alaska",2014,411
"4314","Kivalina city, Alaska",2015,426
"4315","Kivalina city, Alaska",2016,445
"4316","Kivalina city, Alaska",2017,434
"4317","Kivalina city, Alaska",2018,459
"4318","Kivalina city, Alaska",2019,446
"4319","Kivalina city, Alaska",2020,444
"4320","Klawock city, Alaska",1991,775
"4321","Klawock city, Alaska",1992,779
"4322","Klawock city, Alaska",1993,726
"4323","Klawock city, Alaska",1994,739
"4324","Klawock city, Alaska",1995,739
"4325","Klawock city, Alaska",1996,720
"4326","Klawock city, Alaska",1997,699
"4327","Klawock city, Alaska",1998,656
"4328","Klawock city, Alaska",1999,673
"4329","Klawock city, Alaska",2000,854
"4330","Klawock city, Alaska",2001,851
"4331","Klawock city, Alaska",2002,835
"4332","Klawock city, Alaska",2003,810
"4333","Klawock city, Alaska",2004,801
"4334","Klawock city, Alaska",2005,742
"4335","Klawock city, Alaska",2006,741
"4336","Klawock city, Alaska",2007,697
"4337","Klawock city, Alaska",2008,723
"4338","Klawock city, Alaska",2009,723
"4339","Klawock city, Alaska",2010,755
"4340","Klawock city, Alaska",2011,808
"4341","Klawock city, Alaska",2012,799
"4342","Klawock city, Alaska",2013,785
"4343","Klawock city, Alaska",2014,802
"4344","Klawock city, Alaska",2015,798
"4345","Klawock city, Alaska",2016,788
"4346","Klawock city, Alaska",2017,803
"4347","Klawock city, Alaska",2018,740
"4348","Klawock city, Alaska",2019,723
"4349","Klawock city, Alaska",2020,720
"4350","Klukwan CDP, Alaska",1991,129
"4351","Klukwan CDP, Alaska",1992,130
"4352","Klukwan CDP, Alaska",1993,135
"4353","Klukwan CDP, Alaska",1994,140
"4354","Klukwan CDP, Alaska",1995,165
"4355","Klukwan CDP, Alaska",1996,140
"4356","Klukwan CDP, Alaska",1997,160
"4357","Klukwan CDP, Alaska",1998,141
"4358","Klukwan CDP, Alaska",1999,136
"4359","Klukwan CDP, Alaska",2000,139
"4360","Klukwan CDP, Alaska",2001,119
"4361","Klukwan CDP, Alaska",2002,105
"4362","Klukwan CDP, Alaska",2003,112
"4363","Klukwan CDP, Alaska",2004,118
"4364","Klukwan CDP, Alaska",2005,104
"4365","Klukwan CDP, Alaska",2006,108
"4366","Klukwan CDP, Alaska",2007,94
"4367","Klukwan CDP, Alaska",2008,75
"4368","Klukwan CDP, Alaska",2009,76
"4369","Klukwan CDP, Alaska",2010,95
"4370","Klukwan CDP, Alaska",2011,96
"4371","Klukwan CDP, Alaska",2012,93
"4372","Klukwan CDP, Alaska",2013,93
"4373","Klukwan CDP, Alaska",2014,84
"4374","Klukwan CDP, Alaska",2015,93
"4375","Klukwan CDP, Alaska",2016,95
"4376","Klukwan CDP, Alaska",2017,94
"4377","Klukwan CDP, Alaska",2018,95
"4378","Klukwan CDP, Alaska",2019,96
"4379","Klukwan CDP, Alaska",2020,87
"4380","Knik River CDP, Alaska",2000,582
"4381","Knik River CDP, Alaska",2001,631
"4382","Knik River CDP, Alaska",2002,650
"4383","Knik River CDP, Alaska",2003,698
"4384","Knik River CDP, Alaska",2004,632
"4385","Knik River CDP, Alaska",2005,680
"4386","Knik River CDP, Alaska",2006,720
"4387","Knik River CDP, Alaska",2007,729
"4388","Knik River CDP, Alaska",2008,721
"4389","Knik River CDP, Alaska",2009,692
"4390","Knik River CDP, Alaska",2010,744
"4391","Knik River CDP, Alaska",2011,767
"4392","Knik River CDP, Alaska",2012,744
"4393","Knik River CDP, Alaska",2013,744
"4394","Knik River CDP, Alaska",2014,756
"4395","Knik River CDP, Alaska",2015,701
"4396","Knik River CDP, Alaska",2016,754
"4397","Knik River CDP, Alaska",2017,769
"4398","Knik River CDP, Alaska",2018,773
"4399","Knik River CDP, Alaska",2019,756
"4400","Knik River CDP, Alaska",2020,792
"4401","Knik-Fairview CDP, Alaska",2000,6985
"4402","Knik-Fairview CDP, Alaska",2001,7644
"4403","Knik-Fairview CDP, Alaska",2002,8042
"4404","Knik-Fairview CDP, Alaska",2003,8646
"4405","Knik-Fairview CDP, Alaska",2004,9396
"4406","Knik-Fairview CDP, Alaska",2005,10480
"4407","Knik-Fairview CDP, Alaska",2006,11650
"4408","Knik-Fairview CDP, Alaska",2007,12658
"4409","Knik-Fairview CDP, Alaska",2008,13526
"4410","Knik-Fairview CDP, Alaska",2009,14383
"4411","Knik-Fairview CDP, Alaska",2010,14923
"4412","Knik-Fairview CDP, Alaska",2011,15598
"4413","Knik-Fairview CDP, Alaska",2012,16126
"4414","Knik-Fairview CDP, Alaska",2013,16304
"4415","Knik-Fairview CDP, Alaska",2014,17097
"4416","Kobuk city, Alaska",1991,77
"4417","Kobuk city, Alaska",1992,67
"4418","Kobuk city, Alaska",1993,69
"4419","Kobuk city, Alaska",1994,61
"4420","Kobuk city, Alaska",1995,81
"4421","Kobuk city, Alaska",1996,79
"4422","Kobuk city, Alaska",1997,88
"4423","Kobuk city, Alaska",1998,102
"4424","Kobuk city, Alaska",1999,94
"4425","Kobuk city, Alaska",2000,109
"4426","Kobuk city, Alaska",2001,96
"4427","Kobuk city, Alaska",2002,108
"4428","Kobuk city, Alaska",2003,129
"4429","Kobuk city, Alaska",2004,131
"4430","Kobuk city, Alaska",2005,138
"4431","Kobuk city, Alaska",2006,143
"4432","Kobuk city, Alaska",2007,127
"4433","Kobuk city, Alaska",2008,118
"4434","Kobuk city, Alaska",2009,133
"4435","Kobuk city, Alaska",2010,151
"4436","Kobuk city, Alaska",2011,141
"4437","Kobuk city, Alaska",2012,141
"4438","Kobuk city, Alaska",2013,159
"4439","Kobuk city, Alaska",2014,152
"4440","Kobuk city, Alaska",2015,163
"4441","Kobuk city, Alaska",2016,162
"4442","Kobuk city, Alaska",2017,163
"4443","Kobuk city, Alaska",2018,163
"4444","Kobuk city, Alaska",2019,165
"4445","Kobuk city, Alaska",2020,191
"4446","Kodiak Station CDP, Alaska",1991,1286
"4447","Kodiak Station CDP, Alaska",1992,2096
"4448","Kodiak Station CDP, Alaska",1993,1982
"4449","Kodiak Station CDP, Alaska",1994,2325
"4450","Kodiak Station CDP, Alaska",1995,2335
"4451","Kodiak Station CDP, Alaska",1996,2063
"4452","Kodiak Station CDP, Alaska",1997,1723
"4453","Kodiak Station CDP, Alaska",1998,1686
"4454","Kodiak Station CDP, Alaska",1999,1831
"4455","Kodiak Station CDP, Alaska",2000,1840
"4456","Kodiak Station CDP, Alaska",2001,1739
"4457","Kodiak Station CDP, Alaska",2002,1902
"4458","Kodiak Station CDP, Alaska",2003,2129
"4459","Kodiak Station CDP, Alaska",2004,1700
"4460","Kodiak Station CDP, Alaska",2005,1889
"4461","Kodiak Station CDP, Alaska",2006,1786
"4462","Kodiak Station CDP, Alaska",2007,1855
"4463","Kodiak Station CDP, Alaska",2008,1148
"4464","Kodiak Station CDP, Alaska",2009,1229
"4465","Kodiak Station CDP, Alaska",2010,1301
"4466","Kodiak Station CDP, Alaska",2011,1335
"4467","Kodiak Station CDP, Alaska",2012,1295
"4468","Kodiak Station CDP, Alaska",2013,1199
"4469","Kodiak Station CDP, Alaska",2014,1305
"4470","Kodiak city, Alaska",1991,6600
"4471","Kodiak city, Alaska",1992,7094
"4472","Kodiak city, Alaska",1993,7143
"4473","Kodiak city, Alaska",1994,7215
"4474","Kodiak city, Alaska",1995,7098
"4475","Kodiak city, Alaska",1996,6837
"4476","Kodiak city, Alaska",1997,6739
"4477","Kodiak city, Alaska",1998,6790
"4478","Kodiak city, Alaska",1999,6893
"4479","Kodiak city, Alaska",2000,6334
"4480","Kodiak city, Alaska",2001,6040
"4481","Kodiak city, Alaska",2002,6043
"4482","Kodiak city, Alaska",2003,6027
"4483","Kodiak city, Alaska",2004,6094
"4484","Kodiak city, Alaska",2005,6001
"4485","Kodiak city, Alaska",2006,5513
"4486","Kodiak city, Alaska",2007,5619
"4487","Kodiak city, Alaska",2008,6287
"4488","Kodiak city, Alaska",2009,6401
"4489","Kodiak city, Alaska",2010,6130
"4490","Kodiak city, Alaska",2011,6267
"4491","Kodiak city, Alaska",2012,6431
"4492","Kodiak city, Alaska",2013,6331
"4493","Kodiak city, Alaska",2014,6329
"4494","Kokhanok CDP, Alaska",1991,152
"4495","Kokhanok CDP, Alaska",1992,156
"4496","Kokhanok CDP, Alaska",1993,158
"4497","Kokhanok CDP, Alaska",1994,164
"4498","Kokhanok CDP, Alaska",1995,159
"4499","Kokhanok CDP, Alaska",1996,167
"4500","Kokhanok CDP, Alaska",1997,167
"4501","Kokhanok CDP, Alaska",1998,175
"4502","Kokhanok CDP, Alaska",1999,163
"4503","Kokhanok CDP, Alaska",2000,174
"4504","Kokhanok CDP, Alaska",2001,170
"4505","Kokhanok CDP, Alaska",2002,175
"4506","Kokhanok CDP, Alaska",2003,176
"4507","Kokhanok CDP, Alaska",2004,160
"4508","Kokhanok CDP, Alaska",2005,170
"4509","Kokhanok CDP, Alaska",2006,160
"4510","Kokhanok CDP, Alaska",2007,163
"4511","Kokhanok CDP, Alaska",2008,164
"4512","Kokhanok CDP, Alaska",2009,170
"4513","Kokhanok CDP, Alaska",2010,170
"4514","Kokhanok CDP, Alaska",2011,175
"4515","Kokhanok CDP, Alaska",2012,170
"4516","Kokhanok CDP, Alaska",2013,174
"4517","Kokhanok CDP, Alaska",2014,167
"4518","Kokhanok CDP, Alaska",2015,137
"4519","Kokhanok CDP, Alaska",2016,148
"4520","Kokhanok CDP, Alaska",2017,169
"4521","Kokhanok CDP, Alaska",2018,162
"4522","Kokhanok CDP, Alaska",2019,151
"4523","Kokhanok CDP, Alaska",2020,152
"4524","Koliganek CDP, Alaska",1991,190
"4525","Koliganek CDP, Alaska",1992,193
"4526","Koliganek CDP, Alaska",1993,196
"4527","Koliganek CDP, Alaska",1994,206
"4528","Koliganek CDP, Alaska",1995,210
"4529","Koliganek CDP, Alaska",1996,208
"4530","Koliganek CDP, Alaska",1997,193
"4531","Koliganek CDP, Alaska",1998,201
"4532","Koliganek CDP, Alaska",1999,205
"4533","Koliganek CDP, Alaska",2000,182
"4534","Koliganek CDP, Alaska",2001,177
"4535","Koliganek CDP, Alaska",2002,188
"4536","Koliganek CDP, Alaska",2003,200
"4537","Koliganek CDP, Alaska",2004,189
"4538","Koliganek CDP, Alaska",2005,170
"4539","Koliganek CDP, Alaska",2006,167
"4540","Koliganek CDP, Alaska",2007,194
"4541","Koliganek CDP, Alaska",2008,176
"4542","Koliganek CDP, Alaska",2009,185
"4543","Koliganek CDP, Alaska",2010,209
"4544","Koliganek CDP, Alaska",2011,223
"4545","Koliganek CDP, Alaska",2012,223
"4546","Koliganek CDP, Alaska",2013,229
"4547","Koliganek CDP, Alaska",2014,231
"4548","Koliganek CDP, Alaska",2015,221
"4549","Koliganek CDP, Alaska",2016,214
"4550","Koliganek CDP, Alaska",2017,201
"4551","Koliganek CDP, Alaska",2018,195
"4552","Koliganek CDP, Alaska",2019,185
"4553","Koliganek CDP, Alaska",2020,183
"4554","Kongiganak CDP, Alaska",1991,318
"4555","Kongiganak CDP, Alaska",1992,313
"4556","Kongiganak CDP, Alaska",1993,309
"4557","Kongiganak CDP, Alaska",1994,323
"4558","Kongiganak CDP, Alaska",1995,336
"4559","Kongiganak CDP, Alaska",1996,326
"4560","Kongiganak CDP, Alaska",1997,344
"4561","Kongiganak CDP, Alaska",1998,346
"4562","Kongiganak CDP, Alaska",1999,359
"4563","Kongiganak CDP, Alaska",2000,359
"4564","Kongiganak CDP, Alaska",2001,369
"4565","Kongiganak CDP, Alaska",2002,367
"4566","Kongiganak CDP, Alaska",2003,396
"4567","Kongiganak CDP, Alaska",2004,402
"4568","Kongiganak CDP, Alaska",2005,412
"4569","Kongiganak CDP, Alaska",2006,400
"4570","Kongiganak CDP, Alaska",2007,415
"4571","Kongiganak CDP, Alaska",2008,422
"4572","Kongiganak CDP, Alaska",2009,440
"4573","Kongiganak CDP, Alaska",2010,439
"4574","Kongiganak CDP, Alaska",2011,462
"4575","Kongiganak CDP, Alaska",2012,464
"4576","Kongiganak CDP, Alaska",2013,456
"4577","Kongiganak CDP, Alaska",2014,501
"4578","Kongiganak CDP, Alaska",2015,495
"4579","Kongiganak CDP, Alaska",2016,510
"4580","Kongiganak CDP, Alaska",2017,521
"4581","Kongiganak CDP, Alaska",2018,510
"4582","Kongiganak CDP, Alaska",2019,510
"4583","Kongiganak CDP, Alaska",2020,486
"4584","Kotlik city, Alaska",1991,492
"4585","Kotlik city, Alaska",1992,502
"4586","Kotlik city, Alaska",1993,504
"4587","Kotlik city, Alaska",1994,499
"4588","Kotlik city, Alaska",1995,543
"4589","Kotlik city, Alaska",1996,519
"4590","Kotlik city, Alaska",1997,539
"4591","Kotlik city, Alaska",1998,554
"4592","Kotlik city, Alaska",1999,579
"4593","Kotlik city, Alaska",2000,591
"4594","Kotlik city, Alaska",2001,619
"4595","Kotlik city, Alaska",2002,621
"4596","Kotlik city, Alaska",2003,589
"4597","Kotlik city, Alaska",2004,570
"4598","Kotlik city, Alaska",2005,583
"4599","Kotlik city, Alaska",2006,580
"4600","Kotlik city, Alaska",2007,563
"4601","Kotlik city, Alaska",2008,568
"4602","Kotlik city, Alaska",2009,574
"4603","Kotlik city, Alaska",2010,577
"4604","Kotlik city, Alaska",2011,610
"4605","Kotlik city, Alaska",2012,628
"4606","Kotlik city, Alaska",2013,644
"4607","Kotlik city, Alaska",2014,653
"4608","Kotlik city, Alaska",2015,661
"4609","Kotlik city, Alaska",2016,641
"4610","Kotlik city, Alaska",2017,664
"4611","Kotlik city, Alaska",2018,677
"4612","Kotlik city, Alaska",2019,674
"4613","Kotlik city, Alaska",2020,655
"4614","Kotzebue city, Alaska",1991,2786
"4615","Kotzebue city, Alaska",1992,2927
"4616","Kotzebue city, Alaska",1993,2969
"4617","Kotzebue city, Alaska",1994,2904
"4618","Kotzebue city, Alaska",1995,2876
"4619","Kotzebue city, Alaska",1996,2827
"4620","Kotzebue city, Alaska",1997,2907
"4621","Kotzebue city, Alaska",1998,2942
"4622","Kotzebue city, Alaska",1999,2932
"4623","Kotzebue city, Alaska",2000,3082
"4624","Kotzebue city, Alaska",2001,3082
"4625","Kotzebue city, Alaska",2002,3116
"4626","Kotzebue city, Alaska",2003,3123
"4627","Kotzebue city, Alaska",2004,3218
"4628","Kotzebue city, Alaska",2005,3216
"4629","Kotzebue city, Alaska",2006,3212
"4630","Kotzebue city, Alaska",2007,3248
"4631","Kotzebue city, Alaska",2008,3272
"4632","Kotzebue city, Alaska",2009,3331
"4633","Kotzebue city, Alaska",2010,3201
"4634","Kotzebue city, Alaska",2011,3225
"4635","Kotzebue city, Alaska",2012,3237
"4636","Kotzebue city, Alaska",2013,3199
"4637","Kotzebue city, Alaska",2014,3153
"4638","Koyuk city, Alaska",1991,248
"4639","Koyuk city, Alaska",1992,272
"4640","Koyuk city, Alaska",1993,284
"4641","Koyuk city, Alaska",1994,264
"4642","Koyuk city, Alaska",1995,258
"4643","Koyuk city, Alaska",1996,276
"4644","Koyuk city, Alaska",1997,271
"4645","Koyuk city, Alaska",1998,293
"4646","Koyuk city, Alaska",1999,280
"4647","Koyuk city, Alaska",2000,297
"4648","Koyuk city, Alaska",2001,324
"4649","Koyuk city, Alaska",2002,324
"4650","Koyuk city, Alaska",2003,333
"4651","Koyuk city, Alaska",2004,340
"4652","Koyuk city, Alaska",2005,337
"4653","Koyuk city, Alaska",2006,355
"4654","Koyuk city, Alaska",2007,330
"4655","Koyuk city, Alaska",2008,315
"4656","Koyuk city, Alaska",2009,338
"4657","Koyuk city, Alaska",2010,332
"4658","Koyuk city, Alaska",2011,349
"4659","Koyuk city, Alaska",2012,338
"4660","Koyuk city, Alaska",2013,341
"4661","Koyuk city, Alaska",2014,321
"4662","Koyuk city, Alaska",2015,334
"4663","Koyuk city, Alaska",2016,325
"4664","Koyuk city, Alaska",2017,339
"4665","Koyuk city, Alaska",2018,351
"4666","Koyuk city, Alaska",2019,350
"4667","Koyuk city, Alaska",2020,312
"4668","Koyukuk city, Alaska",1991,123
"4669","Koyukuk city, Alaska",1992,123
"4670","Koyukuk city, Alaska",1993,124
"4671","Koyukuk city, Alaska",1994,140
"4672","Koyukuk city, Alaska",1995,127
"4673","Koyukuk city, Alaska",1996,129
"4674","Koyukuk city, Alaska",1997,114
"4675","Koyukuk city, Alaska",1998,129
"4676","Koyukuk city, Alaska",1999,101
"4677","Koyukuk city, Alaska",2000,101
"4678","Koyukuk city, Alaska",2001,95
"4679","Koyukuk city, Alaska",2002,98
"4680","Koyukuk city, Alaska",2003,106
"4681","Koyukuk city, Alaska",2004,106
"4682","Koyukuk city, Alaska",2005,94
"4683","Koyukuk city, Alaska",2006,84
"4684","Koyukuk city, Alaska",2007,85
"4685","Koyukuk city, Alaska",2008,82
"4686","Koyukuk city, Alaska",2009,99
"4687","Koyukuk city, Alaska",2010,96
"4688","Koyukuk city, Alaska",2011,95
"4689","Koyukuk city, Alaska",2012,95
"4690","Koyukuk city, Alaska",2013,89
"4691","Koyukuk city, Alaska",2014,92
"4692","Koyukuk city, Alaska",2015,97
"4693","Koyukuk city, Alaska",2016,100
"4694","Koyukuk city, Alaska",2017,97
"4695","Koyukuk city, Alaska",2018,88
"4696","Koyukuk city, Alaska",2019,97
"4697","Koyukuk city, Alaska",2020,98
"4698","Kupreanof city, Alaska",1991,24
"4699","Kupreanof city, Alaska",1992,24
"4700","Kupreanof city, Alaska",1993,24
"4701","Kupreanof city, Alaska",1994,24
"4702","Kupreanof city, Alaska",1995,24
"4703","Kupreanof city, Alaska",1996,24
"4704","Kupreanof city, Alaska",1997,24
"4705","Kupreanof city, Alaska",1998,24
"4706","Kupreanof city, Alaska",1999,24
"4707","Kupreanof city, Alaska",2000,23
"4708","Kupreanof city, Alaska",2001,24
"4709","Kupreanof city, Alaska",2002,24
"4710","Kupreanof city, Alaska",2003,24
"4711","Kupreanof city, Alaska",2004,25
"4712","Kupreanof city, Alaska",2005,26
"4713","Kupreanof city, Alaska",2006,25
"4714","Kupreanof city, Alaska",2007,26
"4715","Kupreanof city, Alaska",2008,26
"4716","Kupreanof city, Alaska",2009,27
"4717","Kupreanof city, Alaska",2010,27
"4718","Kupreanof city, Alaska",2011,27
"4719","Kupreanof city, Alaska",2012,34
"4720","Kupreanof city, Alaska",2013,25
"4721","Kupreanof city, Alaska",2014,25
"4722","Kupreanof city, Alaska",2015,22
"4723","Kupreanof city, Alaska",2016,24
"4724","Kupreanof city, Alaska",2017,25
"4725","Kupreanof city, Alaska",2018,19
"4726","Kupreanof city, Alaska",2019,21
"4727","Kupreanof city, Alaska",2020,21
"4728","Kwethluk city, Alaska",1991,555
"4729","Kwethluk city, Alaska",1992,593
"4730","Kwethluk city, Alaska",1993,581
"4731","Kwethluk city, Alaska",1994,613
"4732","Kwethluk city, Alaska",1995,644
"4733","Kwethluk city, Alaska",1996,630
"4734","Kwethluk city, Alaska",1997,664
"4735","Kwethluk city, Alaska",1998,669
"4736","Kwethluk city, Alaska",1999,698
"4737","Kwethluk city, Alaska",2000,713
"4738","Kwethluk city, Alaska",2001,687
"4739","Kwethluk city, Alaska",2002,687
"4740","Kwethluk city, Alaska",2003,697
"4741","Kwethluk city, Alaska",2004,683
"4742","Kwethluk city, Alaska",2005,678
"4743","Kwethluk city, Alaska",2006,675
"4744","Kwethluk city, Alaska",2007,694
"4745","Kwethluk city, Alaska",2008,708
"4746","Kwethluk city, Alaska",2009,692
"4747","Kwethluk city, Alaska",2010,721
"4748","Kwethluk city, Alaska",2011,742
"4749","Kwethluk city, Alaska",2012,751
"4750","Kwethluk city, Alaska",2013,782
"4751","Kwethluk city, Alaska",2014,800
"4752","Kwethluk city, Alaska",2015,817
"4753","Kwethluk city, Alaska",2016,833
"4754","Kwethluk city, Alaska",2017,866
"4755","Kwethluk city, Alaska",2018,855
"4756","Kwethluk city, Alaska",2019,857
"4757","Kwethluk city, Alaska",2020,812
"4758","Kwigillingok CDP, Alaska",1991,276
"4759","Kwigillingok CDP, Alaska",1992,300
"4760","Kwigillingok CDP, Alaska",1993,311
"4761","Kwigillingok CDP, Alaska",1994,327
"4762","Kwigillingok CDP, Alaska",1995,329
"4763","Kwigillingok CDP, Alaska",1996,335
"4764","Kwigillingok CDP, Alaska",1997,330
"4765","Kwigillingok CDP, Alaska",1998,325
"4766","Kwigillingok CDP, Alaska",1999,360
"4767","Kwigillingok CDP, Alaska",2000,338
"4768","Kwigillingok CDP, Alaska",2001,353
"4769","Kwigillingok CDP, Alaska",2002,330
"4770","Kwigillingok CDP, Alaska",2003,331
"4771","Kwigillingok CDP, Alaska",2004,346
"4772","Kwigillingok CDP, Alaska",2005,340
"4773","Kwigillingok CDP, Alaska",2006,351
"4774","Kwigillingok CDP, Alaska",2007,332
"4775","Kwigillingok CDP, Alaska",2008,321
"4776","Kwigillingok CDP, Alaska",2009,330
"4777","Kwigillingok CDP, Alaska",2010,321
"4778","Kwigillingok CDP, Alaska",2011,343
"4779","Kwigillingok CDP, Alaska",2012,317
"4780","Kwigillingok CDP, Alaska",2013,348
"4781","Kwigillingok CDP, Alaska",2014,364
"4782","Kwigillingok CDP, Alaska",2015,393
"4783","Kwigillingok CDP, Alaska",2016,401
"4784","Kwigillingok CDP, Alaska",2017,422
"4785","Kwigillingok CDP, Alaska",2018,405
"4786","Kwigillingok CDP, Alaska",2019,403
"4787","Kwigillingok CDP, Alaska",2020,380
"4788","Lake Louise CDP, Alaska",2000,88
"4789","Lake Louise CDP, Alaska",2001,91
"4790","Lake Louise CDP, Alaska",2002,75
"4791","Lake Louise CDP, Alaska",2003,84
"4792","Lake Louise CDP, Alaska",2004,69
"4793","Lake Louise CDP, Alaska",2005,59
"4794","Lake Louise CDP, Alaska",2006,51
"4795","Lake Louise CDP, Alaska",2007,51
"4796","Lake Louise CDP, Alaska",2008,44
"4797","Lake Louise CDP, Alaska",2009,46
"4798","Lake Louise CDP, Alaska",2010,46
"4799","Lake Louise CDP, Alaska",2011,49
"4800","Lake Louise CDP, Alaska",2012,50
"4801","Lake Louise CDP, Alaska",2013,53
"4802","Lake Louise CDP, Alaska",2014,47
"4803","Lake Louise CDP, Alaska",2015,25
"4804","Lake Louise CDP, Alaska",2016,24
"4805","Lake Louise CDP, Alaska",2017,17
"4806","Lake Louise CDP, Alaska",2018,13
"4807","Lake Louise CDP, Alaska",2019,14
"4808","Lake Louise CDP, Alaska",2020,15
"4809","Lake Minchumina CDP, Alaska",1991,31
"4810","Lake Minchumina CDP, Alaska",1992,24
"4811","Lake Minchumina CDP, Alaska",1993,32
"4812","Lake Minchumina CDP, Alaska",1994,35
"4813","Lake Minchumina CDP, Alaska",1995,34
"4814","Lake Minchumina CDP, Alaska",1996,42
"4815","Lake Minchumina CDP, Alaska",1997,46
"4816","Lake Minchumina CDP, Alaska",1998,45
"4817","Lake Minchumina CDP, Alaska",1999,38
"4818","Lake Minchumina CDP, Alaska",2000,32
"4819","Lake Minchumina CDP, Alaska",2001,21
"4820","Lake Minchumina CDP, Alaska",2002,23
"4821","Lake Minchumina CDP, Alaska",2003,22
"4822","Lake Minchumina CDP, Alaska",2004,18
"4823","Lake Minchumina CDP, Alaska",2005,17
"4824","Lake Minchumina CDP, Alaska",2006,18
"4825","Lake Minchumina CDP, Alaska",2007,15
"4826","Lake Minchumina CDP, Alaska",2008,14
"4827","Lake Minchumina CDP, Alaska",2009,14
"4828","Lake Minchumina CDP, Alaska",2010,13
"4829","Lake Minchumina CDP, Alaska",2011,12
"4830","Lake Minchumina CDP, Alaska",2012,12
"4831","Lake Minchumina CDP, Alaska",2013,13
"4832","Lake Minchumina CDP, Alaska",2014,10
"4833","Lake Minchumina CDP, Alaska",2015,16
"4834","Lake Minchumina CDP, Alaska",2016,18
"4835","Lake Minchumina CDP, Alaska",2017,19
"4836","Lake Minchumina CDP, Alaska",2018,17
"4837","Lake Minchumina CDP, Alaska",2019,18
"4838","Lake Minchumina CDP, Alaska",2020,30
"4839","Lakes CDP, Alaska",2010,8364
"4840","Lakes CDP, Alaska",2011,8571
"4841","Lakes CDP, Alaska",2012,8729
"4842","Lakes CDP, Alaska",2013,8778
"4843","Lakes CDP, Alaska",2014,8986
"4844","Larsen Bay city, Alaska",1991,162
"4845","Larsen Bay city, Alaska",1992,164
"4846","Larsen Bay city, Alaska",1993,151
"4847","Larsen Bay city, Alaska",1994,140
"4848","Larsen Bay city, Alaska",1995,130
"4849","Larsen Bay city, Alaska",1996,124
"4850","Larsen Bay city, Alaska",1997,119
"4851","Larsen Bay city, Alaska",1998,132
"4852","Larsen Bay city, Alaska",1999,137
"4853","Larsen Bay city, Alaska",2000,115
"4854","Larsen Bay city, Alaska",2001,114
"4855","Larsen Bay city, Alaska",2002,109
"4856","Larsen Bay city, Alaska",2003,97
"4857","Larsen Bay city, Alaska",2004,99
"4858","Larsen Bay city, Alaska",2005,101
"4859","Larsen Bay city, Alaska",2006,87
"4860","Larsen Bay city, Alaska",2007,94
"4861","Larsen Bay city, Alaska",2008,72
"4862","Larsen Bay city, Alaska",2009,85
"4863","Larsen Bay city, Alaska",2010,87
"4864","Larsen Bay city, Alaska",2011,90
"4865","Larsen Bay city, Alaska",2012,93
"4866","Larsen Bay city, Alaska",2013,88
"4867","Larsen Bay city, Alaska",2014,71
"4868","Larsen Bay city, Alaska",2015,69
"4869","Larsen Bay city, Alaska",2016,60
"4870","Larsen Bay city, Alaska",2017,64
"4871","Larsen Bay city, Alaska",2018,57
"4872","Larsen Bay city, Alaska",2019,49
"4873","Larsen Bay city, Alaska",2020,34
"4874","Lazy Mountain CDP, Alaska",1991,868
"4875","Lazy Mountain CDP, Alaska",1992,906
"4876","Lazy Mountain CDP, Alaska",1993,990
"4877","Lazy Mountain CDP, Alaska",1994,949
"4878","Lazy Mountain CDP, Alaska",1995,980
"4879","Lazy Mountain CDP, Alaska",1996,1006
"4880","Lazy Mountain CDP, Alaska",1997,1042
"4881","Lazy Mountain CDP, Alaska",1998,1090
"4882","Lazy Mountain CDP, Alaska",1999,1109
"4883","Lazy Mountain CDP, Alaska",2000,1160
"4884","Lazy Mountain CDP, Alaska",2001,1206
"4885","Lazy Mountain CDP, Alaska",2002,1191
"4886","Lazy Mountain CDP, Alaska",2003,1227
"4887","Lazy Mountain CDP, Alaska",2004,1257
"4888","Lazy Mountain CDP, Alaska",2005,1265
"4889","Lazy Mountain CDP, Alaska",2006,1363
"4890","Lazy Mountain CDP, Alaska",2007,1418
"4891","Lazy Mountain CDP, Alaska",2008,1441
"4892","Lazy Mountain CDP, Alaska",2009,1435
"4893","Lazy Mountain CDP, Alaska",2010,1479
"4894","Lazy Mountain CDP, Alaska",2011,1500
"4895","Lazy Mountain CDP, Alaska",2012,1558
"4896","Lazy Mountain CDP, Alaska",2013,1524
"4897","Lazy Mountain CDP, Alaska",2014,1568
"4898","Levelock CDP, Alaska",1991,105
"4899","Levelock CDP, Alaska",1992,110
"4900","Levelock CDP, Alaska",1993,113
"4901","Levelock CDP, Alaska",1994,105
"4902","Levelock CDP, Alaska",1995,110
"4903","Levelock CDP, Alaska",1996,113
"4904","Levelock CDP, Alaska",1997,115
"4905","Levelock CDP, Alaska",1998,130
"4906","Levelock CDP, Alaska",1999,131
"4907","Levelock CDP, Alaska",2000,122
"4908","Levelock CDP, Alaska",2001,108
"4909","Levelock CDP, Alaska",2002,84
"4910","Levelock CDP, Alaska",2003,73
"4911","Levelock CDP, Alaska",2004,60
"4912","Levelock CDP, Alaska",2005,56
"4913","Levelock CDP, Alaska",2006,64
"4914","Levelock CDP, Alaska",2007,74
"4915","Levelock CDP, Alaska",2008,74
"4916","Levelock CDP, Alaska",2009,95
"4917","Levelock CDP, Alaska",2010,69
"4918","Levelock CDP, Alaska",2011,86
"4919","Levelock CDP, Alaska",2012,88
"4920","Levelock CDP, Alaska",2013,79
"4921","Levelock CDP, Alaska",2014,80
"4922","Levelock CDP, Alaska",2015,107
"4923","Levelock CDP, Alaska",2016,95
"4924","Levelock CDP, Alaska",2017,99
"4925","Levelock CDP, Alaska",2018,91
"4926","Levelock CDP, Alaska",2019,80
"4927","Levelock CDP, Alaska",2020,69
"4928","Lime Village CDP, Alaska",1991,48
"4929","Lime Village CDP, Alaska",1992,46
"4930","Lime Village CDP, Alaska",1993,49
"4931","Lime Village CDP, Alaska",1994,54
"4932","Lime Village CDP, Alaska",1995,59
"4933","Lime Village CDP, Alaska",1996,45
"4934","Lime Village CDP, Alaska",1997,46
"4935","Lime Village CDP, Alaska",1998,57
"4936","Lime Village CDP, Alaska",1999,62
"4937","Lime Village CDP, Alaska",2000,47
"4938","Lime Village CDP, Alaska",2001,50
"4939","Lime Village CDP, Alaska",2002,43
"4940","Lime Village CDP, Alaska",2003,46
"4941","Lime Village CDP, Alaska",2004,38
"4942","Lime Village CDP, Alaska",2005,32
"4943","Lime Village CDP, Alaska",2006,30
"4944","Lime Village CDP, Alaska",2007,30
"4945","Lime Village CDP, Alaska",2008,18
"4946","Lime Village CDP, Alaska",2009,24
"4947","Lime Village CDP, Alaska",2010,29
"4948","Lime Village CDP, Alaska",2011,22
"4949","Lime Village CDP, Alaska",2012,27
"4950","Lime Village CDP, Alaska",2013,25
"4951","Lime Village CDP, Alaska",2014,29
"4952","Lime Village CDP, Alaska",2015,32
"4953","Lime Village CDP, Alaska",2016,34
"4954","Lime Village CDP, Alaska",2017,27
"4955","Lime Village CDP, Alaska",2018,14
"4956","Lime Village CDP, Alaska",2019,14
"4957","Lime Village CDP, Alaska",2020,13
"4958","Livengood CDP, Alaska",2000,29
"4959","Livengood CDP, Alaska",2001,29
"4960","Livengood CDP, Alaska",2002,25
"4961","Livengood CDP, Alaska",2003,16
"4962","Livengood CDP, Alaska",2004,20
"4963","Livengood CDP, Alaska",2005,18
"4964","Livengood CDP, Alaska",2006,15
"4965","Livengood CDP, Alaska",2007,11
"4966","Livengood CDP, Alaska",2008,11
"4967","Livengood CDP, Alaska",2009,11
"4968","Livengood CDP, Alaska",2010,13
"4969","Livengood CDP, Alaska",2011,13
"4970","Livengood CDP, Alaska",2012,12
"4971","Livengood CDP, Alaska",2013,14
"4972","Livengood CDP, Alaska",2014,12
"4973","Livengood CDP, Alaska",2015,14
"4974","Livengood CDP, Alaska",2016,16
"4975","Livengood CDP, Alaska",2017,15
"4976","Livengood CDP, Alaska",2018,19
"4977","Livengood CDP, Alaska",2019,15
"4978","Livengood CDP, Alaska",2020,16
"4979","Loring CDP, Alaska",2010,4
"4980","Loring CDP, Alaska",2011,4
"4981","Loring CDP, Alaska",2012,3
"4982","Loring CDP, Alaska",2013,3
"4983","Loring CDP, Alaska",2014,3
"4984","Loring CDP, Alaska",2015,0
"4985","Loring CDP, Alaska",2016,0
"4986","Loring CDP, Alaska",2017,0
"4987","Loring CDP, Alaska",2018,0
"4988","Loring CDP, Alaska",2019,0
"4989","Loring CDP, Alaska",2020,0
"4990","Lowell Point CDP, Alaska",2000,92
"4991","Lowell Point CDP, Alaska",2001,97
"4992","Lowell Point CDP, Alaska",2002,109
"4993","Lowell Point CDP, Alaska",2003,91
"4994","Lowell Point CDP, Alaska",2004,78
"4995","Lowell Point CDP, Alaska",2005,99
"4996","Lowell Point CDP, Alaska",2006,84
"4997","Lowell Point CDP, Alaska",2007,88
"4998","Lowell Point CDP, Alaska",2008,98
"4999","Lowell Point CDP, Alaska",2009,80
"5000","Lowell Point CDP, Alaska",2010,80
"5001","Lowell Point CDP, Alaska",2011,72
"5002","Lowell Point CDP, Alaska",2012,59
"5003","Lowell Point CDP, Alaska",2013,75
"5004","Lowell Point CDP, Alaska",2014,68
"5005","Lowell Point CDP, Alaska",2015,59
"5006","Lowell Point CDP, Alaska",2016,76
"5007","Lowell Point CDP, Alaska",2017,87
"5008","Lowell Point CDP, Alaska",2018,86
"5009","Lowell Point CDP, Alaska",2019,92
"5010","Lowell Point CDP, Alaska",2020,79
"5011","Lower Kalskag city, Alaska",1991,305
"5012","Lower Kalskag city, Alaska",1992,316
"5013","Lower Kalskag city, Alaska",1993,300
"5014","Lower Kalskag city, Alaska",1994,310
"5015","Lower Kalskag city, Alaska",1995,305
"5016","Lower Kalskag city, Alaska",1996,301
"5017","Lower Kalskag city, Alaska",1997,280
"5018","Lower Kalskag city, Alaska",1998,286
"5019","Lower Kalskag city, Alaska",1999,310
"5020","Lower Kalskag city, Alaska",2000,267
"5021","Lower Kalskag city, Alaska",2001,259
"5022","Lower Kalskag city, Alaska",2002,268
"5023","Lower Kalskag city, Alaska",2003,274
"5024","Lower Kalskag city, Alaska",2004,272
"5025","Lower Kalskag city, Alaska",2005,263
"5026","Lower Kalskag city, Alaska",2006,281
"5027","Lower Kalskag city, Alaska",2007,266
"5028","Lower Kalskag city, Alaska",2008,272
"5029","Lower Kalskag city, Alaska",2009,271
"5030","Lower Kalskag city, Alaska",2010,282
"5031","Lower Kalskag city, Alaska",2011,295
"5032","Lower Kalskag city, Alaska",2012,306
"5033","Lower Kalskag city, Alaska",2013,301
"5034","Lower Kalskag city, Alaska",2014,281
"5035","Lower Kalskag city, Alaska",2015,282
"5036","Lower Kalskag city, Alaska",2016,285
"5037","Lower Kalskag city, Alaska",2017,274
"5038","Lower Kalskag city, Alaska",2018,277
"5039","Lower Kalskag city, Alaska",2019,275
"5040","Lower Kalskag city, Alaska",2020,278
"5041","Lutak CDP, Alaska",1991,47
"5042","Lutak CDP, Alaska",1992,48
"5043","Lutak CDP, Alaska",1993,49
"5044","Lutak CDP, Alaska",1994,50
"5045","Lutak CDP, Alaska",1995,49
"5046","Lutak CDP, Alaska",1996,50
"5047","Lutak CDP, Alaska",1997,52
"5048","Lutak CDP, Alaska",1998,53
"5049","Lutak CDP, Alaska",1999,53
"5050","Lutak CDP, Alaska",2000,39
"5051","Lutak CDP, Alaska",2001,44
"5052","Lutak CDP, Alaska",2002,41
"5053","Lutak CDP, Alaska",2003,38
"5054","Lutak CDP, Alaska",2004,42
"5055","Lutak CDP, Alaska",2005,39
"5056","Lutak CDP, Alaska",2006,51
"5057","Lutak CDP, Alaska",2007,47
"5058","Lutak CDP, Alaska",2008,60
"5059","Lutak CDP, Alaska",2009,44
"5060","Lutak CDP, Alaska",2010,49
"5061","Lutak CDP, Alaska",2011,50
"5062","Lutak CDP, Alaska",2012,56
"5063","Lutak CDP, Alaska",2013,67
"5064","Lutak CDP, Alaska",2014,78
"5065","Lutak CDP, Alaska",2015,67
"5066","Lutak CDP, Alaska",2016,75
"5067","Lutak CDP, Alaska",2017,65
"5068","Lutak CDP, Alaska",2018,63
"5069","Lutak CDP, Alaska",2019,52
"5070","Lutak CDP, Alaska",2020,29
"5071","Manley Hot Springs CDP, Alaska",1991,105
"5072","Manley Hot Springs CDP, Alaska",1992,107
"5073","Manley Hot Springs CDP, Alaska",1993,109
"5074","Manley Hot Springs CDP, Alaska",1994,106
"5075","Manley Hot Springs CDP, Alaska",1995,95
"5076","Manley Hot Springs CDP, Alaska",1996,99
"5077","Manley Hot Springs CDP, Alaska",1997,90
"5078","Manley Hot Springs CDP, Alaska",1998,95
"5079","Manley Hot Springs CDP, Alaska",1999,88
"5080","Manley Hot Springs CDP, Alaska",2000,72
"5081","Manley Hot Springs CDP, Alaska",2001,74
"5082","Manley Hot Springs CDP, Alaska",2002,73
"5083","Manley Hot Springs CDP, Alaska",2003,71
"5084","Manley Hot Springs CDP, Alaska",2004,75
"5085","Manley Hot Springs CDP, Alaska",2005,76
"5086","Manley Hot Springs CDP, Alaska",2006,82
"5087","Manley Hot Springs CDP, Alaska",2007,76
"5088","Manley Hot Springs CDP, Alaska",2008,81
"5089","Manley Hot Springs CDP, Alaska",2009,85
"5090","Manley Hot Springs CDP, Alaska",2010,89
"5091","Manley Hot Springs CDP, Alaska",2011,94
"5092","Manley Hot Springs CDP, Alaska",2012,116
"5093","Manley Hot Springs CDP, Alaska",2013,127
"5094","Manley Hot Springs CDP, Alaska",2014,117
"5095","Manley Hot Springs CDP, Alaska",2015,156
"5096","Manley Hot Springs CDP, Alaska",2016,160
"5097","Manley Hot Springs CDP, Alaska",2017,156
"5098","Manley Hot Springs CDP, Alaska",2018,167
"5099","Manley Hot Springs CDP, Alaska",2019,161
"5100","Manley Hot Springs CDP, Alaska",2020,169
"5101","Manokotak city, Alaska",1991,391
"5102","Manokotak city, Alaska",1992,400
"5103","Manokotak city, Alaska",1993,419
"5104","Manokotak city, Alaska",1994,403
"5105","Manokotak city, Alaska",1995,402
"5106","Manokotak city, Alaska",1996,390
"5107","Manokotak city, Alaska",1997,388
"5108","Manokotak city, Alaska",1998,396
"5109","Manokotak city, Alaska",1999,399
"5110","Manokotak city, Alaska",2000,399
"5111","Manokotak city, Alaska",2001,409
"5112","Manokotak city, Alaska",2002,402
"5113","Manokotak city, Alaska",2003,399
"5114","Manokotak city, Alaska",2004,400
"5115","Manokotak city, Alaska",2005,430
"5116","Manokotak city, Alaska",2006,413
"5117","Manokotak city, Alaska",2007,416
"5118","Manokotak city, Alaska",2008,414
"5119","Manokotak city, Alaska",2009,422
"5120","Manokotak city, Alaska",2010,442
"5121","Manokotak city, Alaska",2011,446
"5122","Manokotak city, Alaska",2012,449
"5123","Manokotak city, Alaska",2013,492
"5124","Manokotak city, Alaska",2014,500
"5125","Manokotak city, Alaska",2015,481
"5126","Manokotak city, Alaska",2016,495
"5127","Manokotak city, Alaska",2017,486
"5128","Manokotak city, Alaska",2018,505
"5129","Manokotak city, Alaska",2019,481
"5130","Manokotak city, Alaska",2020,488
"5131","Marshall city, Alaska",1991,277
"5132","Marshall city, Alaska",1992,306
"5133","Marshall city, Alaska",1993,301
"5134","Marshall city, Alaska",1994,311
"5135","Marshall city, Alaska",1995,298
"5136","Marshall city, Alaska",1996,306
"5137","Marshall city, Alaska",1997,315
"5138","Marshall city, Alaska",1998,303
"5139","Marshall city, Alaska",1999,318
"5140","Marshall city, Alaska",2000,349
"5141","Marshall city, Alaska",2001,361
"5142","Marshall city, Alaska",2002,360
"5143","Marshall city, Alaska",2003,365
"5144","Marshall city, Alaska",2004,358
"5145","Marshall city, Alaska",2005,365
"5146","Marshall city, Alaska",2006,375
"5147","Marshall city, Alaska",2007,373
"5148","Marshall city, Alaska",2008,399
"5149","Marshall city, Alaska",2009,396
"5150","Marshall city, Alaska",2010,414
"5151","Marshall city, Alaska",2011,406
"5152","Marshall city, Alaska",2012,414
"5153","Marshall city, Alaska",2013,472
"5154","Marshall city, Alaska",2014,444
"5155","Marshall city, Alaska",2015,490
"5156","Marshall city, Alaska",2016,491
"5157","Marshall city, Alaska",2017,485
"5158","Marshall city, Alaska",2018,475
"5159","Marshall city, Alaska",2019,518
"5160","Marshall city, Alaska",2020,492
"5161","McCarthy CDP, Alaska",1991,24
"5162","McCarthy CDP, Alaska",1992,25
"5163","McCarthy CDP, Alaska",1993,34
"5164","McCarthy CDP, Alaska",1994,38
"5165","McCarthy CDP, Alaska",1995,30
"5166","McCarthy CDP, Alaska",1996,32
"5167","McCarthy CDP, Alaska",1997,28
"5168","McCarthy CDP, Alaska",1998,35
"5169","McCarthy CDP, Alaska",1999,37
"5170","McCarthy CDP, Alaska",2000,42
"5171","McCarthy CDP, Alaska",2001,43
"5172","McCarthy CDP, Alaska",2002,46
"5173","McCarthy CDP, Alaska",2003,46
"5174","McCarthy CDP, Alaska",2004,54
"5175","McCarthy CDP, Alaska",2005,53
"5176","McCarthy CDP, Alaska",2006,42
"5177","McCarthy CDP, Alaska",2007,37
"5178","McCarthy CDP, Alaska",2008,32
"5179","McCarthy CDP, Alaska",2009,29
"5180","McCarthy CDP, Alaska",2010,28
"5181","McCarthy CDP, Alaska",2011,31
"5182","McCarthy CDP, Alaska",2012,31
"5183","McCarthy CDP, Alaska",2013,36
"5184","McCarthy CDP, Alaska",2014,34
"5185","McCarthy CDP, Alaska",2015,50
"5186","McCarthy CDP, Alaska",2016,56
"5187","McCarthy CDP, Alaska",2017,66
"5188","McCarthy CDP, Alaska",2018,72
"5189","McCarthy CDP, Alaska",2019,79
"5190","McCarthy CDP, Alaska",2020,107
"5191","McGrath city, Alaska",1991,528
"5192","McGrath city, Alaska",1992,541
"5193","McGrath city, Alaska",1993,493
"5194","McGrath city, Alaska",1994,447
"5195","McGrath city, Alaska",1995,469
"5196","McGrath city, Alaska",1996,475
"5197","McGrath city, Alaska",1997,451
"5198","McGrath city, Alaska",1998,440
"5199","McGrath city, Alaska",1999,423
"5200","McGrath city, Alaska",2000,401
"5201","McGrath city, Alaska",2001,441
"5202","McGrath city, Alaska",2002,401
"5203","McGrath city, Alaska",2003,407
"5204","McGrath city, Alaska",2004,369
"5205","McGrath city, Alaska",2005,352
"5206","McGrath city, Alaska",2006,324
"5207","McGrath city, Alaska",2007,318
"5208","McGrath city, Alaska",2008,321
"5209","McGrath city, Alaska",2009,327
"5210","McGrath city, Alaska",2010,346
"5211","McGrath city, Alaska",2011,339
"5212","McGrath city, Alaska",2012,343
"5213","McGrath city, Alaska",2013,320
"5214","McGrath city, Alaska",2014,315
"5215","McGrath city, Alaska",2015,342
"5216","McGrath city, Alaska",2016,320
"5217","McGrath city, Alaska",2017,317
"5218","McGrath city, Alaska",2018,296
"5219","McGrath city, Alaska",2019,314
"5220","McGrath city, Alaska",2020,301
"5221","McKinley Park CDP, Alaska",1991,179
"5222","McKinley Park CDP, Alaska",1992,174
"5223","McKinley Park CDP, Alaska",1993,188
"5224","McKinley Park CDP, Alaska",1994,193
"5225","McKinley Park CDP, Alaska",1995,186
"5226","McKinley Park CDP, Alaska",1996,194
"5227","McKinley Park CDP, Alaska",1997,187
"5228","McKinley Park CDP, Alaska",1998,178
"5229","McKinley Park CDP, Alaska",1999,169
"5230","McKinley Park CDP, Alaska",2000,142
"5231","McKinley Park CDP, Alaska",2001,135
"5232","McKinley Park CDP, Alaska",2002,142
"5233","McKinley Park CDP, Alaska",2003,139
"5234","McKinley Park CDP, Alaska",2004,136
"5235","McKinley Park CDP, Alaska",2005,148
"5236","McKinley Park CDP, Alaska",2006,158
"5237","McKinley Park CDP, Alaska",2007,163
"5238","McKinley Park CDP, Alaska",2008,176
"5239","McKinley Park CDP, Alaska",2009,193
"5240","McKinley Park CDP, Alaska",2010,185
"5241","McKinley Park CDP, Alaska",2011,188
"5242","McKinley Park CDP, Alaska",2012,188
"5243","McKinley Park CDP, Alaska",2013,178
"5244","McKinley Park CDP, Alaska",2014,179
"5245","Meadow Lakes CDP, Alaska",1991,2984
"5246","Meadow Lakes CDP, Alaska",1992,3849
"5247","Meadow Lakes CDP, Alaska",1993,4132
"5248","Meadow Lakes CDP, Alaska",1994,4340
"5249","Meadow Lakes CDP, Alaska",1995,4530
"5250","Meadow Lakes CDP, Alaska",1996,4661
"5251","Meadow Lakes CDP, Alaska",1997,4685
"5252","Meadow Lakes CDP, Alaska",1998,4829
"5253","Meadow Lakes CDP, Alaska",1999,5232
"5254","Meadow Lakes CDP, Alaska",2000,4720
"5255","Meadow Lakes CDP, Alaska",2001,4939
"5256","Meadow Lakes CDP, Alaska",2002,5205
"5257","Meadow Lakes CDP, Alaska",2003,5470
"5258","Meadow Lakes CDP, Alaska",2004,5838
"5259","Meadow Lakes CDP, Alaska",2005,6265
"5260","Meadow Lakes CDP, Alaska",2006,6411
"5261","Meadow Lakes CDP, Alaska",2007,6714
"5262","Meadow Lakes CDP, Alaska",2008,7038
"5263","Meadow Lakes CDP, Alaska",2009,7200
"5264","Meadow Lakes CDP, Alaska",2010,7570
"5265","Meadow Lakes CDP, Alaska",2011,7913
"5266","Meadow Lakes CDP, Alaska",2012,8188
"5267","Meadow Lakes CDP, Alaska",2013,8257
"5268","Meadow Lakes CDP, Alaska",2014,8336
"5269","Mekoryuk city, Alaska",1991,191
"5270","Mekoryuk city, Alaska",1992,181
"5271","Mekoryuk city, Alaska",1993,202
"5272","Mekoryuk city, Alaska",1994,205
"5273","Mekoryuk city, Alaska",1995,210
"5274","Mekoryuk city, Alaska",1996,201
"5275","Mekoryuk city, Alaska",1997,192
"5276","Mekoryuk city, Alaska",1998,192
"5277","Mekoryuk city, Alaska",1999,193
"5278","Mekoryuk city, Alaska",2000,210
"5279","Mekoryuk city, Alaska",2001,214
"5280","Mekoryuk city, Alaska",2002,205
"5281","Mekoryuk city, Alaska",2003,205
"5282","Mekoryuk city, Alaska",2004,200
"5283","Mekoryuk city, Alaska",2005,194
"5284","Mekoryuk city, Alaska",2006,222
"5285","Mekoryuk city, Alaska",2007,210
"5286","Mekoryuk city, Alaska",2008,198
"5287","Mekoryuk city, Alaska",2009,177
"5288","Mekoryuk city, Alaska",2010,191
"5289","Mekoryuk city, Alaska",2011,203
"5290","Mekoryuk city, Alaska",2012,210
"5291","Mekoryuk city, Alaska",2013,201
"5292","Mekoryuk city, Alaska",2014,210
"5293","Mekoryuk city, Alaska",2015,227
"5294","Mekoryuk city, Alaska",2016,224
"5295","Mekoryuk city, Alaska",2017,219
"5296","Mekoryuk city, Alaska",2018,235
"5297","Mekoryuk city, Alaska",2019,219
"5298","Mekoryuk city, Alaska",2020,206
"5299","Mendeltna CDP, Alaska",1991,37
"5300","Mendeltna CDP, Alaska",1992,46
"5301","Mendeltna CDP, Alaska",1993,51
"5302","Mendeltna CDP, Alaska",1994,54
"5303","Mendeltna CDP, Alaska",1995,52
"5304","Mendeltna CDP, Alaska",1996,62
"5305","Mendeltna CDP, Alaska",1997,70
"5306","Mendeltna CDP, Alaska",1998,66
"5307","Mendeltna CDP, Alaska",1999,80
"5308","Mendeltna CDP, Alaska",2000,63
"5309","Mendeltna CDP, Alaska",2001,68
"5310","Mendeltna CDP, Alaska",2002,58
"5311","Mendeltna CDP, Alaska",2003,65
"5312","Mendeltna CDP, Alaska",2004,69
"5313","Mendeltna CDP, Alaska",2005,65
"5314","Mendeltna CDP, Alaska",2006,58
"5315","Mendeltna CDP, Alaska",2007,59
"5316","Mendeltna CDP, Alaska",2008,58
"5317","Mendeltna CDP, Alaska",2009,46
"5318","Mendeltna CDP, Alaska",2010,39
"5319","Mendeltna CDP, Alaska",2011,35
"5320","Mendeltna CDP, Alaska",2012,41
"5321","Mendeltna CDP, Alaska",2013,39
"5322","Mendeltna CDP, Alaska",2014,38
"5323","Mendeltna CDP, Alaska",2015,40
"5324","Mendeltna CDP, Alaska",2016,43
"5325","Mendeltna CDP, Alaska",2017,43
"5326","Mendeltna CDP, Alaska",2018,35
"5327","Mendeltna CDP, Alaska",2019,35
"5328","Mendeltna CDP, Alaska",2020,36
"5329","Mentasta Lake CDP, Alaska",1991,90
"5330","Mentasta Lake CDP, Alaska",1992,90
"5331","Mentasta Lake CDP, Alaska",1993,106
"5332","Mentasta Lake CDP, Alaska",1994,113
"5333","Mentasta Lake CDP, Alaska",1995,117
"5334","Mentasta Lake CDP, Alaska",1996,109
"5335","Mentasta Lake CDP, Alaska",1997,122
"5336","Mentasta Lake CDP, Alaska",1998,101
"5337","Mentasta Lake CDP, Alaska",1999,125
"5338","Mentasta Lake CDP, Alaska",2000,142
"5339","Mentasta Lake CDP, Alaska",2001,138
"5340","Mentasta Lake CDP, Alaska",2002,149
"5341","Mentasta Lake CDP, Alaska",2003,148
"5342","Mentasta Lake CDP, Alaska",2004,143
"5343","Mentasta Lake CDP, Alaska",2005,130
"5344","Mentasta Lake CDP, Alaska",2006,116
"5345","Mentasta Lake CDP, Alaska",2007,118
"5346","Mentasta Lake CDP, Alaska",2008,112
"5347","Mentasta Lake CDP, Alaska",2009,122
"5348","Mentasta Lake CDP, Alaska",2010,112
"5349","Mentasta Lake CDP, Alaska",2011,126
"5350","Mentasta Lake CDP, Alaska",2012,125
"5351","Mentasta Lake CDP, Alaska",2013,129
"5352","Mentasta Lake CDP, Alaska",2014,125
"5353","Mentasta Lake CDP, Alaska",2015,123
"5354","Mentasta Lake CDP, Alaska",2016,117
"5355","Mentasta Lake CDP, Alaska",2017,125
"5356","Mentasta Lake CDP, Alaska",2018,133
"5357","Mentasta Lake CDP, Alaska",2019,128
"5358","Mentasta Lake CDP, Alaska",2020,127
"5359","Mertarvik CDP, Alaska",2010,0
"5360","Mertarvik CDP, Alaska",2011,0
"5361","Mertarvik CDP, Alaska",2012,0
"5362","Mertarvik CDP, Alaska",2013,0
"5363","Mertarvik CDP, Alaska",2014,0
"5364","Mertarvik CDP, Alaska",2015,0
"5365","Mertarvik CDP, Alaska",2016,0
"5366","Mertarvik CDP, Alaska",2017,0
"5367","Mertarvik CDP, Alaska",2018,0
"5368","Mertarvik CDP, Alaska",2019,0
"5369","Mertarvik CDP, Alaska",2020,99
"5370","Metlakatla CDP, Alaska",1991,1489
"5371","Metlakatla CDP, Alaska",1992,1531
"5372","Metlakatla CDP, Alaska",1993,1518
"5373","Metlakatla CDP, Alaska",1994,1520
"5374","Metlakatla CDP, Alaska",1995,1522
"5375","Metlakatla CDP, Alaska",1996,1563
"5376","Metlakatla CDP, Alaska",1997,1523
"5377","Metlakatla CDP, Alaska",1998,1502
"5378","Metlakatla CDP, Alaska",1999,1472
"5379","Metlakatla CDP, Alaska",2000,1375
"5380","Metlakatla CDP, Alaska",2001,1337
"5381","Metlakatla CDP, Alaska",2002,1336
"5382","Metlakatla CDP, Alaska",2003,1312
"5383","Metlakatla CDP, Alaska",2004,1308
"5384","Metlakatla CDP, Alaska",2005,1348
"5385","Metlakatla CDP, Alaska",2006,1332
"5386","Metlakatla CDP, Alaska",2007,1291
"5387","Metlakatla CDP, Alaska",2008,1319
"5388","Metlakatla CDP, Alaska",2009,1345
"5389","Metlakatla CDP, Alaska",2010,1405
"5390","Metlakatla CDP, Alaska",2011,1421
"5391","Metlakatla CDP, Alaska",2012,1463
"5392","Metlakatla CDP, Alaska",2013,1470
"5393","Metlakatla CDP, Alaska",2014,1480
"5394","Minto CDP, Alaska",1991,209
"5395","Minto CDP, Alaska",1992,217
"5396","Minto CDP, Alaska",1993,220
"5397","Minto CDP, Alaska",1994,251
"5398","Minto CDP, Alaska",1995,235
"5399","Minto CDP, Alaska",1996,251
"5400","Minto CDP, Alaska",1997,246
"5401","Minto CDP, Alaska",1998,250
"5402","Minto CDP, Alaska",1999,248
"5403","Minto CDP, Alaska",2000,258
"5404","Minto CDP, Alaska",2001,228
"5405","Minto CDP, Alaska",2002,228
"5406","Minto CDP, Alaska",2003,233
"5407","Minto CDP, Alaska",2004,214
"5408","Minto CDP, Alaska",2005,211
"5409","Minto CDP, Alaska",2006,194
"5410","Minto CDP, Alaska",2007,189
"5411","Minto CDP, Alaska",2008,200
"5412","Minto CDP, Alaska",2009,203
"5413","Minto CDP, Alaska",2010,210
"5414","Minto CDP, Alaska",2011,217
"5415","Minto CDP, Alaska",2012,223
"5416","Minto CDP, Alaska",2013,214
"5417","Minto CDP, Alaska",2014,205
"5418","Minto CDP, Alaska",2015,206
"5419","Minto CDP, Alaska",2016,207
"5420","Minto CDP, Alaska",2017,193
"5421","Minto CDP, Alaska",2018,202
"5422","Minto CDP, Alaska",2019,165
"5423","Minto CDP, Alaska",2020,150
"5424","Moose Creek CDP, Alaska",1991,614
"5425","Moose Creek CDP, Alaska",1992,627
"5426","Moose Creek CDP, Alaska",1993,611
"5427","Moose Creek CDP, Alaska",1994,648
"5428","Moose Creek CDP, Alaska",1995,642
"5429","Moose Creek CDP, Alaska",1996,631
"5430","Moose Creek CDP, Alaska",1997,677
"5431","Moose Creek CDP, Alaska",1998,665
"5432","Moose Creek CDP, Alaska",1999,677
"5433","Moose Creek CDP, Alaska",2000,542
"5434","Moose Creek CDP, Alaska",2001,554
"5435","Moose Creek CDP, Alaska",2002,624
"5436","Moose Creek CDP, Alaska",2003,581
"5437","Moose Creek CDP, Alaska",2004,606
"5438","Moose Creek CDP, Alaska",2005,661
"5439","Moose Creek CDP, Alaska",2006,609
"5440","Moose Creek CDP, Alaska",2007,675
"5441","Moose Creek CDP, Alaska",2008,838
"5442","Moose Creek CDP, Alaska",2009,740
"5443","Moose Creek CDP, Alaska",2010,747
"5444","Moose Creek CDP, Alaska",2011,736
"5445","Moose Creek CDP, Alaska",2012,731
"5446","Moose Creek CDP, Alaska",2013,668
"5447","Moose Creek CDP, Alaska",2014,631
"5448","Moose Creek CDP, Alaska",2015,580
"5449","Moose Creek CDP, Alaska",2016,602
"5450","Moose Creek CDP, Alaska",2017,584
"5451","Moose Creek CDP, Alaska",2018,600
"5452","Moose Creek CDP, Alaska",2019,558
"5453","Moose Creek CDP, Alaska",2020,534
"5454","Moose Pass CDP, Alaska",1991,83
"5455","Moose Pass CDP, Alaska",1992,92
"5456","Moose Pass CDP, Alaska",1993,103
"5457","Moose Pass CDP, Alaska",1994,108
"5458","Moose Pass CDP, Alaska",1995,115
"5459","Moose Pass CDP, Alaska",1996,118
"5460","Moose Pass CDP, Alaska",1997,118
"5461","Moose Pass CDP, Alaska",1998,130
"5462","Moose Pass CDP, Alaska",1999,118
"5463","Moose Pass CDP, Alaska",2000,206
"5464","Moose Pass CDP, Alaska",2001,211
"5465","Moose Pass CDP, Alaska",2002,226
"5466","Moose Pass CDP, Alaska",2003,234
"5467","Moose Pass CDP, Alaska",2004,240
"5468","Moose Pass CDP, Alaska",2005,243
"5469","Moose Pass CDP, Alaska",2006,230
"5470","Moose Pass CDP, Alaska",2007,230
"5471","Moose Pass CDP, Alaska",2008,217
"5472","Moose Pass CDP, Alaska",2009,227
"5473","Moose Pass CDP, Alaska",2010,219
"5474","Moose Pass CDP, Alaska",2011,240
"5475","Moose Pass CDP, Alaska",2012,231
"5476","Moose Pass CDP, Alaska",2013,249
"5477","Moose Pass CDP, Alaska",2014,234
"5478","Moose Pass CDP, Alaska",2015,217
"5479","Moose Pass CDP, Alaska",2016,222
"5480","Moose Pass CDP, Alaska",2017,219
"5481","Moose Pass CDP, Alaska",2018,211
"5482","Moose Pass CDP, Alaska",2019,219
"5483","Moose Pass CDP, Alaska",2020,228
"5484","Mosquito Lake CDP, Alaska",1991,84
"5485","Mosquito Lake CDP, Alaska",1992,85
"5486","Mosquito Lake CDP, Alaska",1993,87
"5487","Mosquito Lake CDP, Alaska",1994,89
"5488","Mosquito Lake CDP, Alaska",1995,87
"5489","Mosquito Lake CDP, Alaska",1996,90
"5490","Mosquito Lake CDP, Alaska",1997,92
"5491","Mosquito Lake CDP, Alaska",1998,94
"5492","Mosquito Lake CDP, Alaska",1999,94
"5493","Mosquito Lake CDP, Alaska",2000,221
"5494","Mosquito Lake CDP, Alaska",2001,266
"5495","Mosquito Lake CDP, Alaska",2002,266
"5496","Mosquito Lake CDP, Alaska",2003,287
"5497","Mosquito Lake CDP, Alaska",2004,270
"5498","Mosquito Lake CDP, Alaska",2005,264
"5499","Mosquito Lake CDP, Alaska",2006,275
"5500","Mosquito Lake CDP, Alaska",2007,279
"5501","Mosquito Lake CDP, Alaska",2008,315
"5502","Mosquito Lake CDP, Alaska",2009,322
"5503","Mosquito Lake CDP, Alaska",2010,309
"5504","Mosquito Lake CDP, Alaska",2011,311
"5505","Mosquito Lake CDP, Alaska",2012,292
"5506","Mosquito Lake CDP, Alaska",2013,265
"5507","Mosquito Lake CDP, Alaska",2014,262
"5508","Mosquito Lake CDP, Alaska",2015,261
"5509","Mosquito Lake CDP, Alaska",2016,265
"5510","Mosquito Lake CDP, Alaska",2017,274
"5511","Mosquito Lake CDP, Alaska",2018,290
"5512","Mosquito Lake CDP, Alaska",2019,279
"5513","Mosquito Lake CDP, Alaska",2020,120
"5514","Mountain Village city, Alaska",1991,739
"5515","Mountain Village city, Alaska",1992,768
"5516","Mountain Village city, Alaska",1993,760
"5517","Mountain Village city, Alaska",1994,771
"5518","Mountain Village city, Alaska",1995,743
"5519","Mountain Village city, Alaska",1996,722
"5520","Mountain Village city, Alaska",1997,743
"5521","Mountain Village city, Alaska",1998,790
"5522","Mountain Village city, Alaska",1999,766
"5523","Mountain Village city, Alaska",2000,755
"5524","Mountain Village city, Alaska",2001,752
"5525","Mountain Village city, Alaska",2002,761
"5526","Mountain Village city, Alaska",2003,759
"5527","Mountain Village city, Alaska",2004,780
"5528","Mountain Village city, Alaska",2005,798
"5529","Mountain Village city, Alaska",2006,813
"5530","Mountain Village city, Alaska",2007,799
"5531","Mountain Village city, Alaska",2008,783
"5532","Mountain Village city, Alaska",2009,806
"5533","Mountain Village city, Alaska",2010,813
"5534","Mountain Village city, Alaska",2011,845
"5535","Mountain Village city, Alaska",2012,830
"5536","Mountain Village city, Alaska",2013,861
"5537","Mountain Village city, Alaska",2014,857
"5538","Mountain Village city, Alaska",2015,816
"5539","Mountain Village city, Alaska",2016,763
"5540","Mountain Village city, Alaska",2017,705
"5541","Mountain Village city, Alaska",2018,681
"5542","Mountain Village city, Alaska",2019,671
"5543","Mountain Village city, Alaska",2020,621
"5544","Mud Bay CDP, Alaska",2000,137
"5545","Mud Bay CDP, Alaska",2001,160
"5546","Mud Bay CDP, Alaska",2002,151
"5547","Mud Bay CDP, Alaska",2003,154
"5548","Mud Bay CDP, Alaska",2004,162
"5549","Mud Bay CDP, Alaska",2005,157
"5550","Mud Bay CDP, Alaska",2006,158
"5551","Mud Bay CDP, Alaska",2007,165
"5552","Mud Bay CDP, Alaska",2008,167
"5553","Mud Bay CDP, Alaska",2009,189
"5554","Mud Bay CDP, Alaska",2010,212
"5555","Mud Bay CDP, Alaska",2011,208
"5556","Mud Bay CDP, Alaska",2012,211
"5557","Mud Bay CDP, Alaska",2013,198
"5558","Mud Bay CDP, Alaska",2014,183
"5559","Mud Bay CDP, Alaska",2015,194
"5560","Mud Bay CDP, Alaska",2016,196
"5561","Mud Bay CDP, Alaska",2017,206
"5562","Mud Bay CDP, Alaska",2018,206
"5563","Mud Bay CDP, Alaska",2019,201
"5564","Mud Bay CDP, Alaska",2020,159
"5565","Nabesna CDP, Alaska",2010,5
"5566","Nabesna CDP, Alaska",2011,6
"5567","Nabesna CDP, Alaska",2012,7
"5568","Nabesna CDP, Alaska",2013,7
"5569","Nabesna CDP, Alaska",2014,2
"5570","Nabesna CDP, Alaska",2015,1
"5571","Nabesna CDP, Alaska",2016,1
"5572","Nabesna CDP, Alaska",2017,1
"5573","Nabesna CDP, Alaska",2018,2
"5574","Nabesna CDP, Alaska",2019,2
"5575","Nabesna CDP, Alaska",2020,2
"5576","Naknek CDP, Alaska",1991,579
"5577","Naknek CDP, Alaska",1992,606
"5578","Naknek CDP, Alaska",1993,609
"5579","Naknek CDP, Alaska",1994,616
"5580","Naknek CDP, Alaska",1995,612
"5581","Naknek CDP, Alaska",1996,621
"5582","Naknek CDP, Alaska",1997,629
"5583","Naknek CDP, Alaska",1998,662
"5584","Naknek CDP, Alaska",1999,624
"5585","Naknek CDP, Alaska",2000,678
"5586","Naknek CDP, Alaska",2001,660
"5587","Naknek CDP, Alaska",2002,648
"5588","Naknek CDP, Alaska",2003,621
"5589","Naknek CDP, Alaska",2004,626
"5590","Naknek CDP, Alaska",2005,603
"5591","Naknek CDP, Alaska",2006,604
"5592","Naknek CDP, Alaska",2007,567
"5593","Naknek CDP, Alaska",2008,576
"5594","Naknek CDP, Alaska",2009,545
"5595","Naknek CDP, Alaska",2010,544
"5596","Naknek CDP, Alaska",2011,572
"5597","Naknek CDP, Alaska",2012,550
"5598","Naknek CDP, Alaska",2013,521
"5599","Naknek CDP, Alaska",2014,523
"5600","Naknek CDP, Alaska",2015,464
"5601","Naknek CDP, Alaska",2016,464
"5602","Naknek CDP, Alaska",2017,468
"5603","Naknek CDP, Alaska",2018,455
"5604","Naknek CDP, Alaska",2019,437
"5605","Naknek CDP, Alaska",2020,470
"5606","Nanwalek CDP, Alaska",1991,159
"5607","Nanwalek CDP, Alaska",1992,162
"5608","Nanwalek CDP, Alaska",1993,166
"5609","Nanwalek CDP, Alaska",1994,158
"5610","Nanwalek CDP, Alaska",1995,160
"5611","Nanwalek CDP, Alaska",1996,168
"5612","Nanwalek CDP, Alaska",1997,177
"5613","Nanwalek CDP, Alaska",1998,179
"5614","Nanwalek CDP, Alaska",1999,170
"5615","Nanwalek CDP, Alaska",2000,177
"5616","Nanwalek CDP, Alaska",2001,187
"5617","Nanwalek CDP, Alaska",2002,225
"5618","Nanwalek CDP, Alaska",2003,225
"5619","Nanwalek CDP, Alaska",2004,217
"5620","Nanwalek CDP, Alaska",2005,237
"5621","Nanwalek CDP, Alaska",2006,249
"5622","Nanwalek CDP, Alaska",2007,239
"5623","Nanwalek CDP, Alaska",2008,254
"5624","Nanwalek CDP, Alaska",2009,257
"5625","Nanwalek CDP, Alaska",2010,254
"5626","Nanwalek CDP, Alaska",2011,281
"5627","Nanwalek CDP, Alaska",2012,287
"5628","Nanwalek CDP, Alaska",2013,285
"5629","Nanwalek CDP, Alaska",2014,275
"5630","Nanwalek CDP, Alaska",2015,276
"5631","Nanwalek CDP, Alaska",2016,283
"5632","Nanwalek CDP, Alaska",2017,284
"5633","Nanwalek CDP, Alaska",2018,268
"5634","Nanwalek CDP, Alaska",2019,257
"5635","Nanwalek CDP, Alaska",2020,247
"5636","Napakiak city, Alaska",1991,331
"5637","Napakiak city, Alaska",1992,322
"5638","Napakiak city, Alaska",1993,331
"5639","Napakiak city, Alaska",1994,321
"5640","Napakiak city, Alaska",1995,327
"5641","Napakiak city, Alaska",1996,341
"5642","Napakiak city, Alaska",1997,353
"5643","Napakiak city, Alaska",1998,372
"5644","Napakiak city, Alaska",1999,363
"5645","Napakiak city, Alaska",2000,353
"5646","Napakiak city, Alaska",2001,371
"5647","Napakiak city, Alaska",2002,354
"5648","Napakiak city, Alaska",2003,382
"5649","Napakiak city, Alaska",2004,364
"5650","Napakiak city, Alaska",2005,378
"5651","Napakiak city, Alaska",2006,379
"5652","Napakiak city, Alaska",2007,383
"5653","Napakiak city, Alaska",2008,355
"5654","Napakiak city, Alaska",2009,345
"5655","Napakiak city, Alaska",2010,354
"5656","Napakiak city, Alaska",2011,360
"5657","Napakiak city, Alaska",2012,358
"5658","Napakiak city, Alaska",2013,362
"5659","Napakiak city, Alaska",2014,387
"5660","Napakiak city, Alaska",2015,373
"5661","Napakiak city, Alaska",2016,348
"5662","Napakiak city, Alaska",2017,356
"5663","Napakiak city, Alaska",2018,334
"5664","Napakiak city, Alaska",2019,341
"5665","Napakiak city, Alaska",2020,358
"5666","Napaskiak city, Alaska",1991,347
"5667","Napaskiak city, Alaska",1992,356
"5668","Napaskiak city, Alaska",1993,359
"5669","Napaskiak city, Alaska",1994,401
"5670","Napaskiak city, Alaska",1995,398
"5671","Napaskiak city, Alaska",1996,406
"5672","Napaskiak city, Alaska",1997,395
"5673","Napaskiak city, Alaska",1998,392
"5674","Napaskiak city, Alaska",1999,406
"5675","Napaskiak city, Alaska",2000,390
"5676","Napaskiak city, Alaska",2001,416
"5677","Napaskiak city, Alaska",2002,414
"5678","Napaskiak city, Alaska",2003,417
"5679","Napaskiak city, Alaska",2004,431
"5680","Napaskiak city, Alaska",2005,415
"5681","Napaskiak city, Alaska",2006,438
"5682","Napaskiak city, Alaska",2007,410
"5683","Napaskiak city, Alaska",2008,407
"5684","Napaskiak city, Alaska",2009,410
"5685","Napaskiak city, Alaska",2010,405
"5686","Napaskiak city, Alaska",2011,425
"5687","Napaskiak city, Alaska",2012,434
"5688","Napaskiak city, Alaska",2013,442
"5689","Napaskiak city, Alaska",2014,451
"5690","Napaskiak city, Alaska",2015,486
"5691","Napaskiak city, Alaska",2016,508
"5692","Napaskiak city, Alaska",2017,512
"5693","Napaskiak city, Alaska",2018,491
"5694","Napaskiak city, Alaska",2019,512
"5695","Napaskiak city, Alaska",2020,509
"5696","Naukati Bay CDP, Alaska",1991,121
"5697","Naukati Bay CDP, Alaska",1992,134
"5698","Naukati Bay CDP, Alaska",1993,121
"5699","Naukati Bay CDP, Alaska",1994,147
"5700","Naukati Bay CDP, Alaska",1995,145
"5701","Naukati Bay CDP, Alaska",1996,156
"5702","Naukati Bay CDP, Alaska",1997,134
"5703","Naukati Bay CDP, Alaska",1998,170
"5704","Naukati Bay CDP, Alaska",1999,164
"5705","Naukati Bay CDP, Alaska",2000,135
"5706","Naukati Bay CDP, Alaska",2001,127
"5707","Naukati Bay CDP, Alaska",2002,109
"5708","Naukati Bay CDP, Alaska",2003,105
"5709","Naukati Bay CDP, Alaska",2004,104
"5710","Naukati Bay CDP, Alaska",2005,113
"5711","Naukati Bay CDP, Alaska",2006,126
"5712","Naukati Bay CDP, Alaska",2007,124
"5713","Naukati Bay CDP, Alaska",2008,116
"5714","Naukati Bay CDP, Alaska",2009,111
"5715","Naukati Bay CDP, Alaska",2010,113
"5716","Naukati Bay CDP, Alaska",2011,121
"5717","Naukati Bay CDP, Alaska",2012,115
"5718","Naukati Bay CDP, Alaska",2013,123
"5719","Naukati Bay CDP, Alaska",2014,121
"5720","Naukati Bay CDP, Alaska",2015,106
"5721","Naukati Bay CDP, Alaska",2016,107
"5722","Naukati Bay CDP, Alaska",2017,119
"5723","Naukati Bay CDP, Alaska",2018,128
"5724","Naukati Bay CDP, Alaska",2019,143
"5725","Naukati Bay CDP, Alaska",2020,142
"5726","Nelchina CDP, Alaska",2000,71
"5727","Nelchina CDP, Alaska",2001,70
"5728","Nelchina CDP, Alaska",2002,77
"5729","Nelchina CDP, Alaska",2003,72
"5730","Nelchina CDP, Alaska",2004,67
"5731","Nelchina CDP, Alaska",2005,73
"5732","Nelchina CDP, Alaska",2006,56
"5733","Nelchina CDP, Alaska",2007,59
"5734","Nelchina CDP, Alaska",2008,63
"5735","Nelchina CDP, Alaska",2009,58
"5736","Nelchina CDP, Alaska",2010,59
"5737","Nelchina CDP, Alaska",2011,61
"5738","Nelchina CDP, Alaska",2012,76
"5739","Nelchina CDP, Alaska",2013,71
"5740","Nelchina CDP, Alaska",2014,64
"5741","Nelchina CDP, Alaska",2015,60
"5742","Nelchina CDP, Alaska",2016,62
"5743","Nelchina CDP, Alaska",2017,55
"5744","Nelchina CDP, Alaska",2018,52
"5745","Nelchina CDP, Alaska",2019,52
"5746","Nelchina CDP, Alaska",2020,45
"5747","Nelson Lagoon CDP, Alaska",1991,87
"5748","Nelson Lagoon CDP, Alaska",1992,87
"5749","Nelson Lagoon CDP, Alaska",1993,85
"5750","Nelson Lagoon CDP, Alaska",1994,86
"5751","Nelson Lagoon CDP, Alaska",1995,89
"5752","Nelson Lagoon CDP, Alaska",1996,84
"5753","Nelson Lagoon CDP, Alaska",1997,87
"5754","Nelson Lagoon CDP, Alaska",1998,78
"5755","Nelson Lagoon CDP, Alaska",1999,87
"5756","Nelson Lagoon CDP, Alaska",2000,83
"5757","Nelson Lagoon CDP, Alaska",2001,78
"5758","Nelson Lagoon CDP, Alaska",2002,69
"5759","Nelson Lagoon CDP, Alaska",2003,62
"5760","Nelson Lagoon CDP, Alaska",2004,75
"5761","Nelson Lagoon CDP, Alaska",2005,63
"5762","Nelson Lagoon CDP, Alaska",2006,64
"5763","Nelson Lagoon CDP, Alaska",2007,66
"5764","Nelson Lagoon CDP, Alaska",2008,60
"5765","Nelson Lagoon CDP, Alaska",2009,58
"5766","Nelson Lagoon CDP, Alaska",2010,52
"5767","Nelson Lagoon CDP, Alaska",2011,44
"5768","Nelson Lagoon CDP, Alaska",2012,46
"5769","Nelson Lagoon CDP, Alaska",2013,45
"5770","Nelson Lagoon CDP, Alaska",2014,44
"5771","Nelson Lagoon CDP, Alaska",2015,43
"5772","Nelson Lagoon CDP, Alaska",2016,38
"5773","Nelson Lagoon CDP, Alaska",2017,35
"5774","Nelson Lagoon CDP, Alaska",2018,38
"5775","Nelson Lagoon CDP, Alaska",2019,36
"5776","Nelson Lagoon CDP, Alaska",2020,41
"5777","Nenana city, Alaska",1991,384
"5778","Nenana city, Alaska",1992,390
"5779","Nenana city, Alaska",1993,400
"5780","Nenana city, Alaska",1994,385
"5781","Nenana city, Alaska",1995,351
"5782","Nenana city, Alaska",1996,353
"5783","Nenana city, Alaska",1997,354
"5784","Nenana city, Alaska",1998,366
"5785","Nenana city, Alaska",1999,348
"5786","Nenana city, Alaska",2000,402
"5787","Nenana city, Alaska",2001,400
"5788","Nenana city, Alaska",2002,413
"5789","Nenana city, Alaska",2003,386
"5790","Nenana city, Alaska",2004,390
"5791","Nenana city, Alaska",2005,376
"5792","Nenana city, Alaska",2006,380
"5793","Nenana city, Alaska",2007,396
"5794","Nenana city, Alaska",2008,386
"5795","Nenana city, Alaska",2009,390
"5796","Nenana city, Alaska",2010,378
"5797","Nenana city, Alaska",2011,388
"5798","Nenana city, Alaska",2012,408
"5799","Nenana city, Alaska",2013,399
"5800","Nenana city, Alaska",2014,396
"5801","Nenana city, Alaska",2015,392
"5802","Nenana city, Alaska",2016,395
"5803","Nenana city, Alaska",2017,391
"5804","Nenana city, Alaska",2018,383
"5805","Nenana city, Alaska",2019,385
"5806","Nenana city, Alaska",2020,358
"5807","New Allakaket CDP, Alaska",2000,36
"5808","New Allakaket CDP, Alaska",2001,39
"5809","New Allakaket CDP, Alaska",2002,39
"5810","New Allakaket CDP, Alaska",2003,44
"5811","New Allakaket CDP, Alaska",2004,44
"5812","New Allakaket CDP, Alaska",2005,46
"5813","New Allakaket CDP, Alaska",2006,50
"5814","New Allakaket CDP, Alaska",2007,53
"5815","New Allakaket CDP, Alaska",2008,56
"5816","New Allakaket CDP, Alaska",2009,63
"5817","New Allakaket CDP, Alaska",2010,66
"5818","New Allakaket CDP, Alaska",2011,67
"5819","New Allakaket CDP, Alaska",2012,67
"5820","New Allakaket CDP, Alaska",2013,52
"5821","New Allakaket CDP, Alaska",2014,50
"5822","New Stuyahok city, Alaska",1991,387
"5823","New Stuyahok city, Alaska",1992,408
"5824","New Stuyahok city, Alaska",1993,413
"5825","New Stuyahok city, Alaska",1994,418
"5826","New Stuyahok city, Alaska",1995,423
"5827","New Stuyahok city, Alaska",1996,442
"5828","New Stuyahok city, Alaska",1997,451
"5829","New Stuyahok city, Alaska",1998,457
"5830","New Stuyahok city, Alaska",1999,475
"5831","New Stuyahok city, Alaska",2000,471
"5832","New Stuyahok city, Alaska",2001,487
"5833","New Stuyahok city, Alaska",2002,480
"5834","New Stuyahok city, Alaska",2003,487
"5835","New Stuyahok city, Alaska",2004,468
"5836","New Stuyahok city, Alaska",2005,458
"5837","New Stuyahok city, Alaska",2006,462
"5838","New Stuyahok city, Alaska",2007,438
"5839","New Stuyahok city, Alaska",2008,481
"5840","New Stuyahok city, Alaska",2009,510
"5841","New Stuyahok city, Alaska",2010,510
"5842","New Stuyahok city, Alaska",2011,496
"5843","New Stuyahok city, Alaska",2012,507
"5844","New Stuyahok city, Alaska",2013,499
"5845","New Stuyahok city, Alaska",2014,499
"5846","New Stuyahok city, Alaska",2015,514
"5847","New Stuyahok city, Alaska",2016,513
"5848","New Stuyahok city, Alaska",2017,520
"5849","New Stuyahok city, Alaska",2018,513
"5850","New Stuyahok city, Alaska",2019,495
"5851","New Stuyahok city, Alaska",2020,512
"5852","Newhalen city, Alaska",1991,160
"5853","Newhalen city, Alaska",1992,164
"5854","Newhalen city, Alaska",1993,167
"5855","Newhalen city, Alaska",1994,173
"5856","Newhalen city, Alaska",1995,168
"5857","Newhalen city, Alaska",1996,176
"5858","Newhalen city, Alaska",1997,183
"5859","Newhalen city, Alaska",1998,191
"5860","Newhalen city, Alaska",1999,178
"5861","Newhalen city, Alaska",2000,160
"5862","Newhalen city, Alaska",2001,157
"5863","Newhalen city, Alaska",2002,169
"5864","Newhalen city, Alaska",2003,175
"5865","Newhalen city, Alaska",2004,190
"5866","Newhalen city, Alaska",2005,187
"5867","Newhalen city, Alaska",2006,177
"5868","Newhalen city, Alaska",2007,196
"5869","Newhalen city, Alaska",2008,182
"5870","Newhalen city, Alaska",2009,175
"5871","Newhalen city, Alaska",2010,190
"5872","Newhalen city, Alaska",2011,186
"5873","Newhalen city, Alaska",2012,178
"5874","Newhalen city, Alaska",2013,218
"5875","Newhalen city, Alaska",2014,207
"5876","Newhalen city, Alaska",2015,186
"5877","Newhalen city, Alaska",2016,173
"5878","Newhalen city, Alaska",2017,198
"5879","Newhalen city, Alaska",2018,179
"5880","Newhalen city, Alaska",2019,172
"5881","Newhalen city, Alaska",2020,168
"5882","Newtok CDP, Alaska",1991,209
"5883","Newtok CDP, Alaska",1992,251
"5884","Newtok CDP, Alaska",1993,251
"5885","Newtok CDP, Alaska",1994,275
"5886","Newtok CDP, Alaska",1995,274
"5887","Newtok CDP, Alaska",1996,273
"5888","Newtok CDP, Alaska",1997,273
"5889","Newtok CDP, Alaska",1998,263
"5890","Newtok CDP, Alaska",1999,284
"5891","Newtok CDP, Alaska",2000,321
"5892","Newtok CDP, Alaska",2001,320
"5893","Newtok CDP, Alaska",2002,325
"5894","Newtok CDP, Alaska",2003,328
"5895","Newtok CDP, Alaska",2004,307
"5896","Newtok CDP, Alaska",2005,313
"5897","Newtok CDP, Alaska",2006,333
"5898","Newtok CDP, Alaska",2007,349
"5899","Newtok CDP, Alaska",2008,353
"5900","Newtok CDP, Alaska",2009,351
"5901","Newtok CDP, Alaska",2010,354
"5902","Newtok CDP, Alaska",2011,369
"5903","Newtok CDP, Alaska",2012,377
"5904","Newtok CDP, Alaska",2013,400
"5905","Newtok CDP, Alaska",2014,380
"5906","Newtok CDP, Alaska",2015,384
"5907","Newtok CDP, Alaska",2016,360
"5908","Newtok CDP, Alaska",2017,363
"5909","Newtok CDP, Alaska",2018,328
"5910","Newtok CDP, Alaska",2019,322
"5911","Newtok CDP, Alaska",2020,209
"5912","Nightmute city, Alaska",1991,146
"5913","Nightmute city, Alaska",1992,166
"5914","Nightmute city, Alaska",1993,183
"5915","Nightmute city, Alaska",1994,181
"5916","Nightmute city, Alaska",1995,188
"5917","Nightmute city, Alaska",1996,199
"5918","Nightmute city, Alaska",1997,205
"5919","Nightmute city, Alaska",1998,222
"5920","Nightmute city, Alaska",1999,230
"5921","Nightmute city, Alaska",2000,208
"5922","Nightmute city, Alaska",2001,215
"5923","Nightmute city, Alaska",2002,227
"5924","Nightmute city, Alaska",2003,233
"5925","Nightmute city, Alaska",2004,239
"5926","Nightmute city, Alaska",2005,241
"5927","Nightmute city, Alaska",2006,247
"5928","Nightmute city, Alaska",2007,253
"5929","Nightmute city, Alaska",2008,260
"5930","Nightmute city, Alaska",2009,279
"5931","Nightmute city, Alaska",2010,280
"5932","Nightmute city, Alaska",2011,294
"5933","Nightmute city, Alaska",2012,294
"5934","Nightmute city, Alaska",2013,281
"5935","Nightmute city, Alaska",2014,274
"5936","Nightmute city, Alaska",2015,292
"5937","Nightmute city, Alaska",2016,293
"5938","Nightmute city, Alaska",2017,292
"5939","Nightmute city, Alaska",2018,311
"5940","Nightmute city, Alaska",2019,298
"5941","Nightmute city, Alaska",2020,306
"5942","Nikiski CDP, Alaska",1991,2830
"5943","Nikiski CDP, Alaska",1992,2909
"5944","Nikiski CDP, Alaska",1993,2923
"5945","Nikiski CDP, Alaska",1994,2979
"5946","Nikiski CDP, Alaska",1995,2998
"5947","Nikiski CDP, Alaska",1996,2998
"5948","Nikiski CDP, Alaska",1997,3004
"5949","Nikiski CDP, Alaska",1998,3018
"5950","Nikiski CDP, Alaska",1999,3038
"5951","Nikiski CDP, Alaska",2000,4327
"5952","Nikiski CDP, Alaska",2001,4355
"5953","Nikiski CDP, Alaska",2002,4333
"5954","Nikiski CDP, Alaska",2003,4341
"5955","Nikiski CDP, Alaska",2004,4271
"5956","Nikiski CDP, Alaska",2005,4169
"5957","Nikiski CDP, Alaska",2006,4174
"5958","Nikiski CDP, Alaska",2007,4279
"5959","Nikiski CDP, Alaska",2008,4332
"5960","Nikiski CDP, Alaska",2009,4399
"5961","Nikiski CDP, Alaska",2010,4493
"5962","Nikiski CDP, Alaska",2011,4647
"5963","Nikiski CDP, Alaska",2012,4623
"5964","Nikiski CDP, Alaska",2013,4588
"5965","Nikiski CDP, Alaska",2014,4652
"5966","Nikolaevsk CDP, Alaska",1991,478
"5967","Nikolaevsk CDP, Alaska",1992,488
"5968","Nikolaevsk CDP, Alaska",1993,492
"5969","Nikolaevsk CDP, Alaska",1994,567
"5970","Nikolaevsk CDP, Alaska",1995,492
"5971","Nikolaevsk CDP, Alaska",1996,552
"5972","Nikolaevsk CDP, Alaska",1997,470
"5973","Nikolaevsk CDP, Alaska",1998,471
"5974","Nikolaevsk CDP, Alaska",1999,488
"5975","Nikolaevsk CDP, Alaska",2000,345
"5976","Nikolaevsk CDP, Alaska",2001,346
"5977","Nikolaevsk CDP, Alaska",2002,336
"5978","Nikolaevsk CDP, Alaska",2003,318
"5979","Nikolaevsk CDP, Alaska",2004,313
"5980","Nikolaevsk CDP, Alaska",2005,311
"5981","Nikolaevsk CDP, Alaska",2006,302
"5982","Nikolaevsk CDP, Alaska",2007,309
"5983","Nikolaevsk CDP, Alaska",2008,300
"5984","Nikolaevsk CDP, Alaska",2009,322
"5985","Nikolaevsk CDP, Alaska",2010,318
"5986","Nikolaevsk CDP, Alaska",2011,307
"5987","Nikolaevsk CDP, Alaska",2012,312
"5988","Nikolaevsk CDP, Alaska",2013,279
"5989","Nikolaevsk CDP, Alaska",2014,270
"5990","Nikolaevsk CDP, Alaska",2015,294
"5991","Nikolaevsk CDP, Alaska",2016,308
"5992","Nikolaevsk CDP, Alaska",2017,339
"5993","Nikolaevsk CDP, Alaska",2018,334
"5994","Nikolaevsk CDP, Alaska",2019,327
"5995","Nikolaevsk CDP, Alaska",2020,328
"5996","Nikolai city, Alaska",1991,102
"5997","Nikolai city, Alaska",1992,88
"5998","Nikolai city, Alaska",1993,112
"5999","Nikolai city, Alaska",1994,120
"6000","Nikolai city, Alaska",1995,119
"6001","Nikolai city, Alaska",1996,110
"6002","Nikolai city, Alaska",1997,109
"6003","Nikolai city, Alaska",1998,101
"6004","Nikolai city, Alaska",1999,105
"6005","Nikolai city, Alaska",2000,100
"6006","Nikolai city, Alaska",2001,102
"6007","Nikolai city, Alaska",2002,117
"6008","Nikolai city, Alaska",2003,123
"6009","Nikolai city, Alaska",2004,121
"6010","Nikolai city, Alaska",2005,109
"6011","Nikolai city, Alaska",2006,97
"6012","Nikolai city, Alaska",2007,87
"6013","Nikolai city, Alaska",2008,89
"6014","Nikolai city, Alaska",2009,86
"6015","Nikolai city, Alaska",2010,94
"6016","Nikolai city, Alaska",2011,99
"6017","Nikolai city, Alaska",2012,94
"6018","Nikolai city, Alaska",2013,108
"6019","Nikolai city, Alaska",2014,83
"6020","Nikolai city, Alaska",2015,92
"6021","Nikolai city, Alaska",2016,100
"6022","Nikolai city, Alaska",2017,104
"6023","Nikolai city, Alaska",2018,99
"6024","Nikolai city, Alaska",2019,95
"6025","Nikolai city, Alaska",2020,89
"6026","Nikolski CDP, Alaska",1991,35
"6027","Nikolski CDP, Alaska",1992,39
"6028","Nikolski CDP, Alaska",1993,32
"6029","Nikolski CDP, Alaska",1994,26
"6030","Nikolski CDP, Alaska",1995,26
"6031","Nikolski CDP, Alaska",1996,27
"6032","Nikolski CDP, Alaska",1997,43
"6033","Nikolski CDP, Alaska",1998,35
"6034","Nikolski CDP, Alaska",1999,39
"6035","Nikolski CDP, Alaska",2000,39
"6036","Nikolski CDP, Alaska",2001,30
"6037","Nikolski CDP, Alaska",2002,31
"6038","Nikolski CDP, Alaska",2003,35
"6039","Nikolski CDP, Alaska",2004,30
"6040","Nikolski CDP, Alaska",2005,24
"6041","Nikolski CDP, Alaska",2006,24
"6042","Nikolski CDP, Alaska",2007,24
"6043","Nikolski CDP, Alaska",2008,19
"6044","Nikolski CDP, Alaska",2009,23
"6045","Nikolski CDP, Alaska",2010,18
"6046","Nikolski CDP, Alaska",2011,17
"6047","Nikolski CDP, Alaska",2012,16
"6048","Nikolski CDP, Alaska",2013,18
"6049","Nikolski CDP, Alaska",2014,15
"6050","Nikolski CDP, Alaska",2015,20
"6051","Nikolski CDP, Alaska",2016,20
"6052","Nikolski CDP, Alaska",2017,28
"6053","Nikolski CDP, Alaska",2018,31
"6054","Nikolski CDP, Alaska",2019,32
"6055","Nikolski CDP, Alaska",2020,39
"6056","Ninilchik CDP, Alaska",1991,483
"6057","Ninilchik CDP, Alaska",1992,498
"6058","Ninilchik CDP, Alaska",1993,507
"6059","Ninilchik CDP, Alaska",1994,561
"6060","Ninilchik CDP, Alaska",1995,590
"6061","Ninilchik CDP, Alaska",1996,637
"6062","Ninilchik CDP, Alaska",1997,646
"6063","Ninilchik CDP, Alaska",1998,665
"6064","Ninilchik CDP, Alaska",1999,687
"6065","Ninilchik CDP, Alaska",2000,772
"6066","Ninilchik CDP, Alaska",2001,767
"6067","Ninilchik CDP, Alaska",2002,772
"6068","Ninilchik CDP, Alaska",2003,795
"6069","Ninilchik CDP, Alaska",2004,813
"6070","Ninilchik CDP, Alaska",2005,821
"6071","Ninilchik CDP, Alaska",2006,809
"6072","Ninilchik CDP, Alaska",2007,810
"6073","Ninilchik CDP, Alaska",2008,884
"6074","Ninilchik CDP, Alaska",2009,882
"6075","Ninilchik CDP, Alaska",2010,883
"6076","Ninilchik CDP, Alaska",2011,882
"6077","Ninilchik CDP, Alaska",2012,842
"6078","Ninilchik CDP, Alaska",2013,854
"6079","Ninilchik CDP, Alaska",2014,847
"6080","Ninilchik CDP, Alaska",2015,854
"6081","Ninilchik CDP, Alaska",2016,866
"6082","Ninilchik CDP, Alaska",2017,863
"6083","Ninilchik CDP, Alaska",2018,867
"6084","Ninilchik CDP, Alaska",2019,843
"6085","Ninilchik CDP, Alaska",2020,845
"6086","Noatak CDP, Alaska",1991,343
"6087","Noatak CDP, Alaska",1992,380
"6088","Noatak CDP, Alaska",1993,359
"6089","Noatak CDP, Alaska",1994,385
"6090","Noatak CDP, Alaska",1995,413
"6091","Noatak CDP, Alaska",1996,411
"6092","Noatak CDP, Alaska",1997,399
"6093","Noatak CDP, Alaska",1998,410
"6094","Noatak CDP, Alaska",1999,423
"6095","Noatak CDP, Alaska",2000,428
"6096","Noatak CDP, Alaska",2001,438
"6097","Noatak CDP, Alaska",2002,456
"6098","Noatak CDP, Alaska",2003,469
"6099","Noatak CDP, Alaska",2004,451
"6100","Noatak CDP, Alaska",2005,475
"6101","Noatak CDP, Alaska",2006,471
"6102","Noatak CDP, Alaska",2007,490
"6103","Noatak CDP, Alaska",2008,515
"6104","Noatak CDP, Alaska",2009,490
"6105","Noatak CDP, Alaska",2010,514
"6106","Noatak CDP, Alaska",2011,547
"6107","Noatak CDP, Alaska",2012,568
"6108","Noatak CDP, Alaska",2013,562
"6109","Noatak CDP, Alaska",2014,556
"6110","Noatak CDP, Alaska",2015,586
"6111","Noatak CDP, Alaska",2016,597
"6112","Noatak CDP, Alaska",2017,597
"6113","Noatak CDP, Alaska",2018,597
"6114","Noatak CDP, Alaska",2019,602
"6115","Noatak CDP, Alaska",2020,570
"6116","Nome city, Alaska",1991,3540
"6117","Nome city, Alaska",1992,3674
"6118","Nome city, Alaska",1993,3613
"6119","Nome city, Alaska",1994,3544
"6120","Nome city, Alaska",1995,3505
"6121","Nome city, Alaska",1996,3514
"6122","Nome city, Alaska",1997,3568
"6123","Nome city, Alaska",1998,3649
"6124","Nome city, Alaska",1999,3615
"6125","Nome city, Alaska",2000,3505
"6126","Nome city, Alaska",2001,3505
"6127","Nome city, Alaska",2002,3516
"6128","Nome city, Alaska",2003,3459
"6129","Nome city, Alaska",2004,3543
"6130","Nome city, Alaska",2005,3589
"6131","Nome city, Alaska",2006,3634
"6132","Nome city, Alaska",2007,3585
"6133","Nome city, Alaska",2008,3681
"6134","Nome city, Alaska",2009,3610
"6135","Nome city, Alaska",2010,3598
"6136","Nome city, Alaska",2011,3699
"6137","Nome city, Alaska",2012,3759
"6138","Nome city, Alaska",2013,3656
"6139","Nome city, Alaska",2014,3721
"6140","Nondalton city, Alaska",1991,214
"6141","Nondalton city, Alaska",1992,227
"6142","Nondalton city, Alaska",1993,228
"6143","Nondalton city, Alaska",1994,232
"6144","Nondalton city, Alaska",1995,235
"6145","Nondalton city, Alaska",1996,234
"6146","Nondalton city, Alaska",1997,227
"6147","Nondalton city, Alaska",1998,221
"6148","Nondalton city, Alaska",1999,224
"6149","Nondalton city, Alaska",2000,221
"6150","Nondalton city, Alaska",2001,206
"6151","Nondalton city, Alaska",2002,199
"6152","Nondalton city, Alaska",2003,206
"6153","Nondalton city, Alaska",2004,193
"6154","Nondalton city, Alaska",2005,188
"6155","Nondalton city, Alaska",2006,179
"6156","Nondalton city, Alaska",2007,174
"6157","Nondalton city, Alaska",2008,175
"6158","Nondalton city, Alaska",2009,162
"6159","Nondalton city, Alaska",2010,164
"6160","Nondalton city, Alaska",2011,159
"6161","Nondalton city, Alaska",2012,169
"6162","Nondalton city, Alaska",2013,165
"6163","Nondalton city, Alaska",2014,164
"6164","Nondalton city, Alaska",2015,161
"6165","Nondalton city, Alaska",2016,164
"6166","Nondalton city, Alaska",2017,156
"6167","Nondalton city, Alaska",2018,141
"6168","Nondalton city, Alaska",2019,141
"6169","Nondalton city, Alaska",2020,133
"6170","Noorvik city, Alaska",1991,513
"6171","Noorvik city, Alaska",1992,545
"6172","Noorvik city, Alaska",1993,530
"6173","Noorvik city, Alaska",1994,574
"6174","Noorvik city, Alaska",1995,580
"6175","Noorvik city, Alaska",1996,573
"6176","Noorvik city, Alaska",1997,570
"6177","Noorvik city, Alaska",1998,601
"6178","Noorvik city, Alaska",1999,632
"6179","Noorvik city, Alaska",2000,634
"6180","Noorvik city, Alaska",2001,642
"6181","Noorvik city, Alaska",2002,674
"6182","Noorvik city, Alaska",2003,644
"6183","Noorvik city, Alaska",2004,607
"6184","Noorvik city, Alaska",2005,622
"6185","Noorvik city, Alaska",2006,628
"6186","Noorvik city, Alaska",2007,625
"6187","Noorvik city, Alaska",2008,631
"6188","Noorvik city, Alaska",2009,619
"6189","Noorvik city, Alaska",2010,668
"6190","Noorvik city, Alaska",2011,643
"6191","Noorvik city, Alaska",2012,626
"6192","Noorvik city, Alaska",2013,641
"6193","Noorvik city, Alaska",2014,639
"6194","Noorvik city, Alaska",2015,666
"6195","Noorvik city, Alaska",2016,675
"6196","Noorvik city, Alaska",2017,707
"6197","Noorvik city, Alaska",2018,666
"6198","Noorvik city, Alaska",2019,695
"6199","Noorvik city, Alaska",2020,694
"6200","North Pole city, Alaska",1991,1465
"6201","North Pole city, Alaska",1992,1497
"6202","North Pole city, Alaska",1993,1458
"6203","North Pole city, Alaska",1994,1548
"6204","North Pole city, Alaska",1995,1534
"6205","North Pole city, Alaska",1996,1504
"6206","North Pole city, Alaska",1997,1618
"6207","North Pole city, Alaska",1998,1588
"6208","North Pole city, Alaska",1999,1616
"6209","North Pole city, Alaska",2000,1570
"6210","North Pole city, Alaska",2001,1474
"6211","North Pole city, Alaska",2002,1612
"6212","North Pole city, Alaska",2003,1617
"6213","North Pole city, Alaska",2004,1548
"6214","North Pole city, Alaska",2005,1624
"6215","North Pole city, Alaska",2006,1675
"6216","North Pole city, Alaska",2007,2013
"6217","North Pole city, Alaska",2008,2233
"6218","North Pole city, Alaska",2009,2199
"6219","North Pole city, Alaska",2010,2117
"6220","North Pole city, Alaska",2011,2104
"6221","North Pole city, Alaska",2012,2162
"6222","North Pole city, Alaska",2013,2206
"6223","North Pole city, Alaska",2014,2198
"6224","Northway CDP, Alaska",1991,116
"6225","Northway CDP, Alaska",1992,117
"6226","Northway CDP, Alaska",1993,117
"6227","Northway CDP, Alaska",1994,130
"6228","Northway CDP, Alaska",1995,132
"6229","Northway CDP, Alaska",1996,124
"6230","Northway CDP, Alaska",1997,120
"6231","Northway CDP, Alaska",1998,121
"6232","Northway CDP, Alaska",1999,113
"6233","Northway CDP, Alaska",2000,95
"6234","Northway CDP, Alaska",2001,96
"6235","Northway CDP, Alaska",2002,93
"6236","Northway CDP, Alaska",2003,104
"6237","Northway CDP, Alaska",2004,83
"6238","Northway CDP, Alaska",2005,85
"6239","Northway CDP, Alaska",2006,71
"6240","Northway CDP, Alaska",2007,78
"6241","Northway CDP, Alaska",2008,77
"6242","Northway CDP, Alaska",2009,84
"6243","Northway CDP, Alaska",2010,71
"6244","Northway CDP, Alaska",2011,70
"6245","Northway CDP, Alaska",2012,77
"6246","Northway CDP, Alaska",2013,80
"6247","Northway CDP, Alaska",2014,66
"6248","Northway CDP, Alaska",2015,243
"6249","Northway CDP, Alaska",2016,237
"6250","Northway CDP, Alaska",2017,256
"6251","Northway CDP, Alaska",2018,239
"6252","Northway CDP, Alaska",2019,236
"6253","Northway CDP, Alaska",2020,234
"6254","Northway Junction CDP, Alaska",1991,97
"6255","Northway Junction CDP, Alaska",1992,105
"6256","Northway Junction CDP, Alaska",1993,106
"6257","Northway Junction CDP, Alaska",1994,107
"6258","Northway Junction CDP, Alaska",1995,112
"6259","Northway Junction CDP, Alaska",1996,113
"6260","Northway Junction CDP, Alaska",1997,113
"6261","Northway Junction CDP, Alaska",1998,114
"6262","Northway Junction CDP, Alaska",1999,116
"6263","Northway Junction CDP, Alaska",2000,72
"6264","Northway Junction CDP, Alaska",2001,81
"6265","Northway Junction CDP, Alaska",2002,73
"6266","Northway Junction CDP, Alaska",2003,69
"6267","Northway Junction CDP, Alaska",2004,76
"6268","Northway Junction CDP, Alaska",2005,77
"6269","Northway Junction CDP, Alaska",2006,56
"6270","Northway Junction CDP, Alaska",2007,63
"6271","Northway Junction CDP, Alaska",2008,57
"6272","Northway Junction CDP, Alaska",2009,59
"6273","Northway Junction CDP, Alaska",2010,54
"6274","Northway Junction CDP, Alaska",2011,58
"6275","Northway Junction CDP, Alaska",2012,58
"6276","Northway Junction CDP, Alaska",2013,64
"6277","Northway Junction CDP, Alaska",2014,62
"6278","Northway Village CDP, Alaska",1991,107
"6279","Northway Village CDP, Alaska",1992,107
"6280","Northway Village CDP, Alaska",1993,107
"6281","Northway Village CDP, Alaska",1994,119
"6282","Northway Village CDP, Alaska",1995,122
"6283","Northway Village CDP, Alaska",1996,114
"6284","Northway Village CDP, Alaska",1997,110
"6285","Northway Village CDP, Alaska",1998,111
"6286","Northway Village CDP, Alaska",1999,103
"6287","Northway Village CDP, Alaska",2000,107
"6288","Northway Village CDP, Alaska",2001,106
"6289","Northway Village CDP, Alaska",2002,110
"6290","Northway Village CDP, Alaska",2003,98
"6291","Northway Village CDP, Alaska",2004,96
"6292","Northway Village CDP, Alaska",2005,93
"6293","Northway Village CDP, Alaska",2006,89
"6294","Northway Village CDP, Alaska",2007,93
"6295","Northway Village CDP, Alaska",2008,82
"6296","Northway Village CDP, Alaska",2009,81
"6297","Northway Village CDP, Alaska",2010,98
"6298","Northway Village CDP, Alaska",2011,109
"6299","Northway Village CDP, Alaska",2012,91
"6300","Northway Village CDP, Alaska",2013,90
"6301","Northway Village CDP, Alaska",2014,112
"6302","Nuiqsut city, Alaska",1991,387
"6303","Nuiqsut city, Alaska",1992,424
"6304","Nuiqsut city, Alaska",1993,405
"6305","Nuiqsut city, Alaska",1994,413
"6306","Nuiqsut city, Alaska",1995,411
"6307","Nuiqsut city, Alaska",1996,426
"6308","Nuiqsut city, Alaska",1997,435
"6309","Nuiqsut city, Alaska",1998,464
"6310","Nuiqsut city, Alaska",1999,486
"6311","Nuiqsut city, Alaska",2000,433
"6312","Nuiqsut city, Alaska",2001,427
"6313","Nuiqsut city, Alaska",2002,445
"6314","Nuiqsut city, Alaska",2003,419
"6315","Nuiqsut city, Alaska",2004,436
"6316","Nuiqsut city, Alaska",2005,415
"6317","Nuiqsut city, Alaska",2006,422
"6318","Nuiqsut city, Alaska",2007,408
"6319","Nuiqsut city, Alaska",2008,389
"6320","Nuiqsut city, Alaska",2009,410
"6321","Nuiqsut city, Alaska",2010,402
"6322","Nuiqsut city, Alaska",2011,427
"6323","Nuiqsut city, Alaska",2012,428
"6324","Nuiqsut city, Alaska",2013,452
"6325","Nuiqsut city, Alaska",2014,444
"6326","Nuiqsut city, Alaska",2015,476
"6327","Nuiqsut city, Alaska",2016,483
"6328","Nuiqsut city, Alaska",2017,523
"6329","Nuiqsut city, Alaska",2018,544
"6330","Nuiqsut city, Alaska",2019,535
"6331","Nuiqsut city, Alaska",2020,512
"6332","Nulato city, Alaska",1991,364
"6333","Nulato city, Alaska",1992,359
"6334","Nulato city, Alaska",1993,369
"6335","Nulato city, Alaska",1994,336
"6336","Nulato city, Alaska",1995,346
"6337","Nulato city, Alaska",1996,355
"6338","Nulato city, Alaska",1997,357
"6339","Nulato city, Alaska",1998,365
"6340","Nulato city, Alaska",1999,381
"6341","Nulato city, Alaska",2000,336
"6342","Nulato city, Alaska",2001,358
"6343","Nulato city, Alaska",2002,342
"6344","Nulato city, Alaska",2003,339
"6345","Nulato city, Alaska",2004,326
"6346","Nulato city, Alaska",2005,318
"6347","Nulato city, Alaska",2006,297
"6348","Nulato city, Alaska",2007,281
"6349","Nulato city, Alaska",2008,282
"6350","Nulato city, Alaska",2009,249
"6351","Nulato city, Alaska",2010,264
"6352","Nulato city, Alaska",2011,273
"6353","Nulato city, Alaska",2012,271
"6354","Nulato city, Alaska",2013,261
"6355","Nulato city, Alaska",2014,246
"6356","Nulato city, Alaska",2015,240
"6357","Nulato city, Alaska",2016,250
"6358","Nulato city, Alaska",2017,247
"6359","Nulato city, Alaska",2018,211
"6360","Nulato city, Alaska",2019,236
"6361","Nulato city, Alaska",2020,239
"6362","Nunapitchuk city, Alaska",1991,383
"6363","Nunapitchuk city, Alaska",1992,403
"6364","Nunapitchuk city, Alaska",1993,425
"6365","Nunapitchuk city, Alaska",1994,433
"6366","Nunapitchuk city, Alaska",1995,449
"6367","Nunapitchuk city, Alaska",1996,469
"6368","Nunapitchuk city, Alaska",1997,484
"6369","Nunapitchuk city, Alaska",1998,480
"6370","Nunapitchuk city, Alaska",1999,471
"6371","Nunapitchuk city, Alaska",2000,466
"6372","Nunapitchuk city, Alaska",2001,482
"6373","Nunapitchuk city, Alaska",2002,498
"6374","Nunapitchuk city, Alaska",2003,478
"6375","Nunapitchuk city, Alaska",2004,502
"6376","Nunapitchuk city, Alaska",2005,484
"6377","Nunapitchuk city, Alaska",2006,507
"6378","Nunapitchuk city, Alaska",2007,497
"6379","Nunapitchuk city, Alaska",2008,488
"6380","Nunapitchuk city, Alaska",2009,483
"6381","Nunapitchuk city, Alaska",2010,496
"6382","Nunapitchuk city, Alaska",2011,517
"6383","Nunapitchuk city, Alaska",2012,549
"6384","Nunapitchuk city, Alaska",2013,550
"6385","Nunapitchuk city, Alaska",2014,563
"6386","Nunapitchuk city, Alaska",2015,602
"6387","Nunapitchuk city, Alaska",2016,602
"6388","Nunapitchuk city, Alaska",2017,599
"6389","Nunapitchuk city, Alaska",2018,613
"6390","Nunapitchuk city, Alaska",2019,585
"6391","Nunapitchuk city, Alaska",2020,594
"6392","Old Harbor city, Alaska",1991,295
"6393","Old Harbor city, Alaska",1992,305
"6394","Old Harbor city, Alaska",1993,306
"6395","Old Harbor city, Alaska",1994,313
"6396","Old Harbor city, Alaska",1995,311
"6397","Old Harbor city, Alaska",1996,314
"6398","Old Harbor city, Alaska",1997,298
"6399","Old Harbor city, Alaska",1998,296
"6400","Old Harbor city, Alaska",1999,276
"6401","Old Harbor city, Alaska",2000,237
"6402","Old Harbor city, Alaska",2001,240
"6403","Old Harbor city, Alaska",2002,233
"6404","Old Harbor city, Alaska",2003,220
"6405","Old Harbor city, Alaska",2004,209
"6406","Old Harbor city, Alaska",2005,214
"6407","Old Harbor city, Alaska",2006,194
"6408","Old Harbor city, Alaska",2007,221
"6409","Old Harbor city, Alaska",2008,205
"6410","Old Harbor city, Alaska",2009,219
"6411","Old Harbor city, Alaska",2010,218
"6412","Old Harbor city, Alaska",2011,213
"6413","Old Harbor city, Alaska",2012,206
"6414","Old Harbor city, Alaska",2013,224
"6415","Old Harbor city, Alaska",2014,213
"6416","Old Harbor city, Alaska",2015,255
"6417","Old Harbor city, Alaska",2016,262
"6418","Old Harbor city, Alaska",2017,249
"6419","Old Harbor city, Alaska",2018,266
"6420","Old Harbor city, Alaska",2019,247
"6421","Old Harbor city, Alaska",2020,216
"6422","Oscarville CDP, Alaska",1991,56
"6423","Oscarville CDP, Alaska",1992,54
"6424","Oscarville CDP, Alaska",1993,54
"6425","Oscarville CDP, Alaska",1994,56
"6426","Oscarville CDP, Alaska",1995,55
"6427","Oscarville CDP, Alaska",1996,54
"6428","Oscarville CDP, Alaska",1997,58
"6429","Oscarville CDP, Alaska",1998,61
"6430","Oscarville CDP, Alaska",1999,64
"6431","Oscarville CDP, Alaska",2000,61
"6432","Oscarville CDP, Alaska",2001,64
"6433","Oscarville CDP, Alaska",2002,57
"6434","Oscarville CDP, Alaska",2003,54
"6435","Oscarville CDP, Alaska",2004,48
"6436","Oscarville CDP, Alaska",2005,50
"6437","Oscarville CDP, Alaska",2006,65
"6438","Oscarville CDP, Alaska",2007,73
"6439","Oscarville CDP, Alaska",2008,83
"6440","Oscarville CDP, Alaska",2009,76
"6441","Oscarville CDP, Alaska",2010,70
"6442","Oscarville CDP, Alaska",2011,71
"6443","Oscarville CDP, Alaska",2012,69
"6444","Oscarville CDP, Alaska",2013,60
"6445","Oscarville CDP, Alaska",2014,53
"6446","Oscarville CDP, Alaska",2015,56
"6447","Oscarville CDP, Alaska",2016,49
"6448","Oscarville CDP, Alaska",2017,60
"6449","Oscarville CDP, Alaska",2018,72
"6450","Oscarville CDP, Alaska",2019,70
"6451","Oscarville CDP, Alaska",2020,70
"6452","Ouzinkie city, Alaska",1991,211
"6453","Ouzinkie city, Alaska",1992,221
"6454","Ouzinkie city, Alaska",1993,228
"6455","Ouzinkie city, Alaska",1994,249
"6456","Ouzinkie city, Alaska",1995,248
"6457","Ouzinkie city, Alaska",1996,260
"6458","Ouzinkie city, Alaska",1997,249
"6459","Ouzinkie city, Alaska",1998,245
"6460","Ouzinkie city, Alaska",1999,256
"6461","Ouzinkie city, Alaska",2000,225
"6462","Ouzinkie city, Alaska",2001,204
"6463","Ouzinkie city, Alaska",2002,188
"6464","Ouzinkie city, Alaska",2003,171
"6465","Ouzinkie city, Alaska",2004,186
"6466","Ouzinkie city, Alaska",2005,188
"6467","Ouzinkie city, Alaska",2006,170
"6468","Ouzinkie city, Alaska",2007,164
"6469","Ouzinkie city, Alaska",2008,165
"6470","Ouzinkie city, Alaska",2009,169
"6471","Ouzinkie city, Alaska",2010,161
"6472","Ouzinkie city, Alaska",2011,180
"6473","Ouzinkie city, Alaska",2012,178
"6474","Ouzinkie city, Alaska",2013,184
"6475","Ouzinkie city, Alaska",2014,171
"6476","Ouzinkie city, Alaska",2015,162
"6477","Ouzinkie city, Alaska",2016,148
"6478","Ouzinkie city, Alaska",2017,133
"6479","Ouzinkie city, Alaska",2018,138
"6480","Ouzinkie city, Alaska",2019,127
"6481","Ouzinkie city, Alaska",2020,109
"6482","Palmer city, Alaska",1991,3008
"6483","Palmer city, Alaska",1992,3039
"6484","Palmer city, Alaska",1993,3209
"6485","Palmer city, Alaska",1994,3607
"6486","Palmer city, Alaska",1995,3697
"6487","Palmer city, Alaska",1996,3777
"6488","Palmer city, Alaska",1997,3899
"6489","Palmer city, Alaska",1998,4084
"6490","Palmer city, Alaska",1999,4151
"6491","Palmer city, Alaska",2000,4705
"6492","Palmer city, Alaska",2001,4775
"6493","Palmer city, Alaska",2002,5047
"6494","Palmer city, Alaska",2003,5488
"6495","Palmer city, Alaska",2004,5472
"6496","Palmer city, Alaska",2005,5581
"6497","Palmer city, Alaska",2006,5735
"6498","Palmer city, Alaska",2007,5719
"6499","Palmer city, Alaska",2008,5711
"6500","Palmer city, Alaska",2009,5880
"6501","Palmer city, Alaska",2010,5937
"6502","Palmer city, Alaska",2011,6122
"6503","Palmer city, Alaska",2012,6117
"6504","Palmer city, Alaska",2013,6079
"6505","Palmer city, Alaska",2014,6053
"6506","Paxson CDP, Alaska",1991,32
"6507","Paxson CDP, Alaska",1992,34
"6508","Paxson CDP, Alaska",1993,36
"6509","Paxson CDP, Alaska",1994,34
"6510","Paxson CDP, Alaska",1995,33
"6511","Paxson CDP, Alaska",1996,28
"6512","Paxson CDP, Alaska",1997,32
"6513","Paxson CDP, Alaska",1998,33
"6514","Paxson CDP, Alaska",1999,30
"6515","Paxson CDP, Alaska",2000,43
"6516","Paxson CDP, Alaska",2001,49
"6517","Paxson CDP, Alaska",2002,54
"6518","Paxson CDP, Alaska",2003,59
"6519","Paxson CDP, Alaska",2004,62
"6520","Paxson CDP, Alaska",2005,56
"6521","Paxson CDP, Alaska",2006,59
"6522","Paxson CDP, Alaska",2007,63
"6523","Paxson CDP, Alaska",2008,45
"6524","Paxson CDP, Alaska",2009,38
"6525","Paxson CDP, Alaska",2010,40
"6526","Paxson CDP, Alaska",2011,35
"6527","Paxson CDP, Alaska",2012,43
"6528","Paxson CDP, Alaska",2013,33
"6529","Paxson CDP, Alaska",2014,29
"6530","Paxson CDP, Alaska",2015,13
"6531","Paxson CDP, Alaska",2016,9
"6532","Paxson CDP, Alaska",2017,8
"6533","Paxson CDP, Alaska",2018,10
"6534","Paxson CDP, Alaska",2019,16
"6535","Paxson CDP, Alaska",2020,26
"6536","Pedro Bay CDP, Alaska",1991,53
"6537","Pedro Bay CDP, Alaska",1992,51
"6538","Pedro Bay CDP, Alaska",1993,49
"6539","Pedro Bay CDP, Alaska",1994,41
"6540","Pedro Bay CDP, Alaska",1995,47
"6541","Pedro Bay CDP, Alaska",1996,40
"6542","Pedro Bay CDP, Alaska",1997,40
"6543","Pedro Bay CDP, Alaska",1998,41
"6544","Pedro Bay CDP, Alaska",1999,36
"6545","Pedro Bay CDP, Alaska",2000,50
"6546","Pedro Bay CDP, Alaska",2001,52
"6547","Pedro Bay CDP, Alaska",2002,49
"6548","Pedro Bay CDP, Alaska",2003,49
"6549","Pedro Bay CDP, Alaska",2004,52
"6550","Pedro Bay CDP, Alaska",2005,71
"6551","Pedro Bay CDP, Alaska",2006,64
"6552","Pedro Bay CDP, Alaska",2007,46
"6553","Pedro Bay CDP, Alaska",2008,55
"6554","Pedro Bay CDP, Alaska",2009,62
"6555","Pedro Bay CDP, Alaska",2010,42
"6556","Pedro Bay CDP, Alaska",2011,47
"6557","Pedro Bay CDP, Alaska",2012,42
"6558","Pedro Bay CDP, Alaska",2013,42
"6559","Pedro Bay CDP, Alaska",2014,47
"6560","Pedro Bay CDP, Alaska",2015,53
"6561","Pedro Bay CDP, Alaska",2016,37
"6562","Pedro Bay CDP, Alaska",2017,38
"6563","Pedro Bay CDP, Alaska",2018,40
"6564","Pedro Bay CDP, Alaska",2019,45
"6565","Pedro Bay CDP, Alaska",2020,43
"6566","Pelican city, Alaska",1991,231
"6567","Pelican city, Alaska",1992,233
"6568","Pelican city, Alaska",1993,231
"6569","Pelican city, Alaska",1994,210
"6570","Pelican city, Alaska",1995,207
"6571","Pelican city, Alaska",1996,199
"6572","Pelican city, Alaska",1997,148
"6573","Pelican city, Alaska",1998,150
"6574","Pelican city, Alaska",1999,137
"6575","Pelican city, Alaska",2000,163
"6576","Pelican city, Alaska",2001,150
"6577","Pelican city, Alaska",2002,108
"6578","Pelican city, Alaska",2003,103
"6579","Pelican city, Alaska",2004,107
"6580","Pelican city, Alaska",2005,104
"6581","Pelican city, Alaska",2006,96
"6582","Pelican city, Alaska",2007,98
"6583","Pelican city, Alaska",2008,102
"6584","Pelican city, Alaska",2009,112
"6585","Pelican city, Alaska",2010,88
"6586","Pelican city, Alaska",2011,83
"6587","Pelican city, Alaska",2012,82
"6588","Pelican city, Alaska",2013,79
"6589","Pelican city, Alaska",2014,75
"6590","Pelican city, Alaska",2015,91
"6591","Pelican city, Alaska",2016,91
"6592","Pelican city, Alaska",2017,80
"6593","Pelican city, Alaska",2018,81
"6594","Pelican city, Alaska",2019,85
"6595","Pelican city, Alaska",2020,98
"6596","Perryville CDP, Alaska",1991,118
"6597","Perryville CDP, Alaska",1992,100
"6598","Perryville CDP, Alaska",1993,106
"6599","Perryville CDP, Alaska",1994,108
"6600","Perryville CDP, Alaska",1995,102
"6601","Perryville CDP, Alaska",1996,101
"6602","Perryville CDP, Alaska",1997,106
"6603","Perryville CDP, Alaska",1998,108
"6604","Perryville CDP, Alaska",1999,102
"6605","Perryville CDP, Alaska",2000,112
"6606","Perryville CDP, Alaska",2001,115
"6607","Perryville CDP, Alaska",2002,113
"6608","Perryville CDP, Alaska",2003,108
"6609","Perryville CDP, Alaska",2004,113
"6610","Perryville CDP, Alaska",2005,118
"6611","Perryville CDP, Alaska",2006,125
"6612","Perryville CDP, Alaska",2007,123
"6613","Perryville CDP, Alaska",2008,139
"6614","Perryville CDP, Alaska",2009,130
"6615","Perryville CDP, Alaska",2010,113
"6616","Perryville CDP, Alaska",2011,124
"6617","Perryville CDP, Alaska",2012,112
"6618","Perryville CDP, Alaska",2013,120
"6619","Perryville CDP, Alaska",2014,101
"6620","Perryville CDP, Alaska",2015,113
"6621","Perryville CDP, Alaska",2016,112
"6622","Perryville CDP, Alaska",2017,104
"6623","Perryville CDP, Alaska",2018,101
"6624","Perryville CDP, Alaska",2019,100
"6625","Perryville CDP, Alaska",2020,88
"6626","Petersburg city, Alaska",1991,3282
"6627","Petersburg city, Alaska",1992,3314
"6628","Petersburg city, Alaska",1993,3307
"6629","Petersburg city, Alaska",1994,3261
"6630","Petersburg city, Alaska",1995,3310
"6631","Petersburg city, Alaska",1996,3388
"6632","Petersburg city, Alaska",1997,3410
"6633","Petersburg city, Alaska",1998,3399
"6634","Petersburg city, Alaska",1999,3415
"6635","Petersburg city, Alaska",2000,3224
"6636","Petersburg city, Alaska",2001,3240
"6637","Petersburg city, Alaska",2002,3196
"6638","Petersburg city, Alaska",2003,3141
"6639","Petersburg city, Alaska",2004,3187
"6640","Petersburg city, Alaska",2005,3161
"6641","Petersburg city, Alaska",2006,3109
"6642","Petersburg city, Alaska",2007,3063
"6643","Petersburg city, Alaska",2008,3017
"6644","Petersburg city, Alaska",2009,3008
"6645","Petersburg city, Alaska",2010,2948
"6646","Petersburg city, Alaska",2011,3023
"6647","Petersburg city, Alaska",2012,2972
"6648","Petersburg city, Alaska",2013,2954
"6649","Petersburg city, Alaska",2014,2964
"6650","Petersville CDP, Alaska",2000,16
"6651","Petersville CDP, Alaska",2001,14
"6652","Petersville CDP, Alaska",2002,10
"6653","Petersville CDP, Alaska",2003,7
"6654","Petersville CDP, Alaska",2004,7
"6655","Petersville CDP, Alaska",2005,7
"6656","Petersville CDP, Alaska",2006,9
"6657","Petersville CDP, Alaska",2007,5
"6658","Petersville CDP, Alaska",2008,4
"6659","Petersville CDP, Alaska",2009,2
"6660","Petersville CDP, Alaska",2010,4
"6661","Petersville CDP, Alaska",2011,5
"6662","Petersville CDP, Alaska",2012,5
"6663","Petersville CDP, Alaska",2013,3
"6664","Petersville CDP, Alaska",2014,3
"6665","Petersville CDP, Alaska",2015,4
"6666","Petersville CDP, Alaska",2016,9
"6667","Petersville CDP, Alaska",2017,11
"6668","Petersville CDP, Alaska",2018,18
"6669","Petersville CDP, Alaska",2019,28
"6670","Petersville CDP, Alaska",2020,27
"6671","Pilot Point city, Alaska",1991,65
"6672","Pilot Point city, Alaska",1992,76
"6673","Pilot Point city, Alaska",1993,72
"6674","Pilot Point city, Alaska",1994,75
"6675","Pilot Point city, Alaska",1995,74
"6676","Pilot Point city, Alaska",1996,83
"6677","Pilot Point city, Alaska",1997,78
"6678","Pilot Point city, Alaska",1998,87
"6679","Pilot Point city, Alaska",1999,77
"6680","Pilot Point city, Alaska",2000,100
"6681","Pilot Point city, Alaska",2001,87
"6682","Pilot Point city, Alaska",2002,77
"6683","Pilot Point city, Alaska",2003,73
"6684","Pilot Point city, Alaska",2004,80
"6685","Pilot Point city, Alaska",2005,78
"6686","Pilot Point city, Alaska",2006,72
"6687","Pilot Point city, Alaska",2007,66
"6688","Pilot Point city, Alaska",2008,80
"6689","Pilot Point city, Alaska",2009,74
"6690","Pilot Point city, Alaska",2010,68
"6691","Pilot Point city, Alaska",2011,91
"6692","Pilot Point city, Alaska",2012,68
"6693","Pilot Point city, Alaska",2013,70
"6694","Pilot Point city, Alaska",2014,78
"6695","Pilot Point city, Alaska",2015,74
"6696","Pilot Point city, Alaska",2016,71
"6697","Pilot Point city, Alaska",2017,74
"6698","Pilot Point city, Alaska",2018,80
"6699","Pilot Point city, Alaska",2019,78
"6700","Pilot Point city, Alaska",2020,70
"6701","Pilot Station city, Alaska",1991,474
"6702","Pilot Station city, Alaska",1992,499
"6703","Pilot Station city, Alaska",1993,527
"6704","Pilot Station city, Alaska",1994,512
"6705","Pilot Station city, Alaska",1995,523
"6706","Pilot Station city, Alaska",1996,535
"6707","Pilot Station city, Alaska",1997,548
"6708","Pilot Station city, Alaska",1998,557
"6709","Pilot Station city, Alaska",1999,544
"6710","Pilot Station city, Alaska",2000,550
"6711","Pilot Station city, Alaska",2001,550
"6712","Pilot Station city, Alaska",2002,538
"6713","Pilot Station city, Alaska",2003,549
"6714","Pilot Station city, Alaska",2004,545
"6715","Pilot Station city, Alaska",2005,546
"6716","Pilot Station city, Alaska",2006,550
"6717","Pilot Station city, Alaska",2007,552
"6718","Pilot Station city, Alaska",2008,555
"6719","Pilot Station city, Alaska",2009,544
"6720","Pilot Station city, Alaska",2010,568
"6721","Pilot Station city, Alaska",2011,588
"6722","Pilot Station city, Alaska",2012,597
"6723","Pilot Station city, Alaska",2013,627
"6724","Pilot Station city, Alaska",2014,634
"6725","Pilot Station city, Alaska",2015,636
"6726","Pilot Station city, Alaska",2016,659
"6727","Pilot Station city, Alaska",2017,666
"6728","Pilot Station city, Alaska",2018,653
"6729","Pilot Station city, Alaska",2019,621
"6730","Pilot Station city, Alaska",2020,615
"6731","Pitkas Point CDP, Alaska",1991,137
"6732","Pitkas Point CDP, Alaska",1992,143
"6733","Pitkas Point CDP, Alaska",1993,145
"6734","Pitkas Point CDP, Alaska",1994,147
"6735","Pitkas Point CDP, Alaska",1995,146
"6736","Pitkas Point CDP, Alaska",1996,153
"6737","Pitkas Point CDP, Alaska",1997,155
"6738","Pitkas Point CDP, Alaska",1998,150
"6739","Pitkas Point CDP, Alaska",1999,146
"6740","Pitkas Point CDP, Alaska",2000,125
"6741","Pitkas Point CDP, Alaska",2001,109
"6742","Pitkas Point CDP, Alaska",2002,97
"6743","Pitkas Point CDP, Alaska",2003,99
"6744","Pitkas Point CDP, Alaska",2004,101
"6745","Pitkas Point CDP, Alaska",2005,105
"6746","Pitkas Point CDP, Alaska",2006,106
"6747","Pitkas Point CDP, Alaska",2007,119
"6748","Pitkas Point CDP, Alaska",2008,111
"6749","Pitkas Point CDP, Alaska",2009,92
"6750","Pitkas Point CDP, Alaska",2010,109
"6751","Pitkas Point CDP, Alaska",2011,103
"6752","Pitkas Point CDP, Alaska",2012,102
"6753","Pitkas Point CDP, Alaska",2013,98
"6754","Pitkas Point CDP, Alaska",2014,117
"6755","Pitkas Point CDP, Alaska",2015,131
"6756","Pitkas Point CDP, Alaska",2016,128
"6757","Pitkas Point CDP, Alaska",2017,135
"6758","Pitkas Point CDP, Alaska",2018,129
"6759","Pitkas Point CDP, Alaska",2019,120
"6760","Pitkas Point CDP, Alaska",2020,120
"6761","Platinum city, Alaska",1991,53
"6762","Platinum city, Alaska",1992,59
"6763","Platinum city, Alaska",1993,48
"6764","Platinum city, Alaska",1994,45
"6765","Platinum city, Alaska",1995,45
"6766","Platinum city, Alaska",1996,37
"6767","Platinum city, Alaska",1997,41
"6768","Platinum city, Alaska",1998,41
"6769","Platinum city, Alaska",1999,43
"6770","Platinum city, Alaska",2000,41
"6771","Platinum city, Alaska",2001,44
"6772","Platinum city, Alaska",2002,38
"6773","Platinum city, Alaska",2003,39
"6774","Platinum city, Alaska",2004,38
"6775","Platinum city, Alaska",2005,37
"6776","Platinum city, Alaska",2006,37
"6777","Platinum city, Alaska",2007,34
"6778","Platinum city, Alaska",2008,45
"6779","Platinum city, Alaska",2009,54
"6780","Platinum city, Alaska",2010,61
"6781","Platinum city, Alaska",2011,68
"6782","Platinum city, Alaska",2012,74
"6783","Platinum city, Alaska",2013,63
"6784","Platinum city, Alaska",2014,60
"6785","Platinum city, Alaska",2015,68
"6786","Platinum city, Alaska",2016,56
"6787","Platinum city, Alaska",2017,54
"6788","Platinum city, Alaska",2018,65
"6789","Platinum city, Alaska",2019,62
"6790","Platinum city, Alaska",2020,55
"6791","Pleasant Valley CDP, Alaska",1991,410
"6792","Pleasant Valley CDP, Alaska",1992,466
"6793","Pleasant Valley CDP, Alaska",1993,549
"6794","Pleasant Valley CDP, Alaska",1994,544
"6795","Pleasant Valley CDP, Alaska",1995,571
"6796","Pleasant Valley CDP, Alaska",1996,557
"6797","Pleasant Valley CDP, Alaska",1997,551
"6798","Pleasant Valley CDP, Alaska",1998,541
"6799","Pleasant Valley CDP, Alaska",1999,584
"6800","Pleasant Valley CDP, Alaska",2000,623
"6801","Pleasant Valley CDP, Alaska",2001,655
"6802","Pleasant Valley CDP, Alaska",2002,718
"6803","Pleasant Valley CDP, Alaska",2003,682
"6804","Pleasant Valley CDP, Alaska",2004,708
"6805","Pleasant Valley CDP, Alaska",2005,688
"6806","Pleasant Valley CDP, Alaska",2006,692
"6807","Pleasant Valley CDP, Alaska",2007,658
"6808","Pleasant Valley CDP, Alaska",2008,738
"6809","Pleasant Valley CDP, Alaska",2009,730
"6810","Pleasant Valley CDP, Alaska",2010,725
"6811","Pleasant Valley CDP, Alaska",2011,744
"6812","Pleasant Valley CDP, Alaska",2012,746
"6813","Pleasant Valley CDP, Alaska",2013,716
"6814","Pleasant Valley CDP, Alaska",2014,745
"6815","Pleasant Valley CDP, Alaska",2015,662
"6816","Pleasant Valley CDP, Alaska",2016,661
"6817","Pleasant Valley CDP, Alaska",2017,637
"6818","Pleasant Valley CDP, Alaska",2018,654
"6819","Pleasant Valley CDP, Alaska",2019,651
"6820","Pleasant Valley CDP, Alaska",2020,606
"6821","Point Baker CDP, Alaska",1991,38
"6822","Point Baker CDP, Alaska",1992,48
"6823","Point Baker CDP, Alaska",1993,57
"6824","Point Baker CDP, Alaska",1994,55
"6825","Point Baker CDP, Alaska",1995,58
"6826","Point Baker CDP, Alaska",1996,53
"6827","Point Baker CDP, Alaska",1997,56
"6828","Point Baker CDP, Alaska",1998,52
"6829","Point Baker CDP, Alaska",1999,51
"6830","Point Baker CDP, Alaska",2000,35
"6831","Point Baker CDP, Alaska",2001,34
"6832","Point Baker CDP, Alaska",2002,35
"6833","Point Baker CDP, Alaska",2003,33
"6834","Point Baker CDP, Alaska",2004,25
"6835","Point Baker CDP, Alaska",2005,21
"6836","Point Baker CDP, Alaska",2006,17
"6837","Point Baker CDP, Alaska",2007,16
"6838","Point Baker CDP, Alaska",2008,16
"6839","Point Baker CDP, Alaska",2009,12
"6840","Point Baker CDP, Alaska",2010,15
"6841","Point Baker CDP, Alaska",2011,14
"6842","Point Baker CDP, Alaska",2012,16
"6843","Point Baker CDP, Alaska",2013,15
"6844","Point Baker CDP, Alaska",2014,13
"6845","Point Baker CDP, Alaska",2015,13
"6846","Point Baker CDP, Alaska",2016,13
"6847","Point Baker CDP, Alaska",2017,13
"6848","Point Baker CDP, Alaska",2018,13
"6849","Point Baker CDP, Alaska",2019,12
"6850","Point Baker CDP, Alaska",2020,12
"6851","Point Hope city, Alaska",1991,668
"6852","Point Hope city, Alaska",1992,689
"6853","Point Hope city, Alaska",1993,681
"6854","Point Hope city, Alaska",1994,711
"6855","Point Hope city, Alaska",1995,717
"6856","Point Hope city, Alaska",1996,756
"6857","Point Hope city, Alaska",1997,746
"6858","Point Hope city, Alaska",1998,781
"6859","Point Hope city, Alaska",1999,794
"6860","Point Hope city, Alaska",2000,757
"6861","Point Hope city, Alaska",2001,708
"6862","Point Hope city, Alaska",2002,699
"6863","Point Hope city, Alaska",2003,706
"6864","Point Hope city, Alaska",2004,706
"6865","Point Hope city, Alaska",2005,694
"6866","Point Hope city, Alaska",2006,703
"6867","Point Hope city, Alaska",2007,666
"6868","Point Hope city, Alaska",2008,646
"6869","Point Hope city, Alaska",2009,660
"6870","Point Hope city, Alaska",2010,674
"6871","Point Hope city, Alaska",2011,668
"6872","Point Hope city, Alaska",2012,668
"6873","Point Hope city, Alaska",2013,683
"6874","Point Hope city, Alaska",2014,651
"6875","Point Hope city, Alaska",2015,755
"6876","Point Hope city, Alaska",2016,731
"6877","Point Hope city, Alaska",2017,782
"6878","Point Hope city, Alaska",2018,812
"6879","Point Hope city, Alaska",2019,803
"6880","Point Hope city, Alaska",2020,830
"6881","Point Lay CDP, Alaska",1991,138
"6882","Point Lay CDP, Alaska",1992,164
"6883","Point Lay CDP, Alaska",1993,163
"6884","Point Lay CDP, Alaska",1994,185
"6885","Point Lay CDP, Alaska",1995,177
"6886","Point Lay CDP, Alaska",1996,182
"6887","Point Lay CDP, Alaska",1997,207
"6888","Point Lay CDP, Alaska",1998,209
"6889","Point Lay CDP, Alaska",1999,217
"6890","Point Lay CDP, Alaska",2000,247
"6891","Point Lay CDP, Alaska",2001,250
"6892","Point Lay CDP, Alaska",2002,245
"6893","Point Lay CDP, Alaska",2003,248
"6894","Point Lay CDP, Alaska",2004,232
"6895","Point Lay CDP, Alaska",2005,218
"6896","Point Lay CDP, Alaska",2006,208
"6897","Point Lay CDP, Alaska",2007,216
"6898","Point Lay CDP, Alaska",2008,218
"6899","Point Lay CDP, Alaska",2009,196
"6900","Point Lay CDP, Alaska",2010,189
"6901","Point Lay CDP, Alaska",2011,184
"6902","Point Lay CDP, Alaska",2012,196
"6903","Point Lay CDP, Alaska",2013,215
"6904","Point Lay CDP, Alaska",2014,189
"6905","Point Lay CDP, Alaska",2015,248
"6906","Point Lay CDP, Alaska",2016,246
"6907","Point Lay CDP, Alaska",2017,288
"6908","Point Lay CDP, Alaska",2018,292
"6909","Point Lay CDP, Alaska",2019,310
"6910","Point Lay CDP, Alaska",2020,330
"6911","Point MacKenzie CDP, Alaska",2000,226
"6912","Point MacKenzie CDP, Alaska",2001,297
"6913","Point MacKenzie CDP, Alaska",2002,295
"6914","Point MacKenzie CDP, Alaska",2003,307
"6915","Point MacKenzie CDP, Alaska",2004,321
"6916","Point MacKenzie CDP, Alaska",2005,343
"6917","Point MacKenzie CDP, Alaska",2006,347
"6918","Point MacKenzie CDP, Alaska",2007,372
"6919","Point MacKenzie CDP, Alaska",2008,380
"6920","Point MacKenzie CDP, Alaska",2009,392
"6921","Point MacKenzie CDP, Alaska",2010,529
"6922","Point MacKenzie CDP, Alaska",2011,594
"6923","Point MacKenzie CDP, Alaska",2012,565
"6924","Point MacKenzie CDP, Alaska",2013,1533
"6925","Point MacKenzie CDP, Alaska",2014,2026
"6926","Point Possession CDP, Alaska",2010,3
"6927","Point Possession CDP, Alaska",2011,3
"6928","Point Possession CDP, Alaska",2012,3
"6929","Point Possession CDP, Alaska",2013,3
"6930","Point Possession CDP, Alaska",2014,3
"6931","Point Possession CDP, Alaska",2015,0
"6932","Point Possession CDP, Alaska",2016,0
"6933","Point Possession CDP, Alaska",2017,7
"6934","Point Possession CDP, Alaska",2018,11
"6935","Point Possession CDP, Alaska",2019,8
"6936","Point Possession CDP, Alaska",2020,9
"6937","Pope-Vannoy Landing CDP, Alaska",2000,8
"6938","Pope-Vannoy Landing CDP, Alaska",2001,5
"6939","Pope-Vannoy Landing CDP, Alaska",2002,5
"6940","Pope-Vannoy Landing CDP, Alaska",2003,10
"6941","Pope-Vannoy Landing CDP, Alaska",2004,9
"6942","Pope-Vannoy Landing CDP, Alaska",2005,6
"6943","Pope-Vannoy Landing CDP, Alaska",2006,6
"6944","Pope-Vannoy Landing CDP, Alaska",2007,5
"6945","Pope-Vannoy Landing CDP, Alaska",2008,5
"6946","Pope-Vannoy Landing CDP, Alaska",2009,5
"6947","Pope-Vannoy Landing CDP, Alaska",2010,6
"6948","Pope-Vannoy Landing CDP, Alaska",2011,5
"6949","Pope-Vannoy Landing CDP, Alaska",2012,6
"6950","Pope-Vannoy Landing CDP, Alaska",2013,4
"6951","Pope-Vannoy Landing CDP, Alaska",2014,4
"6952","Pope-Vannoy Landing CDP, Alaska",2015,4
"6953","Pope-Vannoy Landing CDP, Alaska",2016,4
"6954","Pope-Vannoy Landing CDP, Alaska",2017,5
"6955","Pope-Vannoy Landing CDP, Alaska",2018,6
"6956","Pope-Vannoy Landing CDP, Alaska",2019,6
"6957","Pope-Vannoy Landing CDP, Alaska",2020,6
"6958","Port Alexander city, Alaska",1991,115
"6959","Port Alexander city, Alaska",1992,116
"6960","Port Alexander city, Alaska",1993,114
"6961","Port Alexander city, Alaska",1994,101
"6962","Port Alexander city, Alaska",1995,95
"6963","Port Alexander city, Alaska",1996,104
"6964","Port Alexander city, Alaska",1997,93
"6965","Port Alexander city, Alaska",1998,87
"6966","Port Alexander city, Alaska",1999,86
"6967","Port Alexander city, Alaska",2000,81
"6968","Port Alexander city, Alaska",2001,78
"6969","Port Alexander city, Alaska",2002,74
"6970","Port Alexander city, Alaska",2003,71
"6971","Port Alexander city, Alaska",2004,69
"6972","Port Alexander city, Alaska",2005,66
"6973","Port Alexander city, Alaska",2006,63
"6974","Port Alexander city, Alaska",2007,60
"6975","Port Alexander city, Alaska",2008,57
"6976","Port Alexander city, Alaska",2009,55
"6977","Port Alexander city, Alaska",2010,52
"6978","Port Alexander city, Alaska",2011,64
"6979","Port Alexander city, Alaska",2012,66
"6980","Port Alexander city, Alaska",2013,56
"6981","Port Alexander city, Alaska",2014,45
"6982","Port Alexander city, Alaska",2015,67
"6983","Port Alexander city, Alaska",2016,60
"6984","Port Alexander city, Alaska",2017,59
"6985","Port Alexander city, Alaska",2018,62
"6986","Port Alexander city, Alaska",2019,65
"6987","Port Alexander city, Alaska",2020,78
"6988","Port Alsworth CDP, Alaska",1991,54
"6989","Port Alsworth CDP, Alaska",1992,55
"6990","Port Alsworth CDP, Alaska",1993,52
"6991","Port Alsworth CDP, Alaska",1994,56
"6992","Port Alsworth CDP, Alaska",1995,64
"6993","Port Alsworth CDP, Alaska",1996,61
"6994","Port Alsworth CDP, Alaska",1997,68
"6995","Port Alsworth CDP, Alaska",1998,69
"6996","Port Alsworth CDP, Alaska",1999,88
"6997","Port Alsworth CDP, Alaska",2000,104
"6998","Port Alsworth CDP, Alaska",2001,106
"6999","Port Alsworth CDP, Alaska",2002,111
"7000","Port Alsworth CDP, Alaska",2003,107
"7001","Port Alsworth CDP, Alaska",2004,118
"7002","Port Alsworth CDP, Alaska",2005,111
"7003","Port Alsworth CDP, Alaska",2006,119
"7004","Port Alsworth CDP, Alaska",2007,123
"7005","Port Alsworth CDP, Alaska",2008,134
"7006","Port Alsworth CDP, Alaska",2009,129
"7007","Port Alsworth CDP, Alaska",2010,159
"7008","Port Alsworth CDP, Alaska",2011,153
"7009","Port Alsworth CDP, Alaska",2012,167
"7010","Port Alsworth CDP, Alaska",2013,168
"7011","Port Alsworth CDP, Alaska",2014,179
"7012","Port Alsworth CDP, Alaska",2015,184
"7013","Port Alsworth CDP, Alaska",2016,187
"7014","Port Alsworth CDP, Alaska",2017,199
"7015","Port Alsworth CDP, Alaska",2018,186
"7016","Port Alsworth CDP, Alaska",2019,178
"7017","Port Alsworth CDP, Alaska",2020,186
"7018","Port Clarence CDP, Alaska",1991,23
"7019","Port Clarence CDP, Alaska",1992,28
"7020","Port Clarence CDP, Alaska",1993,28
"7021","Port Clarence CDP, Alaska",1994,23
"7022","Port Clarence CDP, Alaska",1995,24
"7023","Port Clarence CDP, Alaska",1996,24
"7024","Port Clarence CDP, Alaska",1997,22
"7025","Port Clarence CDP, Alaska",1998,23
"7026","Port Clarence CDP, Alaska",1999,22
"7027","Port Clarence CDP, Alaska",2000,21
"7028","Port Clarence CDP, Alaska",2001,22
"7029","Port Clarence CDP, Alaska",2002,22
"7030","Port Clarence CDP, Alaska",2003,26
"7031","Port Clarence CDP, Alaska",2004,26
"7032","Port Clarence CDP, Alaska",2005,25
"7033","Port Clarence CDP, Alaska",2006,23
"7034","Port Clarence CDP, Alaska",2007,23
"7035","Port Clarence CDP, Alaska",2008,23
"7036","Port Clarence CDP, Alaska",2009,23
"7037","Port Clarence CDP, Alaska",2010,24
"7038","Port Clarence CDP, Alaska",2011,0
"7039","Port Clarence CDP, Alaska",2012,0
"7040","Port Clarence CDP, Alaska",2013,0
"7041","Port Clarence CDP, Alaska",2014,0
"7042","Port Clarence CDP, Alaska",2015,0
"7043","Port Clarence CDP, Alaska",2016,0
"7044","Port Clarence CDP, Alaska",2017,0
"7045","Port Clarence CDP, Alaska",2018,0
"7046","Port Clarence CDP, Alaska",2019,0
"7047","Port Clarence CDP, Alaska",2020,0
"7048","Port Graham CDP, Alaska",1991,168
"7049","Port Graham CDP, Alaska",1992,170
"7050","Port Graham CDP, Alaska",1993,174
"7051","Port Graham CDP, Alaska",1994,166
"7052","Port Graham CDP, Alaska",1995,169
"7053","Port Graham CDP, Alaska",1996,177
"7054","Port Graham CDP, Alaska",1997,185
"7055","Port Graham CDP, Alaska",1998,188
"7056","Port Graham CDP, Alaska",1999,178
"7057","Port Graham CDP, Alaska",2000,171
"7058","Port Graham CDP, Alaska",2001,182
"7059","Port Graham CDP, Alaska",2002,181
"7060","Port Graham CDP, Alaska",2003,176
"7061","Port Graham CDP, Alaska",2004,167
"7062","Port Graham CDP, Alaska",2005,143
"7063","Port Graham CDP, Alaska",2006,154
"7064","Port Graham CDP, Alaska",2007,158
"7065","Port Graham CDP, Alaska",2008,159
"7066","Port Graham CDP, Alaska",2009,164
"7067","Port Graham CDP, Alaska",2010,177
"7068","Port Graham CDP, Alaska",2011,173
"7069","Port Graham CDP, Alaska",2012,168
"7070","Port Graham CDP, Alaska",2013,151
"7071","Port Graham CDP, Alaska",2014,168
"7072","Port Graham CDP, Alaska",2015,167
"7073","Port Graham CDP, Alaska",2016,156
"7074","Port Graham CDP, Alaska",2017,167
"7075","Port Graham CDP, Alaska",2018,163
"7076","Port Graham CDP, Alaska",2019,162
"7077","Port Graham CDP, Alaska",2020,162
"7078","Port Heiden city, Alaska",1991,130
"7079","Port Heiden city, Alaska",1992,134
"7080","Port Heiden city, Alaska",1993,132
"7081","Port Heiden city, Alaska",1994,123
"7082","Port Heiden city, Alaska",1995,129
"7083","Port Heiden city, Alaska",1996,142
"7084","Port Heiden city, Alaska",1997,116
"7085","Port Heiden city, Alaska",1998,125
"7086","Port Heiden city, Alaska",1999,125
"7087","Port Heiden city, Alaska",2000,119
"7088","Port Heiden city, Alaska",2001,121
"7089","Port Heiden city, Alaska",2002,113
"7090","Port Heiden city, Alaska",2003,90
"7091","Port Heiden city, Alaska",2004,97
"7092","Port Heiden city, Alaska",2005,98
"7093","Port Heiden city, Alaska",2006,89
"7094","Port Heiden city, Alaska",2007,98
"7095","Port Heiden city, Alaska",2008,105
"7096","Port Heiden city, Alaska",2009,99
"7097","Port Heiden city, Alaska",2010,102
"7098","Port Heiden city, Alaska",2011,99
"7099","Port Heiden city, Alaska",2012,123
"7100","Port Heiden city, Alaska",2013,118
"7101","Port Heiden city, Alaska",2014,114
"7102","Port Heiden city, Alaska",2015,110
"7103","Port Heiden city, Alaska",2016,94
"7104","Port Heiden city, Alaska",2017,106
"7105","Port Heiden city, Alaska",2018,113
"7106","Port Heiden city, Alaska",2019,100
"7107","Port Heiden city, Alaska",2020,100
"7108","Port Lions city, Alaska",1991,240
"7109","Port Lions city, Alaska",1992,235
"7110","Port Lions city, Alaska",1993,234
"7111","Port Lions city, Alaska",1994,236
"7112","Port Lions city, Alaska",1995,243
"7113","Port Lions city, Alaska",1996,228
"7114","Port Lions city, Alaska",1997,238
"7115","Port Lions city, Alaska",1998,242
"7116","Port Lions city, Alaska",1999,243
"7117","Port Lions city, Alaska",2000,256
"7118","Port Lions city, Alaska",2001,246
"7119","Port Lions city, Alaska",2002,227
"7120","Port Lions city, Alaska",2003,233
"7121","Port Lions city, Alaska",2004,240
"7122","Port Lions city, Alaska",2005,220
"7123","Port Lions city, Alaska",2006,196
"7124","Port Lions city, Alaska",2007,194
"7125","Port Lions city, Alaska",2008,191
"7126","Port Lions city, Alaska",2009,202
"7127","Port Lions city, Alaska",2010,194
"7128","Port Lions city, Alaska",2011,204
"7129","Port Lions city, Alaska",2012,201
"7130","Port Lions city, Alaska",2013,188
"7131","Port Lions city, Alaska",2014,176
"7132","Port Lions city, Alaska",2015,180
"7133","Port Lions city, Alaska",2016,181
"7134","Port Lions city, Alaska",2017,181
"7135","Port Lions city, Alaska",2018,146
"7136","Port Lions city, Alaska",2019,182
"7137","Port Lions city, Alaska",2020,170
"7138","Port Protection CDP, Alaska",1991,56
"7139","Port Protection CDP, Alaska",1992,48
"7140","Port Protection CDP, Alaska",1993,50
"7141","Port Protection CDP, Alaska",1994,56
"7142","Port Protection CDP, Alaska",1995,59
"7143","Port Protection CDP, Alaska",1996,55
"7144","Port Protection CDP, Alaska",1997,58
"7145","Port Protection CDP, Alaska",1998,52
"7146","Port Protection CDP, Alaska",1999,50
"7147","Port Protection CDP, Alaska",2000,63
"7148","Port Protection CDP, Alaska",2001,63
"7149","Port Protection CDP, Alaska",2002,50
"7150","Port Protection CDP, Alaska",2003,53
"7151","Port Protection CDP, Alaska",2004,44
"7152","Port Protection CDP, Alaska",2005,53
"7153","Port Protection CDP, Alaska",2006,54
"7154","Port Protection CDP, Alaska",2007,52
"7155","Port Protection CDP, Alaska",2008,57
"7156","Port Protection CDP, Alaska",2009,62
"7157","Port Protection CDP, Alaska",2010,48
"7158","Port Protection CDP, Alaska",2011,52
"7159","Port Protection CDP, Alaska",2012,42
"7160","Port Protection CDP, Alaska",2013,57
"7161","Port Protection CDP, Alaska",2014,56
"7162","Port Protection CDP, Alaska",2015,59
"7163","Port Protection CDP, Alaska",2016,59
"7164","Port Protection CDP, Alaska",2017,39
"7165","Port Protection CDP, Alaska",2018,35
"7166","Port Protection CDP, Alaska",2019,33
"7167","Port Protection CDP, Alaska",2020,36
"7168","Portage Creek CDP, Alaska",1991,5
"7169","Portage Creek CDP, Alaska",1992,5
"7170","Portage Creek CDP, Alaska",1993,6
"7171","Portage Creek CDP, Alaska",1994,6
"7172","Portage Creek CDP, Alaska",1995,6
"7173","Portage Creek CDP, Alaska",1996,6
"7174","Portage Creek CDP, Alaska",1997,14
"7175","Portage Creek CDP, Alaska",1998,14
"7176","Portage Creek CDP, Alaska",1999,18
"7177","Portage Creek CDP, Alaska",2000,36
"7178","Portage Creek CDP, Alaska",2001,42
"7179","Portage Creek CDP, Alaska",2002,39
"7180","Portage Creek CDP, Alaska",2003,45
"7181","Portage Creek CDP, Alaska",2004,33
"7182","Portage Creek CDP, Alaska",2005,23
"7183","Portage Creek CDP, Alaska",2006,11
"7184","Portage Creek CDP, Alaska",2007,5
"7185","Portage Creek CDP, Alaska",2008,3
"7186","Portage Creek CDP, Alaska",2009,3
"7187","Portage Creek CDP, Alaska",2010,2
"7188","Portage Creek CDP, Alaska",2011,2
"7189","Portage Creek CDP, Alaska",2012,2
"7190","Portage Creek CDP, Alaska",2013,2
"7191","Portage Creek CDP, Alaska",2014,1
"7192","Portage Creek CDP, Alaska",2015,2
"7193","Portage Creek CDP, Alaska",2016,2
"7194","Portage Creek CDP, Alaska",2017,3
"7195","Portage Creek CDP, Alaska",2018,3
"7196","Portage Creek CDP, Alaska",2019,4
"7197","Portage Creek CDP, Alaska",2020,4
"7198","Primrose CDP, Alaska",1991,63
"7199","Primrose CDP, Alaska",1992,62
"7200","Primrose CDP, Alaska",1993,63
"7201","Primrose CDP, Alaska",1994,62
"7202","Primrose CDP, Alaska",1995,62
"7203","Primrose CDP, Alaska",1996,62
"7204","Primrose CDP, Alaska",1997,62
"7205","Primrose CDP, Alaska",1998,62
"7206","Primrose CDP, Alaska",1999,62
"7207","Primrose CDP, Alaska",2000,93
"7208","Primrose CDP, Alaska",2001,99
"7209","Primrose CDP, Alaska",2002,92
"7210","Primrose CDP, Alaska",2003,88
"7211","Primrose CDP, Alaska",2004,92
"7212","Primrose CDP, Alaska",2005,85
"7213","Primrose CDP, Alaska",2006,83
"7214","Primrose CDP, Alaska",2007,75
"7215","Primrose CDP, Alaska",2008,77
"7216","Primrose CDP, Alaska",2009,66
"7217","Primrose CDP, Alaska",2010,78
"7218","Primrose CDP, Alaska",2011,82
"7219","Primrose CDP, Alaska",2012,85
"7220","Primrose CDP, Alaska",2013,74
"7221","Primrose CDP, Alaska",2014,73
"7222","Primrose CDP, Alaska",2015,65
"7223","Primrose CDP, Alaska",2016,72
"7224","Primrose CDP, Alaska",2017,70
"7225","Primrose CDP, Alaska",2018,66
"7226","Primrose CDP, Alaska",2019,65
"7227","Primrose CDP, Alaska",2020,96
"7228","Prudhoe Bay CDP, Alaska",1991,47
"7229","Prudhoe Bay CDP, Alaska",1992,47
"7230","Prudhoe Bay CDP, Alaska",1993,47
"7231","Prudhoe Bay CDP, Alaska",1994,47
"7232","Prudhoe Bay CDP, Alaska",1995,47
"7233","Prudhoe Bay CDP, Alaska",1996,47
"7234","Prudhoe Bay CDP, Alaska",1997,47
"7235","Prudhoe Bay CDP, Alaska",1998,47
"7236","Prudhoe Bay CDP, Alaska",1999,47
"7237","Prudhoe Bay CDP, Alaska",2000,5
"7238","Prudhoe Bay CDP, Alaska",2001,2
"7239","Prudhoe Bay CDP, Alaska",2002,1
"7240","Prudhoe Bay CDP, Alaska",2003,0
"7241","Prudhoe Bay CDP, Alaska",2004,0
"7242","Prudhoe Bay CDP, Alaska",2005,0
"7243","Prudhoe Bay CDP, Alaska",2006,0
"7244","Prudhoe Bay CDP, Alaska",2007,0
"7245","Prudhoe Bay CDP, Alaska",2008,0
"7246","Prudhoe Bay CDP, Alaska",2009,0
"7247","Prudhoe Bay CDP, Alaska",2010,2174
"7248","Prudhoe Bay CDP, Alaska",2011,2174
"7249","Prudhoe Bay CDP, Alaska",2012,2174
"7250","Prudhoe Bay CDP, Alaska",2013,2174
"7251","Prudhoe Bay CDP, Alaska",2014,2174
"7252","Quinhagak city, Alaska",1991,503
"7253","Quinhagak city, Alaska",1992,541
"7254","Quinhagak city, Alaska",1993,519
"7255","Quinhagak city, Alaska",1994,522
"7256","Quinhagak city, Alaska",1995,544
"7257","Quinhagak city, Alaska",1996,571
"7258","Quinhagak city, Alaska",1997,568
"7259","Quinhagak city, Alaska",1998,602
"7260","Quinhagak city, Alaska",1999,595
"7261","Quinhagak city, Alaska",2000,555
"7262","Quinhagak city, Alaska",2001,544
"7263","Quinhagak city, Alaska",2002,573
"7264","Quinhagak city, Alaska",2003,577
"7265","Quinhagak city, Alaska",2004,614
"7266","Quinhagak city, Alaska",2005,642
"7267","Quinhagak city, Alaska",2006,649
"7268","Quinhagak city, Alaska",2007,640
"7269","Quinhagak city, Alaska",2008,657
"7270","Quinhagak city, Alaska",2009,680
"7271","Quinhagak city, Alaska",2010,669
"7272","Quinhagak city, Alaska",2011,676
"7273","Quinhagak city, Alaska",2012,689
"7274","Quinhagak city, Alaska",2013,690
"7275","Quinhagak city, Alaska",2014,724
"7276","Quinhagak city, Alaska",2015,781
"7277","Quinhagak city, Alaska",2016,776
"7278","Quinhagak city, Alaska",2017,784
"7279","Quinhagak city, Alaska",2018,802
"7280","Quinhagak city, Alaska",2019,778
"7281","Quinhagak city, Alaska",2020,776
"7282","Rampart CDP, Alaska",1991,61
"7283","Rampart CDP, Alaska",1992,67
"7284","Rampart CDP, Alaska",1993,61
"7285","Rampart CDP, Alaska",1994,68
"7286","Rampart CDP, Alaska",1995,76
"7287","Rampart CDP, Alaska",1996,65
"7288","Rampart CDP, Alaska",1997,56
"7289","Rampart CDP, Alaska",1998,63
"7290","Rampart CDP, Alaska",1999,66
"7291","Rampart CDP, Alaska",2000,45
"7292","Rampart CDP, Alaska",2001,27
"7293","Rampart CDP, Alaska",2002,26
"7294","Rampart CDP, Alaska",2003,28
"7295","Rampart CDP, Alaska",2004,29
"7296","Rampart CDP, Alaska",2005,26
"7297","Rampart CDP, Alaska",2006,36
"7298","Rampart CDP, Alaska",2007,32
"7299","Rampart CDP, Alaska",2008,33
"7300","Rampart CDP, Alaska",2009,27
"7301","Rampart CDP, Alaska",2010,24
"7302","Rampart CDP, Alaska",2011,29
"7303","Rampart CDP, Alaska",2012,29
"7304","Rampart CDP, Alaska",2013,32
"7305","Rampart CDP, Alaska",2014,21
"7306","Rampart CDP, Alaska",2015,30
"7307","Rampart CDP, Alaska",2016,48
"7308","Rampart CDP, Alaska",2017,38
"7309","Rampart CDP, Alaska",2018,58
"7310","Rampart CDP, Alaska",2019,63
"7311","Rampart CDP, Alaska",2020,57
"7312","Red Devil CDP, Alaska",1991,49
"7313","Red Devil CDP, Alaska",1992,71
"7314","Red Devil CDP, Alaska",1993,69
"7315","Red Devil CDP, Alaska",1994,76
"7316","Red Devil CDP, Alaska",1995,61
"7317","Red Devil CDP, Alaska",1996,63
"7318","Red Devil CDP, Alaska",1997,49
"7319","Red Devil CDP, Alaska",1998,39
"7320","Red Devil CDP, Alaska",1999,44
"7321","Red Devil CDP, Alaska",2000,48
"7322","Red Devil CDP, Alaska",2001,30
"7323","Red Devil CDP, Alaska",2002,30
"7324","Red Devil CDP, Alaska",2003,37
"7325","Red Devil CDP, Alaska",2004,30
"7326","Red Devil CDP, Alaska",2005,30
"7327","Red Devil CDP, Alaska",2006,24
"7328","Red Devil CDP, Alaska",2007,27
"7329","Red Devil CDP, Alaska",2008,37
"7330","Red Devil CDP, Alaska",2009,33
"7331","Red Devil CDP, Alaska",2010,23
"7332","Red Devil CDP, Alaska",2011,17
"7333","Red Devil CDP, Alaska",2012,19
"7334","Red Devil CDP, Alaska",2013,18
"7335","Red Devil CDP, Alaska",2014,19
"7336","Red Devil CDP, Alaska",2015,13
"7337","Red Devil CDP, Alaska",2016,18
"7338","Red Devil CDP, Alaska",2017,16
"7339","Red Devil CDP, Alaska",2018,21
"7340","Red Devil CDP, Alaska",2019,22
"7341","Red Devil CDP, Alaska",2020,22
"7342","Red Dog Mine CDP, Alaska",2000,32
"7343","Red Dog Mine CDP, Alaska",2001,32
"7344","Red Dog Mine CDP, Alaska",2002,32
"7345","Red Dog Mine CDP, Alaska",2003,32
"7346","Red Dog Mine CDP, Alaska",2004,32
"7347","Red Dog Mine CDP, Alaska",2005,32
"7348","Red Dog Mine CDP, Alaska",2006,32
"7349","Red Dog Mine CDP, Alaska",2007,32
"7350","Red Dog Mine CDP, Alaska",2008,32
"7351","Red Dog Mine CDP, Alaska",2009,32
"7352","Red Dog Mine CDP, Alaska",2010,309
"7353","Red Dog Mine CDP, Alaska",2011,309
"7354","Red Dog Mine CDP, Alaska",2012,309
"7355","Red Dog Mine CDP, Alaska",2013,309
"7356","Red Dog Mine CDP, Alaska",2014,309
"7357","Red Dog Mine CDP, Alaska",2015,312
"7358","Red Dog Mine CDP, Alaska",2016,312
"7359","Red Dog Mine CDP, Alaska",2017,312
"7360","Red Dog Mine CDP, Alaska",2018,311
"7361","Red Dog Mine CDP, Alaska",2019,311
"7362","Red Dog Mine CDP, Alaska",2020,5
"7363","Ridgeway CDP, Alaska",1991,2105
"7364","Ridgeway CDP, Alaska",1992,2145
"7365","Ridgeway CDP, Alaska",1993,2167
"7366","Ridgeway CDP, Alaska",1994,2222
"7367","Ridgeway CDP, Alaska",1995,2560
"7368","Ridgeway CDP, Alaska",1996,2297
"7369","Ridgeway CDP, Alaska",1997,2334
"7370","Ridgeway CDP, Alaska",1998,2375
"7371","Ridgeway CDP, Alaska",1999,2382
"7372","Ridgeway CDP, Alaska",2000,1932
"7373","Ridgeway CDP, Alaska",2001,1967
"7374","Ridgeway CDP, Alaska",2002,1972
"7375","Ridgeway CDP, Alaska",2003,2039
"7376","Ridgeway CDP, Alaska",2004,2081
"7377","Ridgeway CDP, Alaska",2005,2089
"7378","Ridgeway CDP, Alaska",2006,1999
"7379","Ridgeway CDP, Alaska",2007,2009
"7380","Ridgeway CDP, Alaska",2008,2030
"7381","Ridgeway CDP, Alaska",2009,2089
"7382","Ridgeway CDP, Alaska",2010,2022
"7383","Ridgeway CDP, Alaska",2011,2049
"7384","Ridgeway CDP, Alaska",2012,2071
"7385","Ridgeway CDP, Alaska",2013,2105
"7386","Ridgeway CDP, Alaska",2014,2187
"7387","Ruby city, Alaska",1991,158
"7388","Ruby city, Alaska",1992,178
"7389","Ruby city, Alaska",1993,180
"7390","Ruby city, Alaska",1994,186
"7391","Ruby city, Alaska",1995,187
"7392","Ruby city, Alaska",1996,187
"7393","Ruby city, Alaska",1997,194
"7394","Ruby city, Alaska",1998,199
"7395","Ruby city, Alaska",1999,184
"7396","Ruby city, Alaska",2000,188
"7397","Ruby city, Alaska",2001,190
"7398","Ruby city, Alaska",2002,195
"7399","Ruby city, Alaska",2003,171
"7400","Ruby city, Alaska",2004,199
"7401","Ruby city, Alaska",2005,195
"7402","Ruby city, Alaska",2006,184
"7403","Ruby city, Alaska",2007,178
"7404","Ruby city, Alaska",2008,172
"7405","Ruby city, Alaska",2009,162
"7406","Ruby city, Alaska",2010,166
"7407","Ruby city, Alaska",2011,177
"7408","Ruby city, Alaska",2012,185
"7409","Ruby city, Alaska",2013,202
"7410","Ruby city, Alaska",2014,186
"7411","Ruby city, Alaska",2015,188
"7412","Ruby city, Alaska",2016,173
"7413","Ruby city, Alaska",2017,166
"7414","Ruby city, Alaska",2018,162
"7415","Ruby city, Alaska",2019,143
"7416","Ruby city, Alaska",2020,139
"7417","Russian Mission city, Alaska",1991,263
"7418","Russian Mission city, Alaska",1992,260
"7419","Russian Mission city, Alaska",1993,283
"7420","Russian Mission city, Alaska",1994,289
"7421","Russian Mission city, Alaska",1995,296
"7422","Russian Mission city, Alaska",1996,284
"7423","Russian Mission city, Alaska",1997,292
"7424","Russian Mission city, Alaska",1998,297
"7425","Russian Mission city, Alaska",1999,311
"7426","Russian Mission city, Alaska",2000,296
"7427","Russian Mission city, Alaska",2001,309
"7428","Russian Mission city, Alaska",2002,317
"7429","Russian Mission city, Alaska",2003,311
"7430","Russian Mission city, Alaska",2004,313
"7431","Russian Mission city, Alaska",2005,304
"7432","Russian Mission city, Alaska",2006,298
"7433","Russian Mission city, Alaska",2007,296
"7434","Russian Mission city, Alaska",2008,319
"7435","Russian Mission city, Alaska",2009,314
"7436","Russian Mission city, Alaska",2010,312
"7437","Russian Mission city, Alaska",2011,302
"7438","Russian Mission city, Alaska",2012,312
"7439","Russian Mission city, Alaska",2013,312
"7440","Russian Mission city, Alaska",2014,325
"7441","Russian Mission city, Alaska",2015,382
"7442","Russian Mission city, Alaska",2016,388
"7443","Russian Mission city, Alaska",2017,400
"7444","Russian Mission city, Alaska",2018,417
"7445","Russian Mission city, Alaska",2019,440
"7446","Russian Mission city, Alaska",2020,421
"7447","Salamatof CDP, Alaska",1991,1031
"7448","Salamatof CDP, Alaska",1992,970
"7449","Salamatof CDP, Alaska",1993,1011
"7450","Salamatof CDP, Alaska",1994,1026
"7451","Salamatof CDP, Alaska",1995,1075
"7452","Salamatof CDP, Alaska",1996,1007
"7453","Salamatof CDP, Alaska",1997,1130
"7454","Salamatof CDP, Alaska",1998,1123
"7455","Salamatof CDP, Alaska",1999,1122
"7456","Salamatof CDP, Alaska",2000,954
"7457","Salamatof CDP, Alaska",2001,918
"7458","Salamatof CDP, Alaska",2002,924
"7459","Salamatof CDP, Alaska",2003,942
"7460","Salamatof CDP, Alaska",2004,944
"7461","Salamatof CDP, Alaska",2005,941
"7462","Salamatof CDP, Alaska",2006,966
"7463","Salamatof CDP, Alaska",2007,917
"7464","Salamatof CDP, Alaska",2008,929
"7465","Salamatof CDP, Alaska",2009,898
"7466","Salamatof CDP, Alaska",2010,980
"7467","Salamatof CDP, Alaska",2011,1055
"7468","Salamatof CDP, Alaska",2012,1133
"7469","Salamatof CDP, Alaska",2013,1167
"7470","Salamatof CDP, Alaska",2014,1120
"7471","Salcha CDP, Alaska",1991,357
"7472","Salcha CDP, Alaska",1992,370
"7473","Salcha CDP, Alaska",1993,372
"7474","Salcha CDP, Alaska",1994,374
"7475","Salcha CDP, Alaska",1995,368
"7476","Salcha CDP, Alaska",1996,376
"7477","Salcha CDP, Alaska",1997,369
"7478","Salcha CDP, Alaska",1998,388
"7479","Salcha CDP, Alaska",1999,387
"7480","Salcha CDP, Alaska",2000,862
"7481","Salcha CDP, Alaska",2001,921
"7482","Salcha CDP, Alaska",2002,953
"7483","Salcha CDP, Alaska",2003,907
"7484","Salcha CDP, Alaska",2004,975
"7485","Salcha CDP, Alaska",2005,1021
"7486","Salcha CDP, Alaska",2006,1038
"7487","Salcha CDP, Alaska",2007,1101
"7488","Salcha CDP, Alaska",2008,1051
"7489","Salcha CDP, Alaska",2009,1089
"7490","Salcha CDP, Alaska",2010,1095
"7491","Salcha CDP, Alaska",2011,1068
"7492","Salcha CDP, Alaska",2012,1101
"7493","Salcha CDP, Alaska",2013,1041
"7494","Salcha CDP, Alaska",2014,1053
"7495","Salcha CDP, Alaska",2017,998
"7496","Salcha CDP, Alaska",2018,988
"7497","Salcha CDP, Alaska",2019,955
"7498","Salcha CDP, Alaska",2020,977
"7499","Sand Point city, Alaska",1991,858
"7500","Sand Point city, Alaska",1992,870
"7501","Sand Point city, Alaska",1993,870
"7502","Sand Point city, Alaska",1994,870
"7503","Sand Point city, Alaska",1995,829
"7504","Sand Point city, Alaska",1996,818
"7505","Sand Point city, Alaska",1997,855
"7506","Sand Point city, Alaska",1998,817
"7507","Sand Point city, Alaska",1999,842
"7508","Sand Point city, Alaska",2000,952
"7509","Sand Point city, Alaska",2001,921
"7510","Sand Point city, Alaska",2002,920
"7511","Sand Point city, Alaska",2003,957
"7512","Sand Point city, Alaska",2004,918
"7513","Sand Point city, Alaska",2005,945
"7514","Sand Point city, Alaska",2006,892
"7515","Sand Point city, Alaska",2007,1011
"7516","Sand Point city, Alaska",2008,965
"7517","Sand Point city, Alaska",2009,1051
"7518","Sand Point city, Alaska",2010,976
"7519","Sand Point city, Alaska",2011,1014
"7520","Sand Point city, Alaska",2012,983
"7521","Sand Point city, Alaska",2013,1018
"7522","Sand Point city, Alaska",2014,946
"7523","Sand Point city, Alaska",2015,958
"7524","Sand Point city, Alaska",2016,952
"7525","Sand Point city, Alaska",2017,926
"7526","Sand Point city, Alaska",2018,916
"7527","Sand Point city, Alaska",2019,904
"7528","Sand Point city, Alaska",2020,578
"7529","Savoonga city, Alaska",1991,543
"7530","Savoonga city, Alaska",1992,563
"7531","Savoonga city, Alaska",1993,575
"7532","Savoonga city, Alaska",1994,572
"7533","Savoonga city, Alaska",1995,603
"7534","Savoonga city, Alaska",1996,611
"7535","Savoonga city, Alaska",1997,619
"7536","Savoonga city, Alaska",1998,631
"7537","Savoonga city, Alaska",1999,653
"7538","Savoonga city, Alaska",2000,643
"7539","Savoonga city, Alaska",2001,647
"7540","Savoonga city, Alaska",2002,671
"7541","Savoonga city, Alaska",2003,681
"7542","Savoonga city, Alaska",2004,684
"7543","Savoonga city, Alaska",2005,662
"7544","Savoonga city, Alaska",2006,670
"7545","Savoonga city, Alaska",2007,662
"7546","Savoonga city, Alaska",2008,663
"7547","Savoonga city, Alaska",2009,660
"7548","Savoonga city, Alaska",2010,671
"7549","Savoonga city, Alaska",2011,706
"7550","Savoonga city, Alaska",2012,713
"7551","Savoonga city, Alaska",2013,717
"7552","Savoonga city, Alaska",2014,718
"7553","Savoonga city, Alaska",2015,790
"7554","Savoonga city, Alaska",2016,810
"7555","Savoonga city, Alaska",2017,858
"7556","Savoonga city, Alaska",2018,860
"7557","Savoonga city, Alaska",2019,857
"7558","Savoonga city, Alaska",2020,835
"7559","Saxman city, Alaska",1991,379
"7560","Saxman city, Alaska",1992,387
"7561","Saxman city, Alaska",1993,390
"7562","Saxman city, Alaska",1994,389
"7563","Saxman city, Alaska",1995,385
"7564","Saxman city, Alaska",1996,387
"7565","Saxman city, Alaska",1997,379
"7566","Saxman city, Alaska",1998,376
"7567","Saxman city, Alaska",1999,371
"7568","Saxman city, Alaska",2000,431
"7569","Saxman city, Alaska",2001,422
"7570","Saxman city, Alaska",2002,412
"7571","Saxman city, Alaska",2003,421
"7572","Saxman city, Alaska",2004,385
"7573","Saxman city, Alaska",2005,401
"7574","Saxman city, Alaska",2006,416
"7575","Saxman city, Alaska",2007,423
"7576","Saxman city, Alaska",2008,410
"7577","Saxman city, Alaska",2009,420
"7578","Saxman city, Alaska",2010,411
"7579","Saxman city, Alaska",2011,436
"7580","Saxman city, Alaska",2012,432
"7581","Saxman city, Alaska",2013,411
"7582","Saxman city, Alaska",2014,419
"7583","Saxman city, Alaska",2015,409
"7584","Saxman city, Alaska",2016,412
"7585","Saxman city, Alaska",2017,440
"7586","Saxman city, Alaska",2018,413
"7587","Saxman city, Alaska",2019,427
"7588","Saxman city, Alaska",2020,384
"7589","Scammon Bay city, Alaska",1991,379
"7590","Scammon Bay city, Alaska",1992,377
"7591","Scammon Bay city, Alaska",1993,415
"7592","Scammon Bay city, Alaska",1994,433
"7593","Scammon Bay city, Alaska",1995,436
"7594","Scammon Bay city, Alaska",1996,423
"7595","Scammon Bay city, Alaska",1997,455
"7596","Scammon Bay city, Alaska",1998,452
"7597","Scammon Bay city, Alaska",1999,484
"7598","Scammon Bay city, Alaska",2000,465
"7599","Scammon Bay city, Alaska",2001,467
"7600","Scammon Bay city, Alaska",2002,479
"7601","Scammon Bay city, Alaska",2003,449
"7602","Scammon Bay city, Alaska",2004,464
"7603","Scammon Bay city, Alaska",2005,477
"7604","Scammon Bay city, Alaska",2006,483
"7605","Scammon Bay city, Alaska",2007,473
"7606","Scammon Bay city, Alaska",2008,483
"7607","Scammon Bay city, Alaska",2009,474
"7608","Scammon Bay city, Alaska",2010,474
"7609","Scammon Bay city, Alaska",2011,502
"7610","Scammon Bay city, Alaska",2012,536
"7611","Scammon Bay city, Alaska",2013,517
"7612","Scammon Bay city, Alaska",2014,528
"7613","Scammon Bay city, Alaska",2015,569
"7614","Scammon Bay city, Alaska",2016,579
"7615","Scammon Bay city, Alaska",2017,582
"7616","Scammon Bay city, Alaska",2018,605
"7617","Scammon Bay city, Alaska",2019,601
"7618","Scammon Bay city, Alaska",2020,600
"7619","Selawik city, Alaska",1991,593
"7620","Selawik city, Alaska",1992,640
"7621","Selawik city, Alaska",1993,651
"7622","Selawik city, Alaska",1994,654
"7623","Selawik city, Alaska",1995,638
"7624","Selawik city, Alaska",1996,670
"7625","Selawik city, Alaska",1997,697
"7626","Selawik city, Alaska",1998,742
"7627","Selawik city, Alaska",1999,767
"7628","Selawik city, Alaska",2000,772
"7629","Selawik city, Alaska",2001,773
"7630","Selawik city, Alaska",2002,774
"7631","Selawik city, Alaska",2003,810
"7632","Selawik city, Alaska",2004,821
"7633","Selawik city, Alaska",2005,816
"7634","Selawik city, Alaska",2006,824
"7635","Selawik city, Alaska",2007,808
"7636","Selawik city, Alaska",2008,823
"7637","Selawik city, Alaska",2009,825
"7638","Selawik city, Alaska",2010,829
"7639","Selawik city, Alaska",2011,861
"7640","Selawik city, Alaska",2012,856
"7641","Selawik city, Alaska",2013,872
"7642","Selawik city, Alaska",2014,876
"7643","Selawik city, Alaska",2015,878
"7644","Selawik city, Alaska",2016,852
"7645","Selawik city, Alaska",2017,863
"7646","Selawik city, Alaska",2018,841
"7647","Selawik city, Alaska",2019,829
"7648","Selawik city, Alaska",2020,809
"7649","Seldovia Village CDP, Alaska",2000,144
"7650","Seldovia Village CDP, Alaska",2001,147
"7651","Seldovia Village CDP, Alaska",2002,159
"7652","Seldovia Village CDP, Alaska",2003,150
"7653","Seldovia Village CDP, Alaska",2004,156
"7654","Seldovia Village CDP, Alaska",2005,149
"7655","Seldovia Village CDP, Alaska",2006,161
"7656","Seldovia Village CDP, Alaska",2007,158
"7657","Seldovia Village CDP, Alaska",2008,161
"7658","Seldovia Village CDP, Alaska",2009,161
"7659","Seldovia Village CDP, Alaska",2010,165
"7660","Seldovia Village CDP, Alaska",2011,162
"7661","Seldovia Village CDP, Alaska",2012,159
"7662","Seldovia Village CDP, Alaska",2013,150
"7663","Seldovia Village CDP, Alaska",2014,170
"7664","Seldovia Village CDP, Alaska",2015,172
"7665","Seldovia Village CDP, Alaska",2016,182
"7666","Seldovia Village CDP, Alaska",2017,187
"7667","Seldovia Village CDP, Alaska",2018,188
"7668","Seldovia Village CDP, Alaska",2019,193
"7669","Seldovia Village CDP, Alaska",2020,199
"7670","Seldovia city, Alaska",1991,299
"7671","Seldovia city, Alaska",1992,293
"7672","Seldovia city, Alaska",1993,286
"7673","Seldovia city, Alaska",1994,279
"7674","Seldovia city, Alaska",1995,278
"7675","Seldovia city, Alaska",1996,276
"7676","Seldovia city, Alaska",1997,279
"7677","Seldovia city, Alaska",1998,281
"7678","Seldovia city, Alaska",1999,284
"7679","Seldovia city, Alaska",2000,286
"7680","Seldovia city, Alaska",2001,290
"7681","Seldovia city, Alaska",2002,293
"7682","Seldovia city, Alaska",2003,289
"7683","Seldovia city, Alaska",2004,276
"7684","Seldovia city, Alaska",2005,253
"7685","Seldovia city, Alaska",2006,265
"7686","Seldovia city, Alaska",2007,279
"7687","Seldovia city, Alaska",2008,273
"7688","Seldovia city, Alaska",2009,263
"7689","Seldovia city, Alaska",2010,255
"7690","Seldovia city, Alaska",2011,248
"7691","Seldovia city, Alaska",2012,242
"7692","Seldovia city, Alaska",2013,245
"7693","Seldovia city, Alaska",2014,233
"7694","Seldovia city, Alaska",2015,240
"7695","Seldovia city, Alaska",2016,226
"7696","Seldovia city, Alaska",2017,242
"7697","Seldovia city, Alaska",2018,249
"7698","Seldovia city, Alaska",2019,261
"7699","Seldovia city, Alaska",2020,235
"7700","Seward city, Alaska",1991,2856
"7701","Seward city, Alaska",1992,2878
"7702","Seward city, Alaska",1993,2886
"7703","Seward city, Alaska",1994,2965
"7704","Seward city, Alaska",1995,2917
"7705","Seward city, Alaska",1996,2891
"7706","Seward city, Alaska",1997,2996
"7707","Seward city, Alaska",1998,3028
"7708","Seward city, Alaska",1999,3010
"7709","Seward city, Alaska",2000,2830
"7710","Seward city, Alaska",2001,2768
"7711","Seward city, Alaska",2002,2763
"7712","Seward city, Alaska",2003,2776
"7713","Seward city, Alaska",2004,2577
"7714","Seward city, Alaska",2005,2639
"7715","Seward city, Alaska",2006,2639
"7716","Seward city, Alaska",2007,2698
"7717","Seward city, Alaska",2008,2603
"7718","Seward city, Alaska",2009,2673
"7719","Seward city, Alaska",2010,2693
"7720","Seward city, Alaska",2011,2746
"7721","Seward city, Alaska",2012,2754
"7722","Seward city, Alaska",2013,2489
"7723","Seward city, Alaska",2014,2768
"7724","Shageluk city, Alaska",1991,143
"7725","Shageluk city, Alaska",1992,163
"7726","Shageluk city, Alaska",1993,158
"7727","Shageluk city, Alaska",1994,161
"7728","Shageluk city, Alaska",1995,145
"7729","Shageluk city, Alaska",1996,141
"7730","Shageluk city, Alaska",1997,145
"7731","Shageluk city, Alaska",1998,148
"7732","Shageluk city, Alaska",1999,140
"7733","Shageluk city, Alaska",2000,129
"7734","Shageluk city, Alaska",2001,144
"7735","Shageluk city, Alaska",2002,140
"7736","Shageluk city, Alaska",2003,139
"7737","Shageluk city, Alaska",2004,128
"7738","Shageluk city, Alaska",2005,125
"7739","Shageluk city, Alaska",2006,119
"7740","Shageluk city, Alaska",2007,112
"7741","Shageluk city, Alaska",2008,96
"7742","Shageluk city, Alaska",2009,91
"7743","Shageluk city, Alaska",2010,83
"7744","Shageluk city, Alaska",2011,85
"7745","Shageluk city, Alaska",2012,69
"7746","Shageluk city, Alaska",2013,76
"7747","Shageluk city, Alaska",2014,79
"7748","Shageluk city, Alaska",2015,78
"7749","Shageluk city, Alaska",2016,86
"7750","Shageluk city, Alaska",2017,85
"7751","Shageluk city, Alaska",2018,97
"7752","Shageluk city, Alaska",2019,106
"7753","Shageluk city, Alaska",2020,100
"7754","Shaktoolik city, Alaska",1991,188
"7755","Shaktoolik city, Alaska",1992,195
"7756","Shaktoolik city, Alaska",1993,196
"7757","Shaktoolik city, Alaska",1994,208
"7758","Shaktoolik city, Alaska",1995,204
"7759","Shaktoolik city, Alaska",1996,226
"7760","Shaktoolik city, Alaska",1997,224
"7761","Shaktoolik city, Alaska",1998,224
"7762","Shaktoolik city, Alaska",1999,218
"7763","Shaktoolik city, Alaska",2000,230
"7764","Shaktoolik city, Alaska",2001,211
"7765","Shaktoolik city, Alaska",2002,221
"7766","Shaktoolik city, Alaska",2003,228
"7767","Shaktoolik city, Alaska",2004,216
"7768","Shaktoolik city, Alaska",2005,231
"7769","Shaktoolik city, Alaska",2006,222
"7770","Shaktoolik city, Alaska",2007,223
"7771","Shaktoolik city, Alaska",2008,234
"7772","Shaktoolik city, Alaska",2009,245
"7773","Shaktoolik city, Alaska",2010,251
"7774","Shaktoolik city, Alaska",2011,257
"7775","Shaktoolik city, Alaska",2012,276
"7776","Shaktoolik city, Alaska",2013,272
"7777","Shaktoolik city, Alaska",2014,282
"7778","Shaktoolik city, Alaska",2015,243
"7779","Shaktoolik city, Alaska",2016,243
"7780","Shaktoolik city, Alaska",2017,236
"7781","Shaktoolik city, Alaska",2018,227
"7782","Shaktoolik city, Alaska",2019,219
"7783","Shaktoolik city, Alaska",2020,212
"7784","Sheldon Point (Nunam Iqua) city, Alaska",1991,101
"7785","Sheldon Point (Nunam Iqua) city, Alaska",1992,122
"7786","Sheldon Point (Nunam Iqua) city, Alaska",1993,128
"7787","Sheldon Point (Nunam Iqua) city, Alaska",1994,131
"7788","Sheldon Point (Nunam Iqua) city, Alaska",1995,133
"7789","Sheldon Point (Nunam Iqua) city, Alaska",1996,141
"7790","Sheldon Point (Nunam Iqua) city, Alaska",1997,148
"7791","Sheldon Point (Nunam Iqua) city, Alaska",1998,154
"7792","Sheldon Point (Nunam Iqua) city, Alaska",1999,149
"7793","Sheldon Point (Nunam Iqua) city, Alaska",2000,164
"7794","Sheldon Point (Nunam Iqua) city, Alaska",2001,162
"7795","Sheldon Point (Nunam Iqua) city, Alaska",2002,163
"7796","Sheldon Point (Nunam Iqua) city, Alaska",2003,176
"7797","Sheldon Point (Nunam Iqua) city, Alaska",2004,178
"7798","Sheldon Point (Nunam Iqua) city, Alaska",2005,166
"7799","Sheldon Point (Nunam Iqua) city, Alaska",2006,173
"7800","Sheldon Point (Nunam Iqua) city, Alaska",2007,170
"7801","Sheldon Point (Nunam Iqua) city, Alaska",2008,179
"7802","Sheldon Point (Nunam Iqua) city, Alaska",2009,183
"7803","Sheldon Point (Nunam Iqua) city, Alaska",2010,187
"7804","Sheldon Point (Nunam Iqua) city, Alaska",2011,192
"7805","Sheldon Point (Nunam Iqua) city, Alaska",2012,185
"7806","Sheldon Point (Nunam Iqua) city, Alaska",2013,211
"7807","Sheldon Point (Nunam Iqua) city, Alaska",2014,181
"7808","Shishmaref city, Alaska",1991,465
"7809","Shishmaref city, Alaska",1992,498
"7810","Shishmaref city, Alaska",1993,525
"7811","Shishmaref city, Alaska",1994,532
"7812","Shishmaref city, Alaska",1995,537
"7813","Shishmaref city, Alaska",1996,535
"7814","Shishmaref city, Alaska",1997,539
"7815","Shishmaref city, Alaska",1998,538
"7816","Shishmaref city, Alaska",1999,556
"7817","Shishmaref city, Alaska",2000,562
"7818","Shishmaref city, Alaska",2001,580
"7819","Shishmaref city, Alaska",2002,578
"7820","Shishmaref city, Alaska",2003,577
"7821","Shishmaref city, Alaska",2004,573
"7822","Shishmaref city, Alaska",2005,556
"7823","Shishmaref city, Alaska",2006,584
"7824","Shishmaref city, Alaska",2007,569
"7825","Shishmaref city, Alaska",2008,543
"7826","Shishmaref city, Alaska",2009,559
"7827","Shishmaref city, Alaska",2010,563
"7828","Shishmaref city, Alaska",2011,572
"7829","Shishmaref city, Alaska",2012,580
"7830","Shishmaref city, Alaska",2013,597
"7831","Shishmaref city, Alaska",2014,607
"7832","Shishmaref city, Alaska",2015,568
"7833","Shishmaref city, Alaska",2016,583
"7834","Shishmaref city, Alaska",2017,549
"7835","Shishmaref city, Alaska",2018,589
"7836","Shishmaref city, Alaska",2019,569
"7837","Shishmaref city, Alaska",2020,576
"7838","Shungnak city, Alaska",1991,220
"7839","Shungnak city, Alaska",1992,233
"7840","Shungnak city, Alaska",1993,239
"7841","Shungnak city, Alaska",1994,241
"7842","Shungnak city, Alaska",1995,243
"7843","Shungnak city, Alaska",1996,250
"7844","Shungnak city, Alaska",1997,250
"7845","Shungnak city, Alaska",1998,259
"7846","Shungnak city, Alaska",1999,255
"7847","Shungnak city, Alaska",2000,256
"7848","Shungnak city, Alaska",2001,244
"7849","Shungnak city, Alaska",2002,247
"7850","Shungnak city, Alaska",2003,259
"7851","Shungnak city, Alaska",2004,261
"7852","Shungnak city, Alaska",2005,253
"7853","Shungnak city, Alaska",2006,253
"7854","Shungnak city, Alaska",2007,260
"7855","Shungnak city, Alaska",2008,261
"7856","Shungnak city, Alaska",2009,260
"7857","Shungnak city, Alaska",2010,262
"7858","Shungnak city, Alaska",2011,264
"7859","Shungnak city, Alaska",2012,269
"7860","Shungnak city, Alaska",2013,295
"7861","Shungnak city, Alaska",2014,308
"7862","Shungnak city, Alaska",2015,298
"7863","Shungnak city, Alaska",2016,309
"7864","Shungnak city, Alaska",2017,303
"7865","Shungnak city, Alaska",2018,284
"7866","Shungnak city, Alaska",2019,262
"7867","Shungnak city, Alaska",2020,272
"7868","Silver Springs CDP, Alaska",2000,130
"7869","Silver Springs CDP, Alaska",2001,131
"7870","Silver Springs CDP, Alaska",2002,103
"7871","Silver Springs CDP, Alaska",2003,96
"7872","Silver Springs CDP, Alaska",2004,87
"7873","Silver Springs CDP, Alaska",2005,81
"7874","Silver Springs CDP, Alaska",2006,110
"7875","Silver Springs CDP, Alaska",2007,119
"7876","Silver Springs CDP, Alaska",2008,130
"7877","Silver Springs CDP, Alaska",2009,118
"7878","Silver Springs CDP, Alaska",2010,114
"7879","Silver Springs CDP, Alaska",2011,109
"7880","Silver Springs CDP, Alaska",2012,115
"7881","Silver Springs CDP, Alaska",2013,114
"7882","Silver Springs CDP, Alaska",2014,117
"7883","Silver Springs CDP, Alaska",2015,121
"7884","Silver Springs CDP, Alaska",2016,110
"7885","Silver Springs CDP, Alaska",2017,114
"7886","Silver Springs CDP, Alaska",2018,107
"7887","Silver Springs CDP, Alaska",2019,105
"7888","Silver Springs CDP, Alaska",2020,111
"7889","Sitka city and borough, Alaska",1991,8878
"7890","Sitka city and borough, Alaska",1992,9059
"7891","Sitka city and borough, Alaska",1993,9083
"7892","Sitka city and borough, Alaska",1994,8941
"7893","Sitka city and borough, Alaska",1995,8868
"7894","Sitka city and borough, Alaska",1996,8650
"7895","Sitka city and borough, Alaska",1997,8708
"7896","Sitka city and borough, Alaska",1998,8722
"7897","Sitka city and borough, Alaska",1999,8681
"7898","Sitka city and borough, Alaska",2000,8835
"7899","Sitka city and borough, Alaska",2001,8737
"7900","Sitka city and borough, Alaska",2002,8812
"7901","Sitka city and borough, Alaska",2003,8918
"7902","Sitka city and borough, Alaska",2004,8860
"7903","Sitka city and borough, Alaska",2005,8990
"7904","Sitka city and borough, Alaska",2006,9043
"7905","Sitka city and borough, Alaska",2007,8678
"7906","Sitka city and borough, Alaska",2008,8698
"7907","Sitka city and borough, Alaska",2009,8730
"7908","Sitka city and borough, Alaska",2010,8881
"7909","Sitka city and borough, Alaska",2011,9023
"7910","Sitka city and borough, Alaska",2012,9084
"7911","Sitka city and borough, Alaska",2013,9034
"7912","Sitka city and borough, Alaska",2014,9061
"7913","Skagway CDP, Alaska",1991,726
"7914","Skagway CDP, Alaska",1992,758
"7915","Skagway CDP, Alaska",1993,786
"7916","Skagway CDP, Alaska",1994,798
"7917","Skagway CDP, Alaska",1995,775
"7918","Skagway CDP, Alaska",1996,778
"7919","Skagway CDP, Alaska",1997,815
"7920","Skagway CDP, Alaska",1998,811
"7921","Skagway CDP, Alaska",1999,825
"7922","Skagway CDP, Alaska",2000,811
"7923","Skagway CDP, Alaska",2001,796
"7924","Skagway CDP, Alaska",2002,808
"7925","Skagway CDP, Alaska",2003,813
"7926","Skagway CDP, Alaska",2004,851
"7927","Skagway CDP, Alaska",2005,818
"7928","Skagway CDP, Alaska",2006,847
"7929","Skagway CDP, Alaska",2007,840
"7930","Skagway CDP, Alaska",2008,850
"7931","Skagway CDP, Alaska",2009,881
"7932","Skagway CDP, Alaska",2010,920
"7933","Skagway CDP, Alaska",2011,916
"7934","Skagway CDP, Alaska",2012,911
"7935","Skagway CDP, Alaska",2013,926
"7936","Skagway CDP, Alaska",2014,967
"7937","Skwentna CDP, Alaska",1991,94
"7938","Skwentna CDP, Alaska",1992,109
"7939","Skwentna CDP, Alaska",1993,105
"7940","Skwentna CDP, Alaska",1994,99
"7941","Skwentna CDP, Alaska",1995,88
"7942","Skwentna CDP, Alaska",1996,82
"7943","Skwentna CDP, Alaska",1997,78
"7944","Skwentna CDP, Alaska",1998,80
"7945","Skwentna CDP, Alaska",1999,72
"7946","Skwentna CDP, Alaska",2000,111
"7947","Skwentna CDP, Alaska",2001,87
"7948","Skwentna CDP, Alaska",2002,76
"7949","Skwentna CDP, Alaska",2003,76
"7950","Skwentna CDP, Alaska",2004,62
"7951","Skwentna CDP, Alaska",2005,53
"7952","Skwentna CDP, Alaska",2006,48
"7953","Skwentna CDP, Alaska",2007,51
"7954","Skwentna CDP, Alaska",2008,45
"7955","Skwentna CDP, Alaska",2009,39
"7956","Skwentna CDP, Alaska",2010,37
"7957","Skwentna CDP, Alaska",2011,31
"7958","Skwentna CDP, Alaska",2012,35
"7959","Skwentna CDP, Alaska",2013,33
"7960","Skwentna CDP, Alaska",2014,33
"7961","Skwentna CDP, Alaska",2015,53
"7962","Skwentna CDP, Alaska",2016,57
"7963","Skwentna CDP, Alaska",2017,62
"7964","Skwentna CDP, Alaska",2018,67
"7965","Skwentna CDP, Alaska",2019,62
"7966","Skwentna CDP, Alaska",2020,62
"7967","Slana CDP, Alaska",1991,67
"7968","Slana CDP, Alaska",1992,66
"7969","Slana CDP, Alaska",1993,65
"7970","Slana CDP, Alaska",1994,62
"7971","Slana CDP, Alaska",1995,60
"7972","Slana CDP, Alaska",1996,60
"7973","Slana CDP, Alaska",1997,58
"7974","Slana CDP, Alaska",1998,57
"7975","Slana CDP, Alaska",1999,55
"7976","Slana CDP, Alaska",2000,124
"7977","Slana CDP, Alaska",2001,112
"7978","Slana CDP, Alaska",2002,124
"7979","Slana CDP, Alaska",2003,138
"7980","Slana CDP, Alaska",2004,131
"7981","Slana CDP, Alaska",2005,127
"7982","Slana CDP, Alaska",2006,111
"7983","Slana CDP, Alaska",2007,130
"7984","Slana CDP, Alaska",2008,145
"7985","Slana CDP, Alaska",2009,141
"7986","Slana CDP, Alaska",2010,147
"7987","Slana CDP, Alaska",2011,148
"7988","Slana CDP, Alaska",2012,156
"7989","Slana CDP, Alaska",2013,138
"7990","Slana CDP, Alaska",2014,149
"7991","Slana CDP, Alaska",2015,134
"7992","Slana CDP, Alaska",2016,130
"7993","Slana CDP, Alaska",2017,135
"7994","Slana CDP, Alaska",2018,130
"7995","Slana CDP, Alaska",2019,140
"7996","Slana CDP, Alaska",2020,116
"7997","Sleetmute CDP, Alaska",1991,100
"7998","Sleetmute CDP, Alaska",1992,103
"7999","Sleetmute CDP, Alaska",1993,117
"8000","Sleetmute CDP, Alaska",1994,115
"8001","Sleetmute CDP, Alaska",1995,112
"8002","Sleetmute CDP, Alaska",1996,110
"8003","Sleetmute CDP, Alaska",1997,102
"8004","Sleetmute CDP, Alaska",1998,105
"8005","Sleetmute CDP, Alaska",1999,103
"8006","Sleetmute CDP, Alaska",2000,100
"8007","Sleetmute CDP, Alaska",2001,98
"8008","Sleetmute CDP, Alaska",2002,95
"8009","Sleetmute CDP, Alaska",2003,74
"8010","Sleetmute CDP, Alaska",2004,82
"8011","Sleetmute CDP, Alaska",2005,96
"8012","Sleetmute CDP, Alaska",2006,91
"8013","Sleetmute CDP, Alaska",2007,80
"8014","Sleetmute CDP, Alaska",2008,75
"8015","Sleetmute CDP, Alaska",2009,77
"8016","Sleetmute CDP, Alaska",2010,86
"8017","Sleetmute CDP, Alaska",2011,94
"8018","Sleetmute CDP, Alaska",2012,84
"8019","Sleetmute CDP, Alaska",2013,102
"8020","Sleetmute CDP, Alaska",2014,99
"8021","Sleetmute CDP, Alaska",2015,105
"8022","Sleetmute CDP, Alaska",2016,100
"8023","Sleetmute CDP, Alaska",2017,99
"8024","Sleetmute CDP, Alaska",2018,91
"8025","Sleetmute CDP, Alaska",2019,101
"8026","Sleetmute CDP, Alaska",2020,95
"8027","Soldotna city, Alaska",1991,3632
"8028","Soldotna city, Alaska",1992,3698
"8029","Soldotna city, Alaska",1993,3739
"8030","Soldotna city, Alaska",1994,3835
"8031","Soldotna city, Alaska",1995,3921
"8032","Soldotna city, Alaska",1996,3973
"8033","Soldotna city, Alaska",1997,4039
"8034","Soldotna city, Alaska",1998,4127
"8035","Soldotna city, Alaska",1999,4140
"8036","Soldotna city, Alaska",2000,3750
"8037","Soldotna city, Alaska",2001,3821
"8038","Soldotna city, Alaska",2002,3891
"8039","Soldotna city, Alaska",2003,4090
"8040","Soldotna city, Alaska",2004,3881
"8041","Soldotna city, Alaska",2005,3927
"8042","Soldotna city, Alaska",2006,3907
"8043","Soldotna city, Alaska",2007,4065
"8044","Soldotna city, Alaska",2008,4100
"8045","Soldotna city, Alaska",2009,4246
"8046","Soldotna city, Alaska",2010,4163
"8047","Soldotna city, Alaska",2011,4295
"8048","Soldotna city, Alaska",2012,4299
"8049","Soldotna city, Alaska",2013,4280
"8050","Soldotna city, Alaska",2014,4311
"8051","South Naknek CDP, Alaska",1991,147
"8052","South Naknek CDP, Alaska",1992,153
"8053","South Naknek CDP, Alaska",1993,141
"8054","South Naknek CDP, Alaska",1994,154
"8055","South Naknek CDP, Alaska",1995,148
"8056","South Naknek CDP, Alaska",1996,155
"8057","South Naknek CDP, Alaska",1997,148
"8058","South Naknek CDP, Alaska",1998,147
"8059","South Naknek CDP, Alaska",1999,132
"8060","South Naknek CDP, Alaska",2000,137
"8061","South Naknek CDP, Alaska",2001,130
"8062","South Naknek CDP, Alaska",2002,130
"8063","South Naknek CDP, Alaska",2003,115
"8064","South Naknek CDP, Alaska",2004,104
"8065","South Naknek CDP, Alaska",2005,93
"8066","South Naknek CDP, Alaska",2006,95
"8067","South Naknek CDP, Alaska",2007,87
"8068","South Naknek CDP, Alaska",2008,93
"8069","South Naknek CDP, Alaska",2009,96
"8070","South Naknek CDP, Alaska",2010,79
"8071","South Naknek CDP, Alaska",2011,76
"8072","South Naknek CDP, Alaska",2012,80
"8073","South Naknek CDP, Alaska",2013,75
"8074","South Naknek CDP, Alaska",2014,84
"8075","South Naknek CDP, Alaska",2015,67
"8076","South Naknek CDP, Alaska",2016,57
"8077","South Naknek CDP, Alaska",2017,66
"8078","South Naknek CDP, Alaska",2018,79
"8079","South Naknek CDP, Alaska",2019,68
"8080","South Naknek CDP, Alaska",2020,67
"8081","South Van Horn CDP, Alaska",2010,558
"8082","South Van Horn CDP, Alaska",2011,568
"8083","South Van Horn CDP, Alaska",2012,559
"8084","South Van Horn CDP, Alaska",2013,567
"8085","South Van Horn CDP, Alaska",2014,565
"8086","South Van Horn CDP, Alaska",2015,517
"8087","South Van Horn CDP, Alaska",2016,570
"8088","South Van Horn CDP, Alaska",2017,555
"8089","South Van Horn CDP, Alaska",2018,555
"8090","South Van Horn CDP, Alaska",2019,541
"8091","South Van Horn CDP, Alaska",2020,503
"8092","St. George city, Alaska",1991,135
"8093","St. George city, Alaska",1992,144
"8094","St. George city, Alaska",1993,148
"8095","St. George city, Alaska",1994,154
"8096","St. George city, Alaska",1995,149
"8097","St. George city, Alaska",1996,155
"8098","St. George city, Alaska",1997,154
"8099","St. George city, Alaska",1998,143
"8100","St. George city, Alaska",1999,143
"8101","St. George city, Alaska",2000,152
"8102","St. George city, Alaska",2001,143
"8103","St. George city, Alaska",2002,142
"8104","St. George city, Alaska",2003,139
"8105","St. George city, Alaska",2004,127
"8106","St. George city, Alaska",2005,117
"8107","St. George city, Alaska",2006,107
"8108","St. George city, Alaska",2007,102
"8109","St. George city, Alaska",2008,99
"8110","St. George city, Alaska",2009,97
"8111","St. George city, Alaska",2010,102
"8112","St. George city, Alaska",2011,96
"8113","St. George city, Alaska",2012,86
"8114","St. George city, Alaska",2013,97
"8115","St. George city, Alaska",2014,92
"8116","St. George city, Alaska",2015,89
"8117","St. George city, Alaska",2016,81
"8118","St. George city, Alaska",2017,80
"8119","St. George city, Alaska",2018,77
"8120","St. George city, Alaska",2019,68
"8121","St. George city, Alaska",2020,67
"8122","St. Mary's city, Alaska",1991,446
"8123","St. Mary's city, Alaska",1992,468
"8124","St. Mary's city, Alaska",1993,474
"8125","St. Mary's city, Alaska",1994,480
"8126","St. Mary's city, Alaska",1995,475
"8127","St. Mary's city, Alaska",1996,500
"8128","St. Mary's city, Alaska",1997,505
"8129","St. Mary's city, Alaska",1998,489
"8130","St. Mary's city, Alaska",1999,475
"8131","St. Mary's city, Alaska",2000,500
"8132","St. Mary's city, Alaska",2001,511
"8133","St. Mary's city, Alaska",2002,544
"8134","St. Mary's city, Alaska",2003,578
"8135","St. Mary's city, Alaska",2004,534
"8136","St. Mary's city, Alaska",2005,558
"8137","St. Mary's city, Alaska",2006,535
"8138","St. Mary's city, Alaska",2007,513
"8139","St. Mary's city, Alaska",2008,529
"8140","St. Mary's city, Alaska",2009,548
"8141","St. Mary's city, Alaska",2010,507
"8142","St. Mary's city, Alaska",2011,554
"8143","St. Mary's city, Alaska",2013,542
"8144","St. Mary's city, Alaska",2014,550
"8145","St. Mary's city, Alaska",2015,578
"8146","St. Mary's city, Alaska",2016,603
"8147","St. Mary's city, Alaska",2017,590
"8148","St. Mary's city, Alaska",2018,596
"8149","St. Mary's city, Alaska",2019,587
"8150","St. Mary's city, Alaska",2020,599
"8151","St. Michael city, Alaska",1991,298
"8152","St. Michael city, Alaska",1992,314
"8153","St. Michael city, Alaska",1993,298
"8154","St. Michael city, Alaska",1994,324
"8155","St. Michael city, Alaska",1995,324
"8156","St. Michael city, Alaska",1996,333
"8157","St. Michael city, Alaska",1997,337
"8158","St. Michael city, Alaska",1998,363
"8159","St. Michael city, Alaska",1999,381
"8160","St. Michael city, Alaska",2000,368
"8161","St. Michael city, Alaska",2001,372
"8162","St. Michael city, Alaska",2002,381
"8163","St. Michael city, Alaska",2003,400
"8164","St. Michael city, Alaska",2004,394
"8165","St. Michael city, Alaska",2005,405
"8166","St. Michael city, Alaska",2006,419
"8167","St. Michael city, Alaska",2007,413
"8168","St. Michael city, Alaska",2008,398
"8169","St. Michael city, Alaska",2009,407
"8170","St. Michael city, Alaska",2010,401
"8171","St. Michael city, Alaska",2011,407
"8172","St. Michael city, Alaska",2012,404
"8173","St. Michael city, Alaska",2013,412
"8174","St. Michael city, Alaska",2014,418
"8175","St. Michael city, Alaska",2015,470
"8176","St. Michael city, Alaska",2016,468
"8177","St. Michael city, Alaska",2017,446
"8178","St. Michael city, Alaska",2018,461
"8179","St. Michael city, Alaska",2019,464
"8180","St. Michael city, Alaska",2020,456
"8181","St. Paul city, Alaska",1991,678
"8182","St. Paul city, Alaska",1992,714
"8183","St. Paul city, Alaska",1993,703
"8184","St. Paul city, Alaska",1994,756
"8185","St. Paul city, Alaska",1995,757
"8186","St. Paul city, Alaska",1996,745
"8187","St. Paul city, Alaska",1997,758
"8188","St. Paul city, Alaska",1998,736
"8189","St. Paul city, Alaska",1999,673
"8190","St. Paul city, Alaska",2000,532
"8191","St. Paul city, Alaska",2001,522
"8192","St. Paul city, Alaska",2002,526
"8193","St. Paul city, Alaska",2003,524
"8194","St. Paul city, Alaska",2004,475
"8195","St. Paul city, Alaska",2005,469
"8196","St. Paul city, Alaska",2006,448
"8197","St. Paul city, Alaska",2007,428
"8198","St. Paul city, Alaska",2008,432
"8199","St. Paul city, Alaska",2009,439
"8200","St. Paul city, Alaska",2010,479
"8201","St. Paul city, Alaska",2011,466
"8202","St. Paul city, Alaska",2012,453
"8203","St. Paul city, Alaska",2013,453
"8204","St. Paul city, Alaska",2014,436
"8205","St. Paul city, Alaska",2015,436
"8206","St. Paul city, Alaska",2016,408
"8207","St. Paul city, Alaska",2017,402
"8208","St. Paul city, Alaska",2018,401
"8209","St. Paul city, Alaska",2019,401
"8210","St. Paul city, Alaska",2020,413
"8211","Stebbins city, Alaska",1991,434
"8212","Stebbins city, Alaska",1992,455
"8213","Stebbins city, Alaska",1993,460
"8214","Stebbins city, Alaska",1994,462
"8215","Stebbins city, Alaska",1995,477
"8216","Stebbins city, Alaska",1996,503
"8217","Stebbins city, Alaska",1997,512
"8218","Stebbins city, Alaska",1998,550
"8219","Stebbins city, Alaska",1999,524
"8220","Stebbins city, Alaska",2000,547
"8221","Stebbins city, Alaska",2001,595
"8222","Stebbins city, Alaska",2002,580
"8223","Stebbins city, Alaska",2003,559
"8224","Stebbins city, Alaska",2004,575
"8225","Stebbins city, Alaska",2005,579
"8226","Stebbins city, Alaska",2006,591
"8227","Stebbins city, Alaska",2007,572
"8228","Stebbins city, Alaska",2008,549
"8229","Stebbins city, Alaska",2009,574
"8230","Stebbins city, Alaska",2010,556
"8231","Stebbins city, Alaska",2011,581
"8232","Stebbins city, Alaska",2012,566
"8233","Stebbins city, Alaska",2013,592
"8234","Stebbins city, Alaska",2014,608
"8235","Stebbins city, Alaska",2015,633
"8236","Stebbins city, Alaska",2016,646
"8237","Stebbins city, Alaska",2017,664
"8238","Stebbins city, Alaska",2018,667
"8239","Stebbins city, Alaska",2019,644
"8240","Stebbins city, Alaska",2020,634
"8241","Steele Creek CDP, Alaska",2010,6662
"8242","Steele Creek CDP, Alaska",2011,6713
"8243","Steele Creek CDP, Alaska",2012,6791
"8244","Steele Creek CDP, Alaska",2013,6786
"8245","Steele Creek CDP, Alaska",2014,6819
"8246","Sterling CDP, Alaska",1991,3941
"8247","Sterling CDP, Alaska",1992,4507
"8248","Sterling CDP, Alaska",1993,4408
"8249","Sterling CDP, Alaska",1994,4629
"8250","Sterling CDP, Alaska",1995,4934
"8251","Sterling CDP, Alaska",1996,5383
"8252","Sterling CDP, Alaska",1997,5677
"8253","Sterling CDP, Alaska",1998,5878
"8254","Sterling CDP, Alaska",1999,6138
"8255","Sterling CDP, Alaska",2000,4705
"8256","Sterling CDP, Alaska",2001,4777
"8257","Sterling CDP, Alaska",2002,4804
"8258","Sterling CDP, Alaska",2003,4947
"8259","Sterling CDP, Alaska",2004,5005
"8260","Sterling CDP, Alaska",2005,5088
"8261","Sterling CDP, Alaska",2006,5173
"8262","Sterling CDP, Alaska",2007,5256
"8263","Sterling CDP, Alaska",2008,5298
"8264","Sterling CDP, Alaska",2009,5519
"8265","Sterling CDP, Alaska",2010,5617
"8266","Sterling CDP, Alaska",2011,5801
"8267","Sterling CDP, Alaska",2012,5690
"8268","Sterling CDP, Alaska",2013,5789
"8269","Sterling CDP, Alaska",2014,5869
"8270","Stevens Village CDP, Alaska",1991,94
"8271","Stevens Village CDP, Alaska",1992,87
"8272","Stevens Village CDP, Alaska",1993,92
"8273","Stevens Village CDP, Alaska",1994,96
"8274","Stevens Village CDP, Alaska",1995,93
"8275","Stevens Village CDP, Alaska",1996,116
"8276","Stevens Village CDP, Alaska",1997,97
"8277","Stevens Village CDP, Alaska",1998,100
"8278","Stevens Village CDP, Alaska",1999,92
"8279","Stevens Village CDP, Alaska",2000,87
"8280","Stevens Village CDP, Alaska",2001,76
"8281","Stevens Village CDP, Alaska",2002,90
"8282","Stevens Village CDP, Alaska",2003,91
"8283","Stevens Village CDP, Alaska",2004,87
"8284","Stevens Village CDP, Alaska",2005,78
"8285","Stevens Village CDP, Alaska",2006,77
"8286","Stevens Village CDP, Alaska",2007,89
"8287","Stevens Village CDP, Alaska",2008,75
"8288","Stevens Village CDP, Alaska",2009,86
"8289","Stevens Village CDP, Alaska",2010,78
"8290","Stevens Village CDP, Alaska",2011,74
"8291","Stevens Village CDP, Alaska",2012,67
"8292","Stevens Village CDP, Alaska",2013,65
"8293","Stevens Village CDP, Alaska",2014,46
"8294","Stevens Village CDP, Alaska",2015,42
"8295","Stevens Village CDP, Alaska",2016,44
"8296","Stevens Village CDP, Alaska",2017,55
"8297","Stevens Village CDP, Alaska",2018,50
"8298","Stevens Village CDP, Alaska",2019,50
"8299","Stevens Village CDP, Alaska",2020,37
"8300","Stony River CDP, Alaska",1991,48
"8301","Stony River CDP, Alaska",1992,46
"8302","Stony River CDP, Alaska",1993,49
"8303","Stony River CDP, Alaska",1994,48
"8304","Stony River CDP, Alaska",1995,42
"8305","Stony River CDP, Alaska",1996,43
"8306","Stony River CDP, Alaska",1997,42
"8307","Stony River CDP, Alaska",1998,36
"8308","Stony River CDP, Alaska",1999,35
"8309","Stony River CDP, Alaska",2000,61
"8310","Stony River CDP, Alaska",2001,55
"8311","Stony River CDP, Alaska",2002,57
"8312","Stony River CDP, Alaska",2003,48
"8313","Stony River CDP, Alaska",2004,54
"8314","Stony River CDP, Alaska",2005,42
"8315","Stony River CDP, Alaska",2006,52
"8316","Stony River CDP, Alaska",2007,41
"8317","Stony River CDP, Alaska",2008,50
"8318","Stony River CDP, Alaska",2009,47
"8319","Stony River CDP, Alaska",2010,54
"8320","Stony River CDP, Alaska",2011,46
"8321","Stony River CDP, Alaska",2012,42
"8322","Stony River CDP, Alaska",2013,40
"8323","Stony River CDP, Alaska",2014,34
"8324","Stony River CDP, Alaska",2015,46
"8325","Stony River CDP, Alaska",2016,53
"8326","Stony River CDP, Alaska",2017,48
"8327","Stony River CDP, Alaska",2018,59
"8328","Stony River CDP, Alaska",2019,57
"8329","Stony River CDP, Alaska",2020,57
"8330","Sunrise CDP, Alaska",2000,18
"8331","Sunrise CDP, Alaska",2001,15
"8332","Sunrise CDP, Alaska",2002,13
"8333","Sunrise CDP, Alaska",2003,14
"8334","Sunrise CDP, Alaska",2004,17
"8335","Sunrise CDP, Alaska",2005,20
"8336","Sunrise CDP, Alaska",2006,18
"8337","Sunrise CDP, Alaska",2007,17
"8338","Sunrise CDP, Alaska",2008,17
"8339","Sunrise CDP, Alaska",2009,14
"8340","Sunrise CDP, Alaska",2010,18
"8341","Sunrise CDP, Alaska",2011,14
"8342","Sunrise CDP, Alaska",2012,13
"8343","Sunrise CDP, Alaska",2013,10
"8344","Sunrise CDP, Alaska",2014,9
"8345","Sunrise CDP, Alaska",2015,12
"8346","Sunrise CDP, Alaska",2016,14
"8347","Sunrise CDP, Alaska",2017,14
"8348","Sunrise CDP, Alaska",2018,14
"8349","Sunrise CDP, Alaska",2019,17
"8350","Sunrise CDP, Alaska",2020,15
"8351","Susitna CDP, Alaska",2000,37
"8352","Susitna CDP, Alaska",2001,41
"8353","Susitna CDP, Alaska",2002,38
"8354","Susitna CDP, Alaska",2003,41
"8355","Susitna CDP, Alaska",2004,35
"8356","Susitna CDP, Alaska",2005,26
"8357","Susitna CDP, Alaska",2006,28
"8358","Susitna CDP, Alaska",2007,30
"8359","Susitna CDP, Alaska",2008,28
"8360","Susitna CDP, Alaska",2009,20
"8361","Susitna CDP, Alaska",2010,18
"8362","Susitna CDP, Alaska",2011,17
"8363","Susitna CDP, Alaska",2012,16
"8364","Susitna CDP, Alaska",2013,13
"8365","Susitna CDP, Alaska",2014,17
"8366","Susitna CDP, Alaska",2015,16
"8367","Susitna CDP, Alaska",2016,14
"8368","Susitna CDP, Alaska",2017,13
"8369","Susitna CDP, Alaska",2018,13
"8370","Susitna CDP, Alaska",2019,14
"8371","Susitna CDP, Alaska",2020,11
"8372","Susitna North CDP, Alaska",2000,985
"8373","Susitna North CDP, Alaska",2001,1036
"8374","Susitna North CDP, Alaska",2002,1046
"8375","Susitna North CDP, Alaska",2003,1100
"8376","Susitna North CDP, Alaska",2004,1149
"8377","Susitna North CDP, Alaska",2005,1209
"8378","Susitna North CDP, Alaska",2006,1194
"8379","Susitna North CDP, Alaska",2007,1184
"8380","Susitna North CDP, Alaska",2008,1200
"8381","Susitna North CDP, Alaska",2009,1251
"8382","Susitna North CDP, Alaska",2010,1260
"8383","Susitna North CDP, Alaska",2011,1330
"8384","Susitna North CDP, Alaska",2012,1376
"8385","Susitna North CDP, Alaska",2013,1380
"8386","Susitna North CDP, Alaska",2014,1379
"8387","Sutton-Alpine CDP, Alaska",1991,330
"8388","Sutton-Alpine CDP, Alaska",1992,346
"8389","Sutton-Alpine CDP, Alaska",1993,340
"8390","Sutton-Alpine CDP, Alaska",1994,328
"8391","Sutton-Alpine CDP, Alaska",1995,329
"8392","Sutton-Alpine CDP, Alaska",1996,380
"8393","Sutton-Alpine CDP, Alaska",1997,431
"8394","Sutton-Alpine CDP, Alaska",1998,460
"8395","Sutton-Alpine CDP, Alaska",1999,470
"8396","Sutton-Alpine CDP, Alaska",2000,1080
"8397","Sutton-Alpine CDP, Alaska",2001,1104
"8398","Sutton-Alpine CDP, Alaska",2002,1129
"8399","Sutton-Alpine CDP, Alaska",2003,1142
"8400","Sutton-Alpine CDP, Alaska",2004,1138
"8401","Sutton-Alpine CDP, Alaska",2005,1220
"8402","Sutton-Alpine CDP, Alaska",2006,1235
"8403","Sutton-Alpine CDP, Alaska",2007,1261
"8404","Sutton-Alpine CDP, Alaska",2008,1233
"8405","Sutton-Alpine CDP, Alaska",2009,1334
"8406","Sutton-Alpine CDP, Alaska",2010,1447
"8407","Sutton-Alpine CDP, Alaska",2011,1475
"8408","Sutton-Alpine CDP, Alaska",2012,1427
"8409","Sutton-Alpine CDP, Alaska",2013,1427
"8410","Sutton-Alpine CDP, Alaska",2014,1403
"8411","Takotna CDP, Alaska",1991,31
"8412","Takotna CDP, Alaska",1992,42
"8413","Takotna CDP, Alaska",1993,47
"8414","Takotna CDP, Alaska",1994,53
"8415","Takotna CDP, Alaska",1995,52
"8416","Takotna CDP, Alaska",1996,48
"8417","Takotna CDP, Alaska",1997,63
"8418","Takotna CDP, Alaska",1998,55
"8419","Takotna CDP, Alaska",1999,48
"8420","Takotna CDP, Alaska",2000,50
"8421","Takotna CDP, Alaska",2001,56
"8422","Takotna CDP, Alaska",2002,54
"8423","Takotna CDP, Alaska",2003,62
"8424","Takotna CDP, Alaska",2004,46
"8425","Takotna CDP, Alaska",2005,42
"8426","Takotna CDP, Alaska",2006,50
"8427","Takotna CDP, Alaska",2007,48
"8428","Takotna CDP, Alaska",2008,47
"8429","Takotna CDP, Alaska",2009,55
"8430","Takotna CDP, Alaska",2010,52
"8431","Takotna CDP, Alaska",2011,51
"8432","Takotna CDP, Alaska",2012,53
"8433","Takotna CDP, Alaska",2013,56
"8434","Takotna CDP, Alaska",2014,62
"8435","Takotna CDP, Alaska",2015,58
"8436","Takotna CDP, Alaska",2016,58
"8437","Takotna CDP, Alaska",2017,54
"8438","Takotna CDP, Alaska",2018,63
"8439","Takotna CDP, Alaska",2019,68
"8440","Takotna CDP, Alaska",2020,56
"8441","Talkeetna CDP, Alaska",1991,264
"8442","Talkeetna CDP, Alaska",1992,293
"8443","Talkeetna CDP, Alaska",1993,308
"8444","Talkeetna CDP, Alaska",1994,311
"8445","Talkeetna CDP, Alaska",1995,317
"8446","Talkeetna CDP, Alaska",1996,334
"8447","Talkeetna CDP, Alaska",1997,345
"8448","Talkeetna CDP, Alaska",1998,359
"8449","Talkeetna CDP, Alaska",1999,363
"8450","Talkeetna CDP, Alaska",2000,731
"8451","Talkeetna CDP, Alaska",2001,756
"8452","Talkeetna CDP, Alaska",2002,825
"8453","Talkeetna CDP, Alaska",2003,815
"8454","Talkeetna CDP, Alaska",2004,808
"8455","Talkeetna CDP, Alaska",2005,822
"8456","Talkeetna CDP, Alaska",2006,799
"8457","Talkeetna CDP, Alaska",2007,799
"8458","Talkeetna CDP, Alaska",2008,823
"8459","Talkeetna CDP, Alaska",2009,863
"8460","Talkeetna CDP, Alaska",2010,876
"8461","Talkeetna CDP, Alaska",2011,894
"8462","Talkeetna CDP, Alaska",2012,894
"8463","Talkeetna CDP, Alaska",2013,859
"8464","Talkeetna CDP, Alaska",2014,850
"8465","Talkeetna CDP, Alaska",2015,951
"8466","Talkeetna CDP, Alaska",2016,986
"8467","Talkeetna CDP, Alaska",2017,996
"8468","Tanacross CDP, Alaska",1991,104
"8469","Tanacross CDP, Alaska",1992,96
"8470","Tanacross CDP, Alaska",1993,80
"8471","Tanacross CDP, Alaska",1994,82
"8472","Tanacross CDP, Alaska",1995,86
"8473","Tanacross CDP, Alaska",1996,76
"8474","Tanacross CDP, Alaska",1997,84
"8475","Tanacross CDP, Alaska",1998,86
"8476","Tanacross CDP, Alaska",1999,86
"8477","Tanacross CDP, Alaska",2000,140
"8478","Tanacross CDP, Alaska",2001,133
"8479","Tanacross CDP, Alaska",2002,134
"8480","Tanacross CDP, Alaska",2003,126
"8481","Tanacross CDP, Alaska",2004,112
"8482","Tanacross CDP, Alaska",2005,117
"8483","Tanacross CDP, Alaska",2006,110
"8484","Tanacross CDP, Alaska",2007,133
"8485","Tanacross CDP, Alaska",2008,129
"8486","Tanacross CDP, Alaska",2009,138
"8487","Tanacross CDP, Alaska",2010,136
"8488","Tanacross CDP, Alaska",2011,132
"8489","Tanacross CDP, Alaska",2012,130
"8490","Tanacross CDP, Alaska",2013,137
"8491","Tanacross CDP, Alaska",2014,110
"8492","Tanacross CDP, Alaska",2015,121
"8493","Tanacross CDP, Alaska",2016,126
"8494","Tanacross CDP, Alaska",2017,126
"8495","Tanacross CDP, Alaska",2018,137
"8496","Tanacross CDP, Alaska",2019,121
"8497","Tanacross CDP, Alaska",2020,144
"8498","Tanaina CDP, Alaska",2000,5056
"8499","Tanaina CDP, Alaska",2001,5367
"8500","Tanaina CDP, Alaska",2002,5743
"8501","Tanaina CDP, Alaska",2003,6043
"8502","Tanaina CDP, Alaska",2004,6528
"8503","Tanaina CDP, Alaska",2005,6915
"8504","Tanaina CDP, Alaska",2006,7347
"8505","Tanaina CDP, Alaska",2007,7510
"8506","Tanaina CDP, Alaska",2008,7681
"8507","Tanaina CDP, Alaska",2009,7910
"8508","Tanaina CDP, Alaska",2010,8197
"8509","Tanaina CDP, Alaska",2011,8473
"8510","Tanaina CDP, Alaska",2012,8623
"8511","Tanaina CDP, Alaska",2013,8859
"8512","Tanaina CDP, Alaska",2014,8869
"8513","Tanana city, Alaska",1991,357
"8514","Tanana city, Alaska",1992,353
"8515","Tanana city, Alaska",1993,344
"8516","Tanana city, Alaska",1994,324
"8517","Tanana city, Alaska",1995,302
"8518","Tanana city, Alaska",1996,292
"8519","Tanana city, Alaska",1997,300
"8520","Tanana city, Alaska",1998,312
"8521","Tanana city, Alaska",1999,301
"8522","Tanana city, Alaska",2000,308
"8523","Tanana city, Alaska",2001,302
"8524","Tanana city, Alaska",2002,271
"8525","Tanana city, Alaska",2003,279
"8526","Tanana city, Alaska",2004,299
"8527","Tanana city, Alaska",2005,277
"8528","Tanana city, Alaska",2006,253
"8529","Tanana city, Alaska",2007,249
"8530","Tanana city, Alaska",2008,242
"8531","Tanana city, Alaska",2009,242
"8532","Tanana city, Alaska",2010,246
"8533","Tanana city, Alaska",2011,230
"8534","Tanana city, Alaska",2012,233
"8535","Tanana city, Alaska",2013,238
"8536","Tanana city, Alaska",2014,229
"8537","Tanana city, Alaska",2015,245
"8538","Tanana city, Alaska",2016,259
"8539","Tanana city, Alaska",2017,266
"8540","Tanana city, Alaska",2018,244
"8541","Tanana city, Alaska",2019,267
"8542","Tanana city, Alaska",2020,246
"8543","Tatitlek CDP, Alaska",1991,108
"8544","Tatitlek CDP, Alaska",1992,115
"8545","Tatitlek CDP, Alaska",1993,127
"8546","Tatitlek CDP, Alaska",1994,116
"8547","Tatitlek CDP, Alaska",1995,123
"8548","Tatitlek CDP, Alaska",1996,124
"8549","Tatitlek CDP, Alaska",1997,98
"8550","Tatitlek CDP, Alaska",1998,111
"8551","Tatitlek CDP, Alaska",1999,105
"8552","Tatitlek CDP, Alaska",2000,107
"8553","Tatitlek CDP, Alaska",2001,100
"8554","Tatitlek CDP, Alaska",2002,109
"8555","Tatitlek CDP, Alaska",2003,112
"8556","Tatitlek CDP, Alaska",2004,115
"8557","Tatitlek CDP, Alaska",2005,110
"8558","Tatitlek CDP, Alaska",2006,127
"8559","Tatitlek CDP, Alaska",2007,120
"8560","Tatitlek CDP, Alaska",2008,112
"8561","Tatitlek CDP, Alaska",2009,92
"8562","Tatitlek CDP, Alaska",2010,88
"8563","Tatitlek CDP, Alaska",2011,94
"8564","Tatitlek CDP, Alaska",2012,83
"8565","Tatitlek CDP, Alaska",2013,87
"8566","Tatitlek CDP, Alaska",2014,98
"8567","Tatitlek CDP, Alaska",2015,94
"8568","Tatitlek CDP, Alaska",2016,85
"8569","Tatitlek CDP, Alaska",2017,90
"8570","Tatitlek CDP, Alaska",2018,86
"8571","Tatitlek CDP, Alaska",2019,93
"8572","Tatitlek CDP, Alaska",2020,90
"8573","Tazlina CDP, Alaska",2000,328
"8574","Tazlina CDP, Alaska",2001,171
"8575","Tazlina CDP, Alaska",2002,195
"8576","Tazlina CDP, Alaska",2003,214
"8577","Tazlina CDP, Alaska",2004,206
"8578","Tazlina CDP, Alaska",2005,238
"8579","Tazlina CDP, Alaska",2006,240
"8580","Tazlina CDP, Alaska",2007,291
"8581","Tazlina CDP, Alaska",2008,290
"8582","Tazlina CDP, Alaska",2009,294
"8583","Tazlina CDP, Alaska",2010,297
"8584","Tazlina CDP, Alaska",2011,304
"8585","Tazlina CDP, Alaska",2012,287
"8586","Tazlina CDP, Alaska",2013,295
"8587","Tazlina CDP, Alaska",2014,270
"8588","Tazlina CDP, Alaska",2015,257
"8589","Tazlina CDP, Alaska",2016,258
"8590","Tazlina CDP, Alaska",2017,259
"8591","Tazlina CDP, Alaska",2018,257
"8592","Tazlina CDP, Alaska",2019,264
"8593","Tazlina CDP, Alaska",2020,244
"8594","Teller city, Alaska",1991,256
"8595","Teller city, Alaska",1992,263
"8596","Teller city, Alaska",1993,268
"8597","Teller city, Alaska",1994,261
"8598","Teller city, Alaska",1995,272
"8599","Teller city, Alaska",1996,283
"8600","Teller city, Alaska",1997,262
"8601","Teller city, Alaska",1998,264
"8602","Teller city, Alaska",1999,266
"8603","Teller city, Alaska",2000,268
"8604","Teller city, Alaska",2001,238
"8605","Teller city, Alaska",2002,245
"8606","Teller city, Alaska",2003,239
"8607","Teller city, Alaska",2004,238
"8608","Teller city, Alaska",2005,258
"8609","Teller city, Alaska",2006,252
"8610","Teller city, Alaska",2007,249
"8611","Teller city, Alaska",2008,251
"8612","Teller city, Alaska",2009,253
"8613","Teller city, Alaska",2010,229
"8614","Teller city, Alaska",2011,243
"8615","Teller city, Alaska",2012,250
"8616","Teller city, Alaska",2013,241
"8617","Teller city, Alaska",2014,256
"8618","Teller city, Alaska",2015,268
"8619","Teller city, Alaska",2016,267
"8620","Teller city, Alaska",2017,257
"8621","Teller city, Alaska",2018,246
"8622","Teller city, Alaska",2019,246
"8623","Teller city, Alaska",2020,249
"8624","Tenakee Springs city, Alaska",1991,97
"8625","Tenakee Springs city, Alaska",1992,100
"8626","Tenakee Springs city, Alaska",1993,101
"8627","Tenakee Springs city, Alaska",1994,97
"8628","Tenakee Springs city, Alaska",1995,106
"8629","Tenakee Springs city, Alaska",1996,113
"8630","Tenakee Springs city, Alaska",1997,100
"8631","Tenakee Springs city, Alaska",1998,99
"8632","Tenakee Springs city, Alaska",1999,93
"8633","Tenakee Springs city, Alaska",2000,104
"8634","Tenakee Springs city, Alaska",2001,103
"8635","Tenakee Springs city, Alaska",2002,99
"8636","Tenakee Springs city, Alaska",2003,107
"8637","Tenakee Springs city, Alaska",2004,110
"8638","Tenakee Springs city, Alaska",2005,106
"8639","Tenakee Springs city, Alaska",2006,116
"8640","Tenakee Springs city, Alaska",2007,117
"8641","Tenakee Springs city, Alaska",2008,118
"8642","Tenakee Springs city, Alaska",2009,129
"8643","Tenakee Springs city, Alaska",2010,131
"8644","Tenakee Springs city, Alaska",2011,144
"8645","Tenakee Springs city, Alaska",2012,152
"8646","Tenakee Springs city, Alaska",2013,140
"8647","Tenakee Springs city, Alaska",2014,128
"8648","Tenakee Springs city, Alaska",2015,141
"8649","Tenakee Springs city, Alaska",2016,139
"8650","Tenakee Springs city, Alaska",2017,134
"8651","Tenakee Springs city, Alaska",2018,142
"8652","Tenakee Springs city, Alaska",2019,139
"8653","Tenakee Springs city, Alaska",2020,116
"8654","Tetlin CDP, Alaska",1991,82
"8655","Tetlin CDP, Alaska",1992,83
"8656","Tetlin CDP, Alaska",1993,93
"8657","Tetlin CDP, Alaska",1994,91
"8658","Tetlin CDP, Alaska",1995,73
"8659","Tetlin CDP, Alaska",1996,82
"8660","Tetlin CDP, Alaska",1997,69
"8661","Tetlin CDP, Alaska",1998,72
"8662","Tetlin CDP, Alaska",1999,89
"8663","Tetlin CDP, Alaska",2000,117
"8664","Tetlin CDP, Alaska",2001,134
"8665","Tetlin CDP, Alaska",2002,133
"8666","Tetlin CDP, Alaska",2003,134
"8667","Tetlin CDP, Alaska",2004,135
"8668","Tetlin CDP, Alaska",2005,151
"8669","Tetlin CDP, Alaska",2006,120
"8670","Tetlin CDP, Alaska",2007,137
"8671","Tetlin CDP, Alaska",2008,140
"8672","Tetlin CDP, Alaska",2009,126
"8673","Tetlin CDP, Alaska",2010,127
"8674","Tetlin CDP, Alaska",2011,115
"8675","Tetlin CDP, Alaska",2012,118
"8676","Tetlin CDP, Alaska",2013,112
"8677","Tetlin CDP, Alaska",2014,131
"8678","Tetlin CDP, Alaska",2015,133
"8679","Tetlin CDP, Alaska",2016,127
"8680","Tetlin CDP, Alaska",2017,125
"8681","Tetlin CDP, Alaska",2018,140
"8682","Tetlin CDP, Alaska",2019,144
"8683","Tetlin CDP, Alaska",2020,126
"8684","Thorne Bay city, Alaska",1991,564
"8685","Thorne Bay city, Alaska",1992,604
"8686","Thorne Bay city, Alaska",1993,623
"8687","Thorne Bay city, Alaska",1994,622
"8688","Thorne Bay city, Alaska",1995,622
"8689","Thorne Bay city, Alaska",1996,627
"8690","Thorne Bay city, Alaska",1997,628
"8691","Thorne Bay city, Alaska",1998,588
"8692","Thorne Bay city, Alaska",1999,582
"8693","Thorne Bay city, Alaska",2000,557
"8694","Thorne Bay city, Alaska",2001,520
"8695","Thorne Bay city, Alaska",2002,499
"8696","Thorne Bay city, Alaska",2003,481
"8697","Thorne Bay city, Alaska",2004,507
"8698","Thorne Bay city, Alaska",2005,496
"8699","Thorne Bay city, Alaska",2006,495
"8700","Thorne Bay city, Alaska",2007,480
"8701","Thorne Bay city, Alaska",2008,452
"8702","Thorne Bay city, Alaska",2009,442
"8703","Thorne Bay city, Alaska",2010,471
"8704","Thorne Bay city, Alaska",2011,492
"8705","Thorne Bay city, Alaska",2012,508
"8706","Thorne Bay city, Alaska",2013,518
"8707","Thorne Bay city, Alaska",2014,530
"8708","Thorne Bay city, Alaska",2015,493
"8709","Thorne Bay city, Alaska",2016,511
"8710","Thorne Bay city, Alaska",2017,514
"8711","Thorne Bay city, Alaska",2018,497
"8712","Thorne Bay city, Alaska",2019,532
"8713","Thorne Bay city, Alaska",2020,476
"8714","Togiak city, Alaska",1991,610
"8715","Togiak city, Alaska",1992,641
"8716","Togiak city, Alaska",1993,670
"8717","Togiak city, Alaska",1994,657
"8718","Togiak city, Alaska",1995,703
"8719","Togiak city, Alaska",1996,736
"8720","Togiak city, Alaska",1997,760
"8721","Togiak city, Alaska",1998,799
"8722","Togiak city, Alaska",1999,841
"8723","Togiak city, Alaska",2000,809
"8724","Togiak city, Alaska",2001,784
"8725","Togiak city, Alaska",2002,804
"8726","Togiak city, Alaska",2003,815
"8727","Togiak city, Alaska",2004,797
"8728","Togiak city, Alaska",2005,774
"8729","Togiak city, Alaska",2006,775
"8730","Togiak city, Alaska",2007,774
"8731","Togiak city, Alaska",2008,788
"8732","Togiak city, Alaska",2009,808
"8733","Togiak city, Alaska",2010,817
"8734","Togiak city, Alaska",2011,845
"8735","Togiak city, Alaska",2012,871
"8736","Togiak city, Alaska",2013,877
"8737","Togiak city, Alaska",2014,876
"8738","Togiak city, Alaska",2015,866
"8739","Togiak city, Alaska",2016,867
"8740","Togiak city, Alaska",2017,841
"8741","Togiak city, Alaska",2018,860
"8742","Togiak city, Alaska",2019,833
"8743","Togiak city, Alaska",2020,817
"8744","Tok CDP, Alaska",1991,1034
"8745","Tok CDP, Alaska",1992,1112
"8746","Tok CDP, Alaska",1993,1121
"8747","Tok CDP, Alaska",1994,1136
"8748","Tok CDP, Alaska",1995,1186
"8749","Tok CDP, Alaska",1996,1205
"8750","Tok CDP, Alaska",1997,1202
"8751","Tok CDP, Alaska",1998,1217
"8752","Tok CDP, Alaska",1999,1235
"8753","Tok CDP, Alaska",2000,1393
"8754","Tok CDP, Alaska",2001,1391
"8755","Tok CDP, Alaska",2002,1398
"8756","Tok CDP, Alaska",2003,1361
"8757","Tok CDP, Alaska",2004,1311
"8758","Tok CDP, Alaska",2005,1285
"8759","Tok CDP, Alaska",2006,1160
"8760","Tok CDP, Alaska",2007,1242
"8761","Tok CDP, Alaska",2008,1186
"8762","Tok CDP, Alaska",2009,1218
"8763","Tok CDP, Alaska",2010,1258
"8764","Tok CDP, Alaska",2011,1277
"8765","Tok CDP, Alaska",2012,1278
"8766","Tok CDP, Alaska",2013,1264
"8767","Tok CDP, Alaska",2014,1246
"8768","Toksook Bay city, Alaska",1991,444
"8769","Toksook Bay city, Alaska",1992,463
"8770","Toksook Bay city, Alaska",1993,462
"8771","Toksook Bay city, Alaska",1994,485
"8772","Toksook Bay city, Alaska",1995,487
"8773","Toksook Bay city, Alaska",1996,485
"8774","Toksook Bay city, Alaska",1997,500
"8775","Toksook Bay city, Alaska",1998,508
"8776","Toksook Bay city, Alaska",1999,513
"8777","Toksook Bay city, Alaska",2000,532
"8778","Toksook Bay city, Alaska",2001,547
"8779","Toksook Bay city, Alaska",2002,550
"8780","Toksook Bay city, Alaska",2003,572
"8781","Toksook Bay city, Alaska",2004,564
"8782","Toksook Bay city, Alaska",2005,598
"8783","Toksook Bay city, Alaska",2006,603
"8784","Toksook Bay city, Alaska",2007,611
"8785","Toksook Bay city, Alaska",2008,606
"8786","Toksook Bay city, Alaska",2009,601
"8787","Toksook Bay city, Alaska",2010,590
"8788","Toksook Bay city, Alaska",2011,597
"8789","Toksook Bay city, Alaska",2012,638
"8790","Toksook Bay city, Alaska",2013,629
"8791","Toksook Bay city, Alaska",2014,623
"8792","Toksook Bay city, Alaska",2015,611
"8793","Toksook Bay city, Alaska",2016,643
"8794","Toksook Bay city, Alaska",2017,658
"8795","Toksook Bay city, Alaska",2018,662
"8796","Toksook Bay city, Alaska",2019,646
"8797","Toksook Bay city, Alaska",2020,658
"8798","Tolsona CDP, Alaska",2000,27
"8799","Tolsona CDP, Alaska",2001,32
"8800","Tolsona CDP, Alaska",2002,29
"8801","Tolsona CDP, Alaska",2003,29
"8802","Tolsona CDP, Alaska",2004,26
"8803","Tolsona CDP, Alaska",2005,22
"8804","Tolsona CDP, Alaska",2006,27
"8805","Tolsona CDP, Alaska",2007,32
"8806","Tolsona CDP, Alaska",2008,31
"8807","Tolsona CDP, Alaska",2009,31
"8808","Tolsona CDP, Alaska",2010,30
"8809","Tolsona CDP, Alaska",2011,29
"8810","Tolsona CDP, Alaska",2012,32
"8811","Tolsona CDP, Alaska",2013,33
"8812","Tolsona CDP, Alaska",2014,32
"8813","Tolsona CDP, Alaska",2015,17
"8814","Tolsona CDP, Alaska",2016,13
"8815","Tolsona CDP, Alaska",2017,14
"8816","Tolsona CDP, Alaska",2018,13
"8817","Tolsona CDP, Alaska",2019,13
"8818","Tolsona CDP, Alaska",2020,12
"8819","Tonsina CDP, Alaska",1991,38
"8820","Tonsina CDP, Alaska",1992,40
"8821","Tonsina CDP, Alaska",1993,41
"8822","Tonsina CDP, Alaska",1994,42
"8823","Tonsina CDP, Alaska",1995,42
"8824","Tonsina CDP, Alaska",1996,45
"8825","Tonsina CDP, Alaska",1997,45
"8826","Tonsina CDP, Alaska",1998,44
"8827","Tonsina CDP, Alaska",1999,47
"8828","Tonsina CDP, Alaska",2000,92
"8829","Tonsina CDP, Alaska",2001,103
"8830","Tonsina CDP, Alaska",2002,96
"8831","Tonsina CDP, Alaska",2003,110
"8832","Tonsina CDP, Alaska",2004,85
"8833","Tonsina CDP, Alaska",2005,93
"8834","Tonsina CDP, Alaska",2006,87
"8835","Tonsina CDP, Alaska",2007,72
"8836","Tonsina CDP, Alaska",2008,71
"8837","Tonsina CDP, Alaska",2009,73
"8838","Tonsina CDP, Alaska",2010,78
"8839","Tonsina CDP, Alaska",2011,89
"8840","Tonsina CDP, Alaska",2012,89
"8841","Tonsina CDP, Alaska",2013,86
"8842","Tonsina CDP, Alaska",2014,85
"8843","Tonsina CDP, Alaska",2015,70
"8844","Tonsina CDP, Alaska",2016,63
"8845","Tonsina CDP, Alaska",2017,66
"8846","Tonsina CDP, Alaska",2018,61
"8847","Tonsina CDP, Alaska",2019,58
"8848","Tonsina CDP, Alaska",2020,55
"8849","Trapper Creek CDP, Alaska",1991,280
"8850","Trapper Creek CDP, Alaska",1992,293
"8851","Trapper Creek CDP, Alaska",1993,279
"8852","Trapper Creek CDP, Alaska",1994,305
"8853","Trapper Creek CDP, Alaska",1995,299
"8854","Trapper Creek CDP, Alaska",1996,304
"8855","Trapper Creek CDP, Alaska",1997,315
"8856","Trapper Creek CDP, Alaska",1998,339
"8857","Trapper Creek CDP, Alaska",1999,344
"8858","Trapper Creek CDP, Alaska",2000,423
"8859","Trapper Creek CDP, Alaska",2001,409
"8860","Trapper Creek CDP, Alaska",2002,411
"8861","Trapper Creek CDP, Alaska",2003,436
"8862","Trapper Creek CDP, Alaska",2004,454
"8863","Trapper Creek CDP, Alaska",2005,458
"8864","Trapper Creek CDP, Alaska",2006,436
"8865","Trapper Creek CDP, Alaska",2007,443
"8866","Trapper Creek CDP, Alaska",2008,432
"8867","Trapper Creek CDP, Alaska",2009,478
"8868","Trapper Creek CDP, Alaska",2010,481
"8869","Trapper Creek CDP, Alaska",2011,486
"8870","Trapper Creek CDP, Alaska",2012,475
"8871","Trapper Creek CDP, Alaska",2013,474
"8872","Trapper Creek CDP, Alaska",2014,472
"8873","Trapper Creek CDP, Alaska",2015,514
"8874","Trapper Creek CDP, Alaska",2016,533
"8875","Trapper Creek CDP, Alaska",2017,481
"8876","Trapper Creek CDP, Alaska",2018,503
"8877","Trapper Creek CDP, Alaska",2019,521
"8878","Trapper Creek CDP, Alaska",2020,499
"8879","Tuluksak CDP, Alaska",1991,372
"8880","Tuluksak CDP, Alaska",1992,375
"8881","Tuluksak CDP, Alaska",1993,374
"8882","Tuluksak CDP, Alaska",1994,374
"8883","Tuluksak CDP, Alaska",1995,387
"8884","Tuluksak CDP, Alaska",1996,404
"8885","Tuluksak CDP, Alaska",1997,389
"8886","Tuluksak CDP, Alaska",1998,419
"8887","Tuluksak CDP, Alaska",1999,443
"8888","Tuluksak CDP, Alaska",2000,428
"8889","Tuluksak CDP, Alaska",2001,423
"8890","Tuluksak CDP, Alaska",2002,435
"8891","Tuluksak CDP, Alaska",2003,421
"8892","Tuluksak CDP, Alaska",2004,419
"8893","Tuluksak CDP, Alaska",2005,404
"8894","Tuluksak CDP, Alaska",2006,411
"8895","Tuluksak CDP, Alaska",2007,397
"8896","Tuluksak CDP, Alaska",2008,397
"8897","Tuluksak CDP, Alaska",2009,365
"8898","Tuluksak CDP, Alaska",2010,373
"8899","Tuluksak CDP, Alaska",2011,374
"8900","Tuluksak CDP, Alaska",2012,384
"8901","Tuluksak CDP, Alaska",2013,379
"8902","Tuluksak CDP, Alaska",2014,372
"8903","Tuluksak CDP, Alaska",2015,425
"8904","Tuluksak CDP, Alaska",2016,420
"8905","Tuluksak CDP, Alaska",2017,436
"8906","Tuluksak CDP, Alaska",2018,442
"8907","Tuluksak CDP, Alaska",2019,449
"8908","Tuluksak CDP, Alaska",2020,444
"8909","Tuntutuliak CDP, Alaska",1991,299
"8910","Tuntutuliak CDP, Alaska",1992,302
"8911","Tuntutuliak CDP, Alaska",1993,319
"8912","Tuntutuliak CDP, Alaska",1994,340
"8913","Tuntutuliak CDP, Alaska",1995,341
"8914","Tuntutuliak CDP, Alaska",1996,333
"8915","Tuntutuliak CDP, Alaska",1997,353
"8916","Tuntutuliak CDP, Alaska",1998,355
"8917","Tuntutuliak CDP, Alaska",1999,350
"8918","Tuntutuliak CDP, Alaska",2000,370
"8919","Tuntutuliak CDP, Alaska",2001,375
"8920","Tuntutuliak CDP, Alaska",2002,377
"8921","Tuntutuliak CDP, Alaska",2003,378
"8922","Tuntutuliak CDP, Alaska",2004,398
"8923","Tuntutuliak CDP, Alaska",2005,396
"8924","Tuntutuliak CDP, Alaska",2006,404
"8925","Tuntutuliak CDP, Alaska",2007,416
"8926","Tuntutuliak CDP, Alaska",2008,411
"8927","Tuntutuliak CDP, Alaska",2009,380
"8928","Tuntutuliak CDP, Alaska",2010,408
"8929","Tuntutuliak CDP, Alaska",2011,429
"8930","Tuntutuliak CDP, Alaska",2012,420
"8931","Tuntutuliak CDP, Alaska",2013,416
"8932","Tuntutuliak CDP, Alaska",2014,437
"8933","Tuntutuliak CDP, Alaska",2015,439
"8934","Tuntutuliak CDP, Alaska",2016,456
"8935","Tuntutuliak CDP, Alaska",2017,475
"8936","Tuntutuliak CDP, Alaska",2018,467
"8937","Tuntutuliak CDP, Alaska",2019,467
"8938","Tuntutuliak CDP, Alaska",2020,469
"8939","Tununak CDP, Alaska",1991,333
"8940","Tununak CDP, Alaska",1992,325
"8941","Tununak CDP, Alaska",1993,333
"8942","Tununak CDP, Alaska",1994,339
"8943","Tununak CDP, Alaska",1995,353
"8944","Tununak CDP, Alaska",1996,326
"8945","Tununak CDP, Alaska",1997,329
"8946","Tununak CDP, Alaska",1998,325
"8947","Tununak CDP, Alaska",1999,331
"8948","Tununak CDP, Alaska",2000,325
"8949","Tununak CDP, Alaska",2001,324
"8950","Tununak CDP, Alaska",2002,320
"8951","Tununak CDP, Alaska",2003,303
"8952","Tununak CDP, Alaska",2004,323
"8953","Tununak CDP, Alaska",2005,321
"8954","Tununak CDP, Alaska",2006,323
"8955","Tununak CDP, Alaska",2007,330
"8956","Tununak CDP, Alaska",2008,321
"8957","Tununak CDP, Alaska",2009,318
"8958","Tununak CDP, Alaska",2010,327
"8959","Tununak CDP, Alaska",2011,340
"8960","Tununak CDP, Alaska",2012,354
"8961","Tununak CDP, Alaska",2013,352
"8962","Tununak CDP, Alaska",2014,384
"8963","Tununak CDP, Alaska",2015,419
"8964","Tununak CDP, Alaska",2016,417
"8965","Tununak CDP, Alaska",2017,394
"8966","Tununak CDP, Alaska",2018,406
"8967","Tununak CDP, Alaska",2019,418
"8968","Tununak CDP, Alaska",2020,411
"8969","Twin Hills CDP, Alaska",1991,72
"8970","Twin Hills CDP, Alaska",1992,66
"8971","Twin Hills CDP, Alaska",1993,70
"8972","Twin Hills CDP, Alaska",1994,74
"8973","Twin Hills CDP, Alaska",1995,76
"8974","Twin Hills CDP, Alaska",1996,67
"8975","Twin Hills CDP, Alaska",1997,61
"8976","Twin Hills CDP, Alaska",1998,79
"8977","Twin Hills CDP, Alaska",1999,76
"8978","Twin Hills CDP, Alaska",2000,69
"8979","Twin Hills CDP, Alaska",2001,64
"8980","Twin Hills CDP, Alaska",2002,78
"8981","Twin Hills CDP, Alaska",2003,77
"8982","Twin Hills CDP, Alaska",2004,70
"8983","Twin Hills CDP, Alaska",2005,73
"8984","Twin Hills CDP, Alaska",2006,80
"8985","Twin Hills CDP, Alaska",2007,84
"8986","Twin Hills CDP, Alaska",2008,78
"8987","Twin Hills CDP, Alaska",2009,78
"8988","Twin Hills CDP, Alaska",2010,74
"8989","Twin Hills CDP, Alaska",2011,80
"8990","Twin Hills CDP, Alaska",2012,83
"8991","Twin Hills CDP, Alaska",2013,82
"8992","Twin Hills CDP, Alaska",2014,87
"8993","Twin Hills CDP, Alaska",2015,85
"8994","Twin Hills CDP, Alaska",2016,87
"8995","Twin Hills CDP, Alaska",2017,87
"8996","Twin Hills CDP, Alaska",2018,102
"8997","Twin Hills CDP, Alaska",2019,95
"8998","Twin Hills CDP, Alaska",2020,103
"8999","Two Rivers CDP, Alaska",1991,464
"9000","Two Rivers CDP, Alaska",1992,527
"9001","Two Rivers CDP, Alaska",1993,620
"9002","Two Rivers CDP, Alaska",1994,614
"9003","Two Rivers CDP, Alaska",1995,644
"9004","Two Rivers CDP, Alaska",1996,630
"9005","Two Rivers CDP, Alaska",1997,622
"9006","Two Rivers CDP, Alaska",1998,611
"9007","Two Rivers CDP, Alaska",1999,660
"9008","Two Rivers CDP, Alaska",2000,482
"9009","Two Rivers CDP, Alaska",2001,544
"9010","Two Rivers CDP, Alaska",2002,554
"9011","Two Rivers CDP, Alaska",2003,625
"9012","Two Rivers CDP, Alaska",2004,630
"9013","Two Rivers CDP, Alaska",2005,667
"9014","Two Rivers CDP, Alaska",2006,672
"9015","Two Rivers CDP, Alaska",2007,676
"9016","Two Rivers CDP, Alaska",2008,713
"9017","Two Rivers CDP, Alaska",2009,717
"9018","Two Rivers CDP, Alaska",2010,719
"9019","Two Rivers CDP, Alaska",2011,742
"9020","Two Rivers CDP, Alaska",2012,744
"9021","Two Rivers CDP, Alaska",2013,724
"9022","Two Rivers CDP, Alaska",2014,680
"9023","Two Rivers CDP, Alaska",2015,700
"9024","Two Rivers CDP, Alaska",2016,701
"9025","Two Rivers CDP, Alaska",2017,662
"9026","Two Rivers CDP, Alaska",2018,671
"9027","Two Rivers CDP, Alaska",2019,656
"9028","Two Rivers CDP, Alaska",2020,650
"9029","Tyonek CDP, Alaska",1991,150
"9030","Tyonek CDP, Alaska",1992,152
"9031","Tyonek CDP, Alaska",1993,149
"9032","Tyonek CDP, Alaska",1994,146
"9033","Tyonek CDP, Alaska",1995,150
"9034","Tyonek CDP, Alaska",1996,148
"9035","Tyonek CDP, Alaska",1997,150
"9036","Tyonek CDP, Alaska",1998,153
"9037","Tyonek CDP, Alaska",1999,160
"9038","Tyonek CDP, Alaska",2000,193
"9039","Tyonek CDP, Alaska",2001,162
"9040","Tyonek CDP, Alaska",2002,182
"9041","Tyonek CDP, Alaska",2003,195
"9042","Tyonek CDP, Alaska",2004,188
"9043","Tyonek CDP, Alaska",2005,204
"9044","Tyonek CDP, Alaska",2006,204
"9045","Tyonek CDP, Alaska",2007,184
"9046","Tyonek CDP, Alaska",2008,158
"9047","Tyonek CDP, Alaska",2009,172
"9048","Tyonek CDP, Alaska",2010,171
"9049","Tyonek CDP, Alaska",2011,184
"9050","Tyonek CDP, Alaska",2012,171
"9051","Tyonek CDP, Alaska",2013,178
"9052","Tyonek CDP, Alaska",2014,174
"9053","Tyonek CDP, Alaska",2015,175
"9054","Tyonek CDP, Alaska",2016,179
"9055","Tyonek CDP, Alaska",2017,187
"9056","Tyonek CDP, Alaska",2018,170
"9057","Tyonek CDP, Alaska",2019,146
"9058","Tyonek CDP, Alaska",2020,152
"9059","Ugashik CDP, Alaska",1991,5
"9060","Ugashik CDP, Alaska",1992,5
"9061","Ugashik CDP, Alaska",1993,5
"9062","Ugashik CDP, Alaska",1994,5
"9063","Ugashik CDP, Alaska",1995,5
"9064","Ugashik CDP, Alaska",1996,5
"9065","Ugashik CDP, Alaska",1997,5
"9066","Ugashik CDP, Alaska",1998,2
"9067","Ugashik CDP, Alaska",1999,8
"9068","Ugashik CDP, Alaska",2000,11
"9069","Ugashik CDP, Alaska",2001,12
"9070","Ugashik CDP, Alaska",2002,12
"9071","Ugashik CDP, Alaska",2003,12
"9072","Ugashik CDP, Alaska",2004,12
"9073","Ugashik CDP, Alaska",2005,16
"9074","Ugashik CDP, Alaska",2006,18
"9075","Ugashik CDP, Alaska",2007,14
"9076","Ugashik CDP, Alaska",2008,16
"9077","Ugashik CDP, Alaska",2009,16
"9078","Ugashik CDP, Alaska",2010,12
"9079","Ugashik CDP, Alaska",2011,13
"9080","Ugashik CDP, Alaska",2012,13
"9081","Ugashik CDP, Alaska",2013,13
"9082","Ugashik CDP, Alaska",2014,15
"9083","Ugashik CDP, Alaska",2015,7
"9084","Ugashik CDP, Alaska",2016,8
"9085","Ugashik CDP, Alaska",2017,6
"9086","Ugashik CDP, Alaska",2018,4
"9087","Ugashik CDP, Alaska",2019,4
"9088","Ugashik CDP, Alaska",2020,4
"9089","Unalakleet city, Alaska",1991,727
"9090","Unalakleet city, Alaska",1992,748
"9091","Unalakleet city, Alaska",1993,747
"9092","Unalakleet city, Alaska",1994,769
"9093","Unalakleet city, Alaska",1995,753
"9094","Unalakleet city, Alaska",1996,796
"9095","Unalakleet city, Alaska",1997,800
"9096","Unalakleet city, Alaska",1998,783
"9097","Unalakleet city, Alaska",1999,805
"9098","Unalakleet city, Alaska",2000,747
"9099","Unalakleet city, Alaska",2001,732
"9100","Unalakleet city, Alaska",2002,717
"9101","Unalakleet city, Alaska",2003,724
"9102","Unalakleet city, Alaska",2004,711
"9103","Unalakleet city, Alaska",2005,690
"9104","Unalakleet city, Alaska",2006,700
"9105","Unalakleet city, Alaska",2007,690
"9106","Unalakleet city, Alaska",2008,684
"9107","Unalakleet city, Alaska",2009,685
"9108","Unalakleet city, Alaska",2010,688
"9109","Unalakleet city, Alaska",2011,687
"9110","Unalakleet city, Alaska",2012,700
"9111","Unalakleet city, Alaska",2013,700
"9112","Unalakleet city, Alaska",2014,744
"9113","Unalakleet city, Alaska",2015,782
"9114","Unalakleet city, Alaska",2016,799
"9115","Unalakleet city, Alaska",2017,794
"9116","Unalakleet city, Alaska",2018,771
"9117","Unalakleet city, Alaska",2019,783
"9118","Unalakleet city, Alaska",2020,765
"9119","Unalaska city, Alaska",1991,3365
"9120","Unalaska city, Alaska",1992,3686
"9121","Unalaska city, Alaska",1993,3835
"9122","Unalaska city, Alaska",1994,3939
"9123","Unalaska city, Alaska",1995,3939
"9124","Unalaska city, Alaska",1996,4089
"9125","Unalaska city, Alaska",1997,4225
"9126","Unalaska city, Alaska",1998,4270
"9127","Unalaska city, Alaska",1999,4178
"9128","Unalaska city, Alaska",2000,4283
"9129","Unalaska city, Alaska",2001,4310
"9130","Unalaska city, Alaska",2002,4144
"9131","Unalaska city, Alaska",2003,4528
"9132","Unalaska city, Alaska",2004,4552
"9133","Unalaska city, Alaska",2005,4544
"9134","Unalaska city, Alaska",2006,4310
"9135","Unalaska city, Alaska",2007,3949
"9136","Unalaska city, Alaska",2008,3889
"9137","Unalaska city, Alaska",2009,4092
"9138","Unalaska city, Alaska",2010,4376
"9139","Unalaska city, Alaska",2011,4591
"9140","Unalaska city, Alaska",2012,4768
"9141","Unalaska city, Alaska",2013,4735
"9142","Unalaska city, Alaska",2014,4689
"9143","Upper Kalskag city, Alaska",1991,197
"9144","Upper Kalskag city, Alaska",1992,203
"9145","Upper Kalskag city, Alaska",1993,205
"9146","Upper Kalskag city, Alaska",1994,200
"9147","Upper Kalskag city, Alaska",1995,185
"9148","Upper Kalskag city, Alaska",1996,197
"9149","Upper Kalskag city, Alaska",1997,201
"9150","Upper Kalskag city, Alaska",1998,263
"9151","Upper Kalskag city, Alaska",1999,261
"9152","Upper Kalskag city, Alaska",2000,230
"9153","Upper Kalskag city, Alaska",2001,248
"9154","Upper Kalskag city, Alaska",2002,238
"9155","Upper Kalskag city, Alaska",2003,220
"9156","Upper Kalskag city, Alaska",2004,249
"9157","Upper Kalskag city, Alaska",2005,256
"9158","Upper Kalskag city, Alaska",2006,247
"9159","Upper Kalskag city, Alaska",2007,219
"9160","Upper Kalskag city, Alaska",2008,209
"9161","Upper Kalskag city, Alaska",2009,196
"9162","Upper Kalskag city, Alaska",2010,210
"9163","Upper Kalskag city, Alaska",2011,211
"9164","Upper Kalskag city, Alaska",2012,214
"9165","Upper Kalskag city, Alaska",2013,221
"9166","Upper Kalskag city, Alaska",2014,231
"9167","Upper Kalskag city, Alaska",2015,238
"9168","Upper Kalskag city, Alaska",2016,236
"9169","Upper Kalskag city, Alaska",2017,244
"9170","Upper Kalskag city, Alaska",2018,230
"9171","Upper Kalskag city, Alaska",2019,233
"9172","Upper Kalskag city, Alaska",2020,212
"9173","Valdez city, Alaska",1991,3996
"9174","Valdez city, Alaska",1992,4108
"9175","Valdez city, Alaska",1993,4253
"9176","Valdez city, Alaska",1994,4269
"9177","Valdez city, Alaska",1995,4305
"9178","Valdez city, Alaska",1996,4194
"9179","Valdez city, Alaska",1997,4138
"9180","Valdez city, Alaska",1998,4123
"9181","Valdez city, Alaska",1999,4164
"9182","Valdez city, Alaska",2000,4036
"9183","Valdez city, Alaska",2001,3995
"9184","Valdez city, Alaska",2002,4161
"9185","Valdez city, Alaska",2003,4126
"9186","Valdez city, Alaska",2004,3980
"9187","Valdez city, Alaska",2005,4028
"9188","Valdez city, Alaska",2006,3958
"9189","Valdez city, Alaska",2007,3892
"9190","Valdez city, Alaska",2008,3941
"9191","Valdez city, Alaska",2009,3819
"9192","Valdez city, Alaska",2010,3976
"9193","Valdez city, Alaska",2011,4043
"9194","Valdez city, Alaska",2012,4144
"9195","Valdez city, Alaska",2013,4097
"9196","Valdez city, Alaska",2014,4032
"9197","Venetie CDP, Alaska",1991,204
"9198","Venetie CDP, Alaska",1992,219
"9199","Venetie CDP, Alaska",1993,240
"9200","Venetie CDP, Alaska",1994,228
"9201","Venetie CDP, Alaska",1995,216
"9202","Venetie CDP, Alaska",1996,216
"9203","Venetie CDP, Alaska",1997,244
"9204","Venetie CDP, Alaska",1998,242
"9205","Venetie CDP, Alaska",1999,232
"9206","Venetie CDP, Alaska",2000,202
"9207","Venetie CDP, Alaska",2001,191
"9208","Venetie CDP, Alaska",2002,188
"9209","Venetie CDP, Alaska",2003,184
"9210","Venetie CDP, Alaska",2004,176
"9211","Venetie CDP, Alaska",2005,170
"9212","Venetie CDP, Alaska",2006,169
"9213","Venetie CDP, Alaska",2007,161
"9214","Venetie CDP, Alaska",2008,154
"9215","Venetie CDP, Alaska",2009,159
"9216","Venetie CDP, Alaska",2010,166
"9217","Venetie CDP, Alaska",2011,187
"9218","Venetie CDP, Alaska",2012,181
"9219","Venetie CDP, Alaska",2013,197
"9220","Venetie CDP, Alaska",2014,186
"9221","Venetie CDP, Alaska",2015,217
"9222","Venetie CDP, Alaska",2016,225
"9223","Venetie CDP, Alaska",2017,219
"9224","Venetie CDP, Alaska",2018,215
"9225","Venetie CDP, Alaska",2019,207
"9226","Venetie CDP, Alaska",2020,205
"9227","Wainwright city, Alaska",1991,496
"9228","Wainwright city, Alaska",1992,532
"9229","Wainwright city, Alaska",1993,538
"9230","Wainwright city, Alaska",1994,538
"9231","Wainwright city, Alaska",1995,534
"9232","Wainwright city, Alaska",1996,559
"9233","Wainwright city, Alaska",1997,552
"9234","Wainwright city, Alaska",1998,538
"9235","Wainwright city, Alaska",1999,545
"9236","Wainwright city, Alaska",2000,546
"9237","Wainwright city, Alaska",2001,560
"9238","Wainwright city, Alaska",2002,532
"9239","Wainwright city, Alaska",2003,546
"9240","Wainwright city, Alaska",2004,526
"9241","Wainwright city, Alaska",2005,511
"9242","Wainwright city, Alaska",2006,506
"9243","Wainwright city, Alaska",2007,525
"9244","Wainwright city, Alaska",2008,519
"9245","Wainwright city, Alaska",2009,536
"9246","Wainwright city, Alaska",2010,556
"9247","Wainwright city, Alaska",2011,571
"9248","Wainwright city, Alaska",2012,565
"9249","Wainwright city, Alaska",2013,542
"9250","Wainwright city, Alaska",2014,553
"9251","Wainwright city, Alaska",2015,605
"9252","Wainwright city, Alaska",2016,593
"9253","Wainwright city, Alaska",2017,644
"9254","Wainwright city, Alaska",2018,643
"9255","Wainwright city, Alaska",2019,658
"9256","Wainwright city, Alaska",2020,628
"9257","Wales city, Alaska",1991,158
"9258","Wales city, Alaska",1992,153
"9259","Wales city, Alaska",1993,157
"9260","Wales city, Alaska",1994,163
"9261","Wales city, Alaska",1995,174
"9262","Wales city, Alaska",1996,165
"9263","Wales city, Alaska",1997,163
"9264","Wales city, Alaska",1998,174
"9265","Wales city, Alaska",1999,170
"9266","Wales city, Alaska",2000,152
"9267","Wales city, Alaska",2001,159
"9268","Wales city, Alaska",2002,160
"9269","Wales city, Alaska",2003,160
"9270","Wales city, Alaska",2004,154
"9271","Wales city, Alaska",2005,154
"9272","Wales city, Alaska",2006,142
"9273","Wales city, Alaska",2007,138
"9274","Wales city, Alaska",2008,143
"9275","Wales city, Alaska",2009,153
"9276","Wales city, Alaska",2010,145
"9277","Wales city, Alaska",2011,155
"9278","Wales city, Alaska",2012,152
"9279","Wales city, Alaska",2013,150
"9280","Wales city, Alaska",2014,146
"9281","Wales city, Alaska",2015,171
"9282","Wales city, Alaska",2016,168
"9283","Wales city, Alaska",2017,179
"9284","Wales city, Alaska",2018,165
"9285","Wales city, Alaska",2019,150
"9286","Wales city, Alaska",2020,168
"9287","Wasilla city, Alaska",1991,4148
"9288","Wasilla city, Alaska",1992,4264
"9289","Wasilla city, Alaska",1993,4314
"9290","Wasilla city, Alaska",1994,4471
"9291","Wasilla city, Alaska",1995,4577
"9292","Wasilla city, Alaska",1996,4685
"9293","Wasilla city, Alaska",1997,4872
"9294","Wasilla city, Alaska",1998,5103
"9295","Wasilla city, Alaska",1999,5213
"9296","Wasilla city, Alaska",2000,5504
"9297","Wasilla city, Alaska",2001,5579
"9298","Wasilla city, Alaska",2002,6038
"9299","Wasilla city, Alaska",2003,6499
"9300","Wasilla city, Alaska",2004,6285
"9301","Wasilla city, Alaska",2005,6539
"9302","Wasilla city, Alaska",2006,6679
"9303","Wasilla city, Alaska",2007,7157
"9304","Wasilla city, Alaska",2008,7179
"9305","Wasilla city, Alaska",2009,7552
"9306","Wasilla city, Alaska",2010,7831
"9307","Wasilla city, Alaska",2011,8049
"9308","Wasilla city, Alaska",2012,8207
"9309","Wasilla city, Alaska",2013,8355
"9310","Wasilla city, Alaska",2014,8275
"9311","Whale Pass CDP, Alaska",1991,91
"9312","Whale Pass CDP, Alaska",1992,92
"9313","Whale Pass CDP, Alaska",1993,96
"9314","Whale Pass CDP, Alaska",1994,103
"9315","Whale Pass CDP, Alaska",1995,88
"9316","Whale Pass CDP, Alaska",1996,79
"9317","Whale Pass CDP, Alaska",1997,80
"9318","Whale Pass CDP, Alaska",1998,92
"9319","Whale Pass CDP, Alaska",1999,62
"9320","Whale Pass CDP, Alaska",2000,58
"9321","Whale Pass CDP, Alaska",2001,49
"9322","Whale Pass CDP, Alaska",2002,56
"9323","Whale Pass CDP, Alaska",2003,56
"9324","Whale Pass CDP, Alaska",2004,65
"9325","Whale Pass CDP, Alaska",2005,58
"9326","Whale Pass CDP, Alaska",2006,44
"9327","Whale Pass CDP, Alaska",2007,39
"9328","Whale Pass CDP, Alaska",2008,31
"9329","Whale Pass CDP, Alaska",2009,37
"9330","Whale Pass CDP, Alaska",2010,31
"9331","Whale Pass CDP, Alaska",2011,32
"9332","Whale Pass CDP, Alaska",2012,39
"9333","Whale Pass CDP, Alaska",2013,39
"9334","Whale Pass CDP, Alaska",2014,39
"9335","Whale Pass CDP, Alaska",2015,59
"9336","Whale Pass CDP, Alaska",2016,59
"9337","Whale Pass CDP, Alaska",2017,62
"9338","Whale Pass CDP, Alaska",2018,86
"9339","Whale Pass CDP, Alaska",2019,91
"9340","Whale Pass CDP, Alaska",2020,86
"9341","White Mountain city, Alaska",1991,180
"9342","White Mountain city, Alaska",1992,176
"9343","White Mountain city, Alaska",1993,178
"9344","White Mountain city, Alaska",1994,201
"9345","White Mountain city, Alaska",1995,205
"9346","White Mountain city, Alaska",1996,212
"9347","White Mountain city, Alaska",1997,193
"9348","White Mountain city, Alaska",1998,190
"9349","White Mountain city, Alaska",1999,197
"9350","White Mountain city, Alaska",2000,203
"9351","White Mountain city, Alaska",2001,204
"9352","White Mountain city, Alaska",2002,212
"9353","White Mountain city, Alaska",2003,216
"9354","White Mountain city, Alaska",2004,216
"9355","White Mountain city, Alaska",2005,228
"9356","White Mountain city, Alaska",2006,229
"9357","White Mountain city, Alaska",2007,219
"9358","White Mountain city, Alaska",2008,196
"9359","White Mountain city, Alaska",2009,209
"9360","White Mountain city, Alaska",2010,190
"9361","White Mountain city, Alaska",2011,199
"9362","White Mountain city, Alaska",2012,188
"9363","White Mountain city, Alaska",2013,197
"9364","White Mountain city, Alaska",2014,203
"9365","White Mountain city, Alaska",2015,187
"9366","White Mountain city, Alaska",2016,209
"9367","White Mountain city, Alaska",2017,212
"9368","White Mountain city, Alaska",2018,193
"9369","White Mountain city, Alaska",2019,201
"9370","White Mountain city, Alaska",2020,185
"9371","Whitestone CDP, Alaska",2010,97
"9372","Whitestone CDP, Alaska",2011,98
"9373","Whitestone CDP, Alaska",2012,99
"9374","Whitestone CDP, Alaska",2013,99
"9375","Whitestone CDP, Alaska",2014,99
"9376","Whitestone CDP, Alaska",2015,68
"9377","Whitestone CDP, Alaska",2016,63
"9378","Whitestone CDP, Alaska",2017,58
"9379","Whitestone CDP, Alaska",2018,54
"9380","Whitestone CDP, Alaska",2019,50
"9381","Whitestone CDP, Alaska",2020,71
"9382","Whitestone Logging Camp CDP, Alaska",1991,153
"9383","Whitestone Logging Camp CDP, Alaska",1992,175
"9384","Whitestone Logging Camp CDP, Alaska",1993,209
"9385","Whitestone Logging Camp CDP, Alaska",1994,204
"9386","Whitestone Logging Camp CDP, Alaska",1995,184
"9387","Whitestone Logging Camp CDP, Alaska",1996,205
"9388","Whitestone Logging Camp CDP, Alaska",1997,165
"9389","Whitestone Logging Camp CDP, Alaska",1998,152
"9390","Whitestone Logging Camp CDP, Alaska",1999,118
"9391","Whitestone Logging Camp CDP, Alaska",2000,116
"9392","Whitestone Logging Camp CDP, Alaska",2001,112
"9393","Whitestone Logging Camp CDP, Alaska",2002,82
"9394","Whitestone Logging Camp CDP, Alaska",2003,68
"9395","Whitestone Logging Camp CDP, Alaska",2004,8
"9396","Whitestone Logging Camp CDP, Alaska",2005,8
"9397","Whitestone Logging Camp CDP, Alaska",2006,8
"9398","Whitestone Logging Camp CDP, Alaska",2007,9
"9399","Whitestone Logging Camp CDP, Alaska",2008,13
"9400","Whitestone Logging Camp CDP, Alaska",2009,10
"9401","Whitestone Logging Camp CDP, Alaska",2010,17
"9402","Whitestone Logging Camp CDP, Alaska",2011,0
"9403","Whitestone Logging Camp CDP, Alaska",2012,0
"9404","Whitestone Logging Camp CDP, Alaska",2013,0
"9405","Whitestone Logging Camp CDP, Alaska",2014,0
"9406","Whitestone Logging Camp CDP, Alaska",2015,0
"9407","Whitestone Logging Camp CDP, Alaska",2016,0
"9408","Whitestone Logging Camp CDP, Alaska",2017,0
"9409","Whitestone Logging Camp CDP, Alaska",2018,1
"9410","Whitestone Logging Camp CDP, Alaska",2019,1
"9411","Whitestone Logging Camp CDP, Alaska",2020,2
"9412","Whittier city, Alaska",1991,288
"9413","Whittier city, Alaska",1992,303
"9414","Whittier city, Alaska",1993,272
"9415","Whittier city, Alaska",1994,277
"9416","Whittier city, Alaska",1995,274
"9417","Whittier city, Alaska",1996,293
"9418","Whittier city, Alaska",1997,290
"9419","Whittier city, Alaska",1998,298
"9420","Whittier city, Alaska",1999,280
"9421","Whittier city, Alaska",2000,182
"9422","Whittier city, Alaska",2001,183
"9423","Whittier city, Alaska",2002,179
"9424","Whittier city, Alaska",2003,197
"9425","Whittier city, Alaska",2004,204
"9426","Whittier city, Alaska",2005,229
"9427","Whittier city, Alaska",2006,236
"9428","Whittier city, Alaska",2007,224
"9429","Whittier city, Alaska",2008,211
"9430","Whittier city, Alaska",2009,218
"9431","Whittier city, Alaska",2010,220
"9432","Whittier city, Alaska",2011,226
"9433","Whittier city, Alaska",2012,227
"9434","Whittier city, Alaska",2013,229
"9435","Whittier city, Alaska",2014,234
"9436","Whittier city, Alaska",2015,242
"9437","Whittier city, Alaska",2016,237
"9438","Whittier city, Alaska",2017,231
"9439","Whittier city, Alaska",2018,227
"9440","Whittier city, Alaska",2019,259
"9441","Whittier city, Alaska",2020,272
"9442","Willow CDP, Alaska",1991,294
"9443","Willow CDP, Alaska",1992,319
"9444","Willow CDP, Alaska",1993,325
"9445","Willow CDP, Alaska",1994,340
"9446","Willow CDP, Alaska",1995,368
"9447","Willow CDP, Alaska",1996,395
"9448","Willow CDP, Alaska",1997,403
"9449","Willow CDP, Alaska",1998,424
"9450","Willow CDP, Alaska",1999,507
"9451","Willow CDP, Alaska",2000,1657
"9452","Willow CDP, Alaska",2001,1656
"9453","Willow CDP, Alaska",2002,1700
"9454","Willow CDP, Alaska",2003,1785
"9455","Willow CDP, Alaska",2004,1824
"9456","Willow CDP, Alaska",2005,1849
"9457","Willow CDP, Alaska",2006,1903
"9458","Willow CDP, Alaska",2007,1973
"9459","Willow CDP, Alaska",2008,2046
"9460","Willow CDP, Alaska",2009,2121
"9461","Willow CDP, Alaska",2010,2102
"9462","Willow CDP, Alaska",2011,2122
"9463","Willow CDP, Alaska",2012,2155
"9464","Willow CDP, Alaska",2013,2116
"9465","Willow CDP, Alaska",2014,2043
"9466","Willow Creek CDP, Alaska",2000,201
"9467","Willow Creek CDP, Alaska",2001,219
"9468","Willow Creek CDP, Alaska",2002,204
"9469","Willow Creek CDP, Alaska",2003,194
"9470","Willow Creek CDP, Alaska",2004,205
"9471","Willow Creek CDP, Alaska",2005,208
"9472","Willow Creek CDP, Alaska",2006,220
"9473","Willow Creek CDP, Alaska",2007,187
"9474","Willow Creek CDP, Alaska",2008,176
"9475","Willow Creek CDP, Alaska",2009,186
"9476","Willow Creek CDP, Alaska",2010,191
"9477","Willow Creek CDP, Alaska",2011,199
"9478","Willow Creek CDP, Alaska",2012,204
"9479","Willow Creek CDP, Alaska",2013,181
"9480","Willow Creek CDP, Alaska",2014,186
"9481","Willow Creek CDP, Alaska",2015,174
"9482","Willow Creek CDP, Alaska",2016,171
"9483","Willow Creek CDP, Alaska",2017,162
"9484","Willow Creek CDP, Alaska",2018,165
"9485","Willow Creek CDP, Alaska",2019,181
"9486","Willow Creek CDP, Alaska",2020,190
"9487","Wiseman CDP, Alaska",2000,21
"9488","Wiseman CDP, Alaska",2001,25
"9489","Wiseman CDP, Alaska",2002,24
"9490","Wiseman CDP, Alaska",2003,26
"9491","Wiseman CDP, Alaska",2004,25
"9492","Wiseman CDP, Alaska",2005,16
"9493","Wiseman CDP, Alaska",2006,20
"9494","Wiseman CDP, Alaska",2007,15
"9495","Wiseman CDP, Alaska",2008,14
"9496","Wiseman CDP, Alaska",2009,14
"9497","Wiseman CDP, Alaska",2010,14
"9498","Wiseman CDP, Alaska",2011,13
"9499","Wiseman CDP, Alaska",2012,14
"9500","Wiseman CDP, Alaska",2013,15
"9501","Wiseman CDP, Alaska",2014,16
"9502","Wiseman CDP, Alaska",2015,8
"9503","Wiseman CDP, Alaska",2016,7
"9504","Wiseman CDP, Alaska",2017,7
"9505","Wiseman CDP, Alaska",2018,5
"9506","Wiseman CDP, Alaska",2019,5
"9507","Wiseman CDP, Alaska",2020,5
"9508","Womens Bay CDP, Alaska",1991,645
"9509","Womens Bay CDP, Alaska",1992,696
"9510","Womens Bay CDP, Alaska",1993,700
"9511","Womens Bay CDP, Alaska",1994,708
"9512","Womens Bay CDP, Alaska",1995,695
"9513","Womens Bay CDP, Alaska",1996,669
"9514","Womens Bay CDP, Alaska",1997,661
"9515","Womens Bay CDP, Alaska",1998,667
"9516","Womens Bay CDP, Alaska",1999,675
"9517","Womens Bay CDP, Alaska",2000,690
"9518","Womens Bay CDP, Alaska",2001,677
"9519","Womens Bay CDP, Alaska",2002,674
"9520","Womens Bay CDP, Alaska",2003,667
"9521","Womens Bay CDP, Alaska",2004,670
"9522","Womens Bay CDP, Alaska",2005,680
"9523","Womens Bay CDP, Alaska",2006,728
"9524","Womens Bay CDP, Alaska",2007,713
"9525","Womens Bay CDP, Alaska",2008,748
"9526","Womens Bay CDP, Alaska",2009,701
"9527","Womens Bay CDP, Alaska",2010,719
"9528","Womens Bay CDP, Alaska",2011,727
"9529","Womens Bay CDP, Alaska",2012,763
"9530","Womens Bay CDP, Alaska",2013,783
"9531","Womens Bay CDP, Alaska",2014,783
"9532","Womens Bay CDP, Alaska",2015,765
"9533","Womens Bay CDP, Alaska",2016,759
"9534","Womens Bay CDP, Alaska",2017,772
"9535","Womens Bay CDP, Alaska",2018,775
"9536","Womens Bay CDP, Alaska",2019,761
"9537","Womens Bay CDP, Alaska",2020,743
"9538","Wrangell city and borough, Alaska",1991,2590
"9539","Wrangell city and borough, Alaska",1992,2716
"9540","Wrangell city and borough, Alaska",1993,2691
"9541","Wrangell city and borough, Alaska",1994,2754
"9542","Wrangell city and borough, Alaska",1995,2698
"9543","Wrangell city and borough, Alaska",1996,2618
"9544","Wrangell city and borough, Alaska",1997,2541
"9545","Wrangell city and borough, Alaska",1998,2560
"9546","Wrangell city and borough, Alaska",1999,2549
"9547","Wrangell city and borough, Alaska",2000,2448
"9548","Wrangell city and borough, Alaska",2001,2384
"9549","Wrangell city and borough, Alaska",2002,2369
"9550","Wrangell city and borough, Alaska",2003,2349
"9551","Wrangell city and borough, Alaska",2004,2281
"9552","Wrangell city and borough, Alaska",2005,2258
"9553","Wrangell city and borough, Alaska",2006,2232
"9554","Wrangell city and borough, Alaska",2007,2316
"9555","Wrangell city and borough, Alaska",2008,2362
"9556","Wrangell city and borough, Alaska",2009,2352
"9557","Wrangell city and borough, Alaska",2010,2369
"9558","Wrangell city and borough, Alaska",2011,2411
"9559","Wrangell city and borough, Alaska",2012,2448
"9560","Wrangell city and borough, Alaska",2013,2453
"9561","Wrangell city and borough, Alaska",2014,2406
"9562","Yakutat CDP, Alaska",1991,722
"9563","Yakutat CDP, Alaska",1992,680
"9564","Yakutat CDP, Alaska",1993,707
"9565","Yakutat CDP, Alaska",1994,727
"9566","Yakutat CDP, Alaska",1995,770
"9567","Yakutat CDP, Alaska",1996,799
"9568","Yakutat CDP, Alaska",1997,822
"9569","Yakutat CDP, Alaska",1998,775
"9570","Yakutat CDP, Alaska",1999,729
"9571","Yakutat CDP, Alaska",2000,680
"9572","Yakutat CDP, Alaska",2001,657
"9573","Yakutat CDP, Alaska",2002,693
"9574","Yakutat CDP, Alaska",2003,674
"9575","Yakutat CDP, Alaska",2004,672
"9576","Yakutat CDP, Alaska",2005,706
"9577","Yakutat CDP, Alaska",2006,710
"9578","Yakutat CDP, Alaska",2007,675
"9579","Yakutat CDP, Alaska",2008,684
"9580","Yakutat CDP, Alaska",2009,742
"9581","Yakutat CDP, Alaska",2010,662
"9582","Yakutat CDP, Alaska",2011,647
"9583","Yakutat CDP, Alaska",2012,622
"9584","Yakutat CDP, Alaska",2013,622
"9585","Yakutat CDP, Alaska",2014,631
"9586","Yakutat CDP, Alaska",2015,642
"9587","Yakutat CDP, Alaska",2016,635
"9588","Yakutat CDP, Alaska",2017,591
"9589","Yakutat CDP, Alaska",2018,572
"9590","Yakutat CDP, Alaska",2019,599
"9591","Yakutat CDP, Alaska",2020,657
"9592",NA,2015,163
"9593",NA,2016,170
"9594",NA,2017,162
"9595",NA,2018,169
"9596",NA,2019,160
"9597",NA,2020,163
"9598",NA,2015,178
"9599",NA,2016,179
"9600",NA,2017,179
"9601",NA,2018,179
"9602",NA,2019,180
"9603",NA,2020,232
"9604",NA,2015,190
"9605",NA,2016,199
"9606",NA,2017,199
"9607",NA,2018,222
"9608",NA,2019,210
"9609",NA,2020,217
